id,timestamp,source,ticker,headline,body,gt_sentiment,gt_event,gt_impact
N00000,2026-07-06 06:12:00,Capital Ledger,CVX,"Chevron misses earnings expectations as margins shrink, sending shares lower","Chevron misses earnings expectations as margins shrink, sending shares lower. Analysts flagged downside risks and trimmed their estimates.",-0.692,Earnings,6
N00001,2026-07-06 08:50:00,MarketDesk Wire,GOOGL,Alphabet misses earnings expectations as margins shrink in what analysts call a major shock,"Alphabet misses earnings expectations as margins shrink in what analysts call a major shock. Investors reacted cautiously, citing uncertainty over near-term outlook.",-0.798,Earnings,8
N00002,2026-07-06 09:53:00,FinTimes Daily,WMT,"Walmart loses court ruling, appeal expected, sending shares lower","Walmart loses court ruling, appeal expected, sending shares lower. Investors reacted cautiously, citing uncertainty over near-term outlook.",-0.675,Regulatory/Legal,6
N00003,2026-07-06 10:22:00,FinTimes Daily,GS,"Goldman Sachs bond spreads widen on liquidity concerns, sending shares lower","Goldman Sachs bond spreads widen on liquidity concerns, sending shares lower. Investors reacted cautiously, citing uncertainty over near-term outlook.",-0.637,Credit Event,6
N00004,2026-07-06 10:25:00,FinTimes Daily,XOM,Exxon Mobil faces new government investigation into its practices,Exxon Mobil faces new government investigation into its practices. Analysts flagged downside risks and trimmed their estimates.,-0.574,Regulatory/Legal,6
N00005,2026-07-06 10:41:00,Global Markets Brief,AMZN,Amazon launches delivery service to strong reviews in a landmark result,Amazon launches delivery service to strong reviews in a landmark result. Traders cited improving fundamentals and strong momentum.,0.631,Product Launch,6
N00006,2026-07-06 11:10:00,MarketDesk Wire,BAC,"Bank of America beats quarterly earnings estimates as revenue climbs 2.4%, lifting shares","Bank of America beats quarterly earnings estimates as revenue climbs 2.4%, lifting shares. Investors responded positively, with analysts raising price targets.",0.614,Earnings,7
N00007,2026-07-06 11:15:00,Global Markets Brief,PFE,Pfizer raises full-year guidance after a strong quarter in a landmark result,Pfizer raises full-year guidance after a strong quarter in a landmark result. Traders cited improving fundamentals and strong momentum.,0.711,Earnings,7
N00008,2026-07-06 11:40:00,Global Markets Brief,WMT,Walmart announces date for its next delivery service event,Walmart announces date for its next delivery service event. The development was largely expected by market participants.,0.042,Product Launch,1
N00009,2026-07-06 13:39:00,Global Markets Brief,GS,Goldman Sachs to acquire a rival in a $39bn deal expected to boost margins in a landmark result,"Goldman Sachs to acquire a rival in a $39bn deal expected to boost margins in a landmark result. Investors responded positively, with analysts raising price targets.",0.79,Merger/Acquisition,9
N00010,2026-07-06 14:47:00,MarketDesk Wire,AMZN,"Amazon raises full-year guidance after a strong quarter, sparking a strong rally","Amazon raises full-year guidance after a strong quarter, sparking a strong rally. Investors responded positively, with analysts raising price targets.",0.817,Earnings,8
N00011,2026-07-06 15:27:00,Capital Ledger,AAPL,"Apple loses court ruling, appeal expected in what analysts call a major shock","Apple loses court ruling, appeal expected in what analysts call a major shock. Investors reacted cautiously, citing uncertainty over near-term outlook.",-0.749,Regulatory/Legal,7
N00012,2026-07-06 16:52:00,Global Markets Brief,AAPL,Apple launches software suite to strong reviews in a landmark result,Apple launches software suite to strong reviews in a landmark result. Traders cited improving fundamentals and strong momentum.,0.637,Product Launch,6
N00013,2026-07-06 16:59:00,Global Markets Brief,GS,Goldman Sachs launches digital banking app to strong reviews,"Goldman Sachs launches digital banking app to strong reviews. Investors responded positively, with analysts raising price targets.",0.426,Product Launch,3
N00014,2026-07-06 18:20:00,Global Markets Brief,AAPL,Regulators open consultation on rules affecting the Technology sector,Regulators open consultation on rules affecting the Technology sector. The development was largely expected by market participants.,-0.032,Regulatory/Legal,1
N00015,2026-07-06 18:41:00,Capital Ledger,,"Inflation cools to 3.5%, raising hopes of rate cuts, lifting shares","Inflation cools to 3.5%, raising hopes of rate cuts, lifting shares. Investors responded positively, with analysts raising price targets.",0.616,Macroeconomic,6
N00016,2026-07-06 18:58:00,FinTimes Daily,,"Inflation cools to 8.9%, raising hopes of rate cuts, lifting shares","Inflation cools to 8.9%, raising hopes of rate cuts, lifting shares. Investors responded positively, with analysts raising price targets.",0.675,Macroeconomic,6
N00017,2026-07-06 19:05:00,FinTimes Daily,PFE,Pfizer wins regulatory approval for its oncology drug,"Pfizer wins regulatory approval for its oncology drug. Investors responded positively, with analysts raising price targets.",0.501,Regulatory/Legal,4
N00018,2026-07-07 06:28:00,FinTimes Daily,GS,"Goldman Sachs refinances debt at lower rates and extends maturities, sparking a strong rally","Goldman Sachs refinances debt at lower rates and extends maturities, sparking a strong rally. Traders cited improving fundamentals and strong momentum.",0.564,Credit Event,5
N00019,2026-07-07 06:30:00,Global Markets Brief,BAC,Bank of America launches wealth platform to strong reviews in a landmark result,"Bank of America launches wealth platform to strong reviews in a landmark result. Investors responded positively, with analysts raising price targets.",0.563,Product Launch,7
N00020,2026-07-07 07:02:00,FinTimes Daily,KO,Coca-Cola refinances debt at lower rates and extends maturities,"Coca-Cola refinances debt at lower rates and extends maturities. Investors responded positively, with analysts raising price targets.",0.418,Credit Event,4
N00021,2026-07-07 07:22:00,Global Markets Brief,META,"Meta Platforms settles lawsuit on favourable terms, sparking a strong rally","Meta Platforms settles lawsuit on favourable terms, sparking a strong rally. Traders cited improving fundamentals and strong momentum.",0.614,Regulatory/Legal,5
N00022,2026-07-07 07:54:00,Global Markets Brief,WMT,"Walmart loses court ruling, appeal expected","Walmart loses court ruling, appeal expected. Analysts flagged downside risks and trimmed their estimates.",-0.515,Regulatory/Legal,4
N00023,2026-07-07 08:05:00,Capital Ledger,WMT,Walmart to acquire a rival in a $13bn deal expected to boost margins in a landmark result,Walmart to acquire a rival in a $13bn deal expected to boost margins in a landmark result. Traders cited improving fundamentals and strong momentum.,0.798,Merger/Acquisition,7
N00024,2026-07-07 09:11:00,Capital Ledger,,World leaders meet in the Middle East for talks,World leaders meet in the Middle East for talks. The development was largely expected by market participants.,-0.035,Geopolitical,2
N00025,2026-07-07 09:48:00,FinTimes Daily,AMZN,Amazon raises full-year guidance after a strong quarter,Amazon raises full-year guidance after a strong quarter. Traders cited improving fundamentals and strong momentum.,0.628,Earnings,5
N00026,2026-07-07 09:50:00,MarketDesk Wire,META,"Meta Platforms loses court ruling, appeal expected, sending shares lower","Meta Platforms loses court ruling, appeal expected, sending shares lower. Investors reacted cautiously, citing uncertainty over near-term outlook.",-0.774,Regulatory/Legal,7
N00027,2026-07-07 09:55:00,Global Markets Brief,,Central bank signals higher rates for longer,Central bank signals higher rates for longer. Analysts flagged downside risks and trimmed their estimates.,-0.691,Macroeconomic,7
N00028,2026-07-07 10:07:00,FinTimes Daily,,"Inflation surprises to the upside at 13.9%, rate hike fears grow","Inflation surprises to the upside at 13.9%, rate hike fears grow. Analysts flagged downside risks and trimmed their estimates.",-0.892,Macroeconomic,8
N00029,2026-07-07 10:31:00,MarketDesk Wire,CVX,Chevron settles lawsuit on favourable terms,Chevron settles lawsuit on favourable terms. Traders cited improving fundamentals and strong momentum.,0.41,Regulatory/Legal,2
N00030,2026-07-07 11:09:00,Global Markets Brief,KO,"Coca-Cola wins regulatory approval for its private-label line, sparking a strong rally","Coca-Cola wins regulatory approval for its private-label line, sparking a strong rally. Investors responded positively, with analysts raising price targets.",0.635,Regulatory/Legal,6
N00031,2026-07-07 11:11:00,FinTimes Daily,CVX,"Chevron hit with $1900m fine by regulators, triggering a sharp selloff","Chevron hit with $1900m fine by regulators, triggering a sharp selloff. Analysts flagged downside risks and trimmed their estimates.",-0.674,Regulatory/Legal,8
N00032,2026-07-07 11:29:00,Capital Ledger,PFE,"Pfizer posts record profit, with earnings per share ahead of consensus, lifting shares","Pfizer posts record profit, with earnings per share ahead of consensus, lifting shares. Traders cited improving fundamentals and strong momentum.",0.694,Earnings,8
N00033,2026-07-07 12:27:00,Global Markets Brief,KO,"Coca-Cola delays beverage line launch after quality issues, triggering a sharp selloff","Coca-Cola delays beverage line launch after quality issues, triggering a sharp selloff. Investors reacted cautiously, citing uncertainty over near-term outlook.",-0.635,Product Launch,7
N00034,2026-07-07 13:49:00,Global Markets Brief,MSFT,"Microsoft reports revenue decline of 8.8% year over year, sending shares lower","Microsoft reports revenue decline of 8.8% year over year, sending shares lower. Analysts flagged downside risks and trimmed their estimates.",-0.779,Earnings,7
N00035,2026-07-07 14:18:00,Capital Ledger,WMT,"Moody's-style agency upgrades Walmart to BBB on improving leverage, sparking a strong rally","Moody's-style agency upgrades Walmart to BBB on improving leverage, sparking a strong rally. Traders cited improving fundamentals and strong momentum.",0.725,Credit Event,7
N00036,2026-07-07 15:19:00,MarketDesk Wire,JPM,JPMorgan Chase cuts full-year outlook citing weak demand in what analysts call a major shock,JPMorgan Chase cuts full-year outlook citing weak demand in what analysts call a major shock. Analysts flagged downside risks and trimmed their estimates.,-0.895,Earnings,10
N00037,2026-07-07 16:00:00,Capital Ledger,PFE,Pfizer faces new government investigation into its practices in what analysts call a major shock,"Pfizer faces new government investigation into its practices in what analysts call a major shock. Investors reacted cautiously, citing uncertainty over near-term outlook.",-0.987,Regulatory/Legal,10
N00038,2026-07-07 16:09:00,FinTimes Daily,GOOGL,"Alphabet reports revenue decline of 6.5% year over year, sending shares lower","Alphabet reports revenue decline of 6.5% year over year, sending shares lower. Analysts flagged downside risks and trimmed their estimates.",-0.612,Earnings,7
N00039,2026-07-07 16:24:00,FinTimes Daily,AAPL,Apple beats quarterly earnings estimates as revenue climbs 12.4%,"Apple beats quarterly earnings estimates as revenue climbs 12.4%. Investors responded positively, with analysts raising price targets.",0.674,Earnings,6
N00040,2026-07-07 18:37:00,Capital Ledger,KO,Coca-Cola confirms it is in talks over a possible acquisition,Coca-Cola confirms it is in talks over a possible acquisition. Analysts said it was too early to assess any lasting impact.,0.076,Merger/Acquisition,1
N00041,2026-07-07 18:42:00,MarketDesk Wire,JNJ,Johnson & Johnson refinances debt at lower rates and extends maturities,"Johnson & Johnson refinances debt at lower rates and extends maturities. Investors responded positively, with analysts raising price targets.",0.464,Credit Event,4
N00042,2026-07-07 19:33:00,MarketDesk Wire,NVDA,NVIDIA wins regulatory approval for its developer toolkit in a landmark result,"NVIDIA wins regulatory approval for its developer toolkit in a landmark result. Investors responded positively, with analysts raising price targets.",0.882,Regulatory/Legal,8
N00043,2026-07-07 19:45:00,MarketDesk Wire,PFE,"Pfizer wins regulatory approval for its diagnostic test, lifting shares","Pfizer wins regulatory approval for its diagnostic test, lifting shares. Investors responded positively, with analysts raising price targets.",0.538,Regulatory/Legal,4
N00044,2026-07-07 19:57:00,Capital Ledger,CVX,Chevron announces date for its next renewables unit event,Chevron announces date for its next renewables unit event. The development was largely expected by market participants.,0.028,Product Launch,3
N00045,2026-07-07 20:20:00,MarketDesk Wire,MSFT,"Microsoft raises loan loss provisions by 9.9% as defaults rise, triggering a sharp selloff","Microsoft raises loan loss provisions by 9.9% as defaults rise, triggering a sharp selloff. Investors reacted cautiously, citing uncertainty over near-term outlook.",-0.914,Credit Event,8
N00046,2026-07-07 20:25:00,Capital Ledger,,New sanctions disrupt energy supply chains linked to the South China Sea,"New sanctions disrupt energy supply chains linked to the South China Sea. Investors reacted cautiously, citing uncertainty over near-term outlook.",-0.797,Geopolitical,8
N00047,2026-07-07 20:52:00,Capital Ledger,GOOGL,Alphabet confirms it is in talks over a possible acquisition,Alphabet confirms it is in talks over a possible acquisition. The development was largely expected by market participants.,-0.15,Merger/Acquisition,1
N00048,2026-07-08 06:20:00,Global Markets Brief,GS,"Goldman Sachs to acquire a rival in a $26bn deal expected to boost margins, lifting shares","Goldman Sachs to acquire a rival in a $26bn deal expected to boost margins, lifting shares. Traders cited improving fundamentals and strong momentum.",0.593,Merger/Acquisition,5
N00049,2026-07-08 07:05:00,MarketDesk Wire,GS,Regulators open consultation on rules affecting the Financials sector,Regulators open consultation on rules affecting the Financials sector. The development was largely expected by market participants.,-0.04,Regulatory/Legal,3
N00050,2026-07-08 08:19:00,Capital Ledger,,"Recession fears mount as unemployment rises, sending shares lower","Recession fears mount as unemployment rises, sending shares lower. Analysts flagged downside risks and trimmed their estimates.",-0.842,Macroeconomic,9
N00051,2026-07-08 09:17:00,MarketDesk Wire,NVDA,NVIDIA recalls cloud platform over safety defect,NVIDIA recalls cloud platform over safety defect. Analysts flagged downside risks and trimmed their estimates.,-0.657,Product Launch,6
N00052,2026-07-08 09:31:00,Global Markets Brief,JPM,JPMorgan Chase recalls digital banking app over safety defect in what analysts call a major shock,"JPMorgan Chase recalls digital banking app over safety defect in what analysts call a major shock. Investors reacted cautiously, citing uncertainty over near-term outlook.",-0.973,Product Launch,10
N00053,2026-07-08 12:31:00,Global Markets Brief,XOM,"Exxon Mobil reports revenue decline of 9.6% year over year, triggering a sharp selloff","Exxon Mobil reports revenue decline of 9.6% year over year, triggering a sharp selloff. Analysts flagged downside risks and trimmed their estimates.",-0.639,Earnings,6
N00054,2026-07-08 12:56:00,Global Markets Brief,BAC,Bank of America walks away from $15bn takeover talks,"Bank of America walks away from $15bn takeover talks. Investors reacted cautiously, citing uncertainty over near-term outlook.",-0.436,Merger/Acquisition,4
N00055,2026-07-08 13:47:00,Capital Ledger,BAC,Bank of America delays digital banking app launch after quality issues in what analysts call a major shock,"Bank of America delays digital banking app launch after quality issues in what analysts call a major shock. Investors reacted cautiously, citing uncertainty over near-term outlook.",-0.574,Product Launch,6
N00056,2026-07-08 13:57:00,Capital Ledger,,New sanctions disrupt energy supply chains linked to North Africa in what analysts call a major shock,New sanctions disrupt energy supply chains linked to North Africa in what analysts call a major shock. Analysts flagged downside risks and trimmed their estimates.,-1.0,Geopolitical,10
N00057,2026-07-08 14:18:00,MarketDesk Wire,AMZN,Regulators open consultation on rules affecting the Consumer sector,Regulators open consultation on rules affecting the Consumer sector. Analysts said it was too early to assess any lasting impact.,0.009,Regulatory/Legal,1
N00058,2026-07-08 15:51:00,Global Markets Brief,JNJ,"Johnson & Johnson unveils new diagnostic test, early orders exceed expectations","Johnson & Johnson unveils new diagnostic test, early orders exceed expectations. Investors responded positively, with analysts raising price targets.",0.619,Product Launch,5
N00059,2026-07-08 17:13:00,FinTimes Daily,BAC,"Bank of America loses court ruling, appeal expected in what analysts call a major shock","Bank of America loses court ruling, appeal expected in what analysts call a major shock. Investors reacted cautiously, citing uncertainty over near-term outlook.",-0.672,Regulatory/Legal,7
N00060,2026-07-08 17:41:00,MarketDesk Wire,MSFT,S&P-style agency downgrades Microsoft to BBB amid rising debt,S&P-style agency downgrades Microsoft to BBB amid rising debt. Analysts flagged downside risks and trimmed their estimates.,-0.767,Credit Event,7
N00061,2026-07-08 18:44:00,Global Markets Brief,,"Central bank holds rates and signals easing ahead, lifting shares","Central bank holds rates and signals easing ahead, lifting shares. Investors responded positively, with analysts raising price targets.",0.581,Macroeconomic,5
N00062,2026-07-08 19:13:00,FinTimes Daily,NVDA,"NVIDIA settles lawsuit on favourable terms, lifting shares","NVIDIA settles lawsuit on favourable terms, lifting shares. Traders cited improving fundamentals and strong momentum.",0.479,Regulatory/Legal,3
N00063,2026-07-08 19:31:00,Capital Ledger,AAPL,Apple settles lawsuit on favourable terms,Apple settles lawsuit on favourable terms. Traders cited improving fundamentals and strong momentum.,0.418,Regulatory/Legal,3
N00064,2026-07-08 20:01:00,FinTimes Daily,BAC,Bank of America hit with $1400m fine by regulators in what analysts call a major shock,"Bank of America hit with $1400m fine by regulators in what analysts call a major shock. Investors reacted cautiously, citing uncertainty over near-term outlook.",-0.748,Regulatory/Legal,8
N00065,2026-07-08 20:44:00,MarketDesk Wire,AMZN,Amazon misses earnings expectations as margins shrink in what analysts call a major shock,Amazon misses earnings expectations as margins shrink in what analysts call a major shock. Analysts flagged downside risks and trimmed their estimates.,-0.595,Earnings,7
N00066,2026-07-09 07:50:00,Capital Ledger,JNJ,"Johnson & Johnson completes acquisition ahead of schedule, synergies seen","Johnson & Johnson completes acquisition ahead of schedule, synergies seen. Investors responded positively, with analysts raising price targets.",0.524,Merger/Acquisition,5
N00067,2026-07-09 08:41:00,MarketDesk Wire,GS,Goldman Sachs hit with $3500m fine by regulators,"Goldman Sachs hit with $3500m fine by regulators. Investors reacted cautiously, citing uncertainty over near-term outlook.",-0.684,Regulatory/Legal,6
N00068,2026-07-09 08:43:00,MarketDesk Wire,KO,Coca-Cola to report quarterly results next week,Coca-Cola to report quarterly results next week. Analysts said it was too early to assess any lasting impact.,-0.064,Earnings,2
N00069,2026-07-09 09:06:00,Global Markets Brief,GOOGL,"S&P-style agency upgrades Alphabet to BBB- on improving leverage, sparking a strong rally","S&P-style agency upgrades Alphabet to BBB- on improving leverage, sparking a strong rally. Traders cited improving fundamentals and strong momentum.",0.647,Credit Event,6
N00070,2026-07-09 09:08:00,MarketDesk Wire,MSFT,"Microsoft faces new government investigation into its practices, triggering a sharp selloff","Microsoft faces new government investigation into its practices, triggering a sharp selloff. Analysts flagged downside risks and trimmed their estimates.",-0.826,Regulatory/Legal,8
N00071,2026-07-09 09:35:00,MarketDesk Wire,GS,"Goldman Sachs raises full-year guidance after a strong quarter, lifting shares","Goldman Sachs raises full-year guidance after a strong quarter, lifting shares. Investors responded positively, with analysts raising price targets.",0.612,Earnings,5
N00072,2026-07-09 10:20:00,FinTimes Daily,NVDA,NVIDIA settles lawsuit on favourable terms,NVIDIA settles lawsuit on favourable terms. Traders cited improving fundamentals and strong momentum.,0.502,Regulatory/Legal,4
N00073,2026-07-09 10:22:00,FinTimes Daily,GS,"Goldman Sachs posts record profit, with earnings per share ahead of consensus, lifting shares","Goldman Sachs posts record profit, with earnings per share ahead of consensus, lifting shares. Traders cited improving fundamentals and strong momentum.",0.626,Earnings,7
N00074,2026-07-09 10:56:00,FinTimes Daily,GOOGL,Regulators open consultation on rules affecting the Communication sector,Regulators open consultation on rules affecting the Communication sector. The development was largely expected by market participants.,-0.053,Regulatory/Legal,1
N00075,2026-07-09 11:13:00,Capital Ledger,BAC,"Bank of America walks away from $38bn takeover talks, sending shares lower","Bank of America walks away from $38bn takeover talks, sending shares lower. Investors reacted cautiously, citing uncertainty over near-term outlook.",-0.618,Merger/Acquisition,6
N00076,2026-07-09 11:19:00,Capital Ledger,PFE,Pfizer confirms it is in talks over a possible acquisition,Pfizer confirms it is in talks over a possible acquisition. Analysts said it was too early to assess any lasting impact.,-0.03,Merger/Acquisition,3
N00077,2026-07-09 13:21:00,FinTimes Daily,,Recession fears mount as unemployment rises,"Recession fears mount as unemployment rises. Investors reacted cautiously, citing uncertainty over near-term outlook.",-0.995,Macroeconomic,9
N00078,2026-07-09 13:34:00,Capital Ledger,GOOGL,"Alphabet loses court ruling, appeal expected in what analysts call a major shock","Alphabet loses court ruling, appeal expected in what analysts call a major shock. Investors reacted cautiously, citing uncertainty over near-term outlook.",-0.829,Regulatory/Legal,7
N00079,2026-07-09 13:42:00,FinTimes Daily,KO,"Coca-Cola completes acquisition ahead of schedule, synergies seen, lifting shares","Coca-Cola completes acquisition ahead of schedule, synergies seen, lifting shares. Investors responded positively, with analysts raising price targets.",0.55,Merger/Acquisition,6
N00080,2026-07-09 13:55:00,MarketDesk Wire,BAC,Bank of America launches wealth platform to strong reviews in a landmark result,"Bank of America launches wealth platform to strong reviews in a landmark result. Investors responded positively, with analysts raising price targets.",0.596,Product Launch,6
N00081,2026-07-09 13:57:00,Capital Ledger,JPM,JPMorgan Chase cuts full-year outlook citing weak demand in what analysts call a major shock,"JPMorgan Chase cuts full-year outlook citing weak demand in what analysts call a major shock. Investors reacted cautiously, citing uncertainty over near-term outlook.",-0.889,Earnings,9
N00082,2026-07-09 15:13:00,FinTimes Daily,WMT,Walmart raises full-year guidance after a strong quarter in a landmark result,Walmart raises full-year guidance after a strong quarter in a landmark result. Traders cited improving fundamentals and strong momentum.,0.895,Earnings,8
N00083,2026-07-09 15:18:00,FinTimes Daily,NVDA,NVIDIA to acquire a rival in a $17bn deal expected to boost margins,"NVIDIA to acquire a rival in a $17bn deal expected to boost margins. Investors responded positively, with analysts raising price targets.",0.555,Merger/Acquisition,6
N00084,2026-07-09 16:04:00,Capital Ledger,BAC,"Bank of America loses court ruling, appeal expected, triggering a sharp selloff","Bank of America loses court ruling, appeal expected, triggering a sharp selloff. Analysts flagged downside risks and trimmed their estimates.",-0.625,Regulatory/Legal,7
N00085,2026-07-09 17:45:00,MarketDesk Wire,BAC,Bank of America wins regulatory approval for its wealth platform,"Bank of America wins regulatory approval for its wealth platform. Investors responded positively, with analysts raising price targets.",0.493,Regulatory/Legal,5
N00086,2026-07-09 17:47:00,Capital Ledger,CVX,Chevron announces date for its next renewables unit event,Chevron announces date for its next renewables unit event. Analysts said it was too early to assess any lasting impact.,-0.032,Product Launch,1
N00087,2026-07-09 18:13:00,Capital Ledger,JPM,JPMorgan Chase hit with $2000m fine by regulators,"JPMorgan Chase hit with $2000m fine by regulators. Investors reacted cautiously, citing uncertainty over near-term outlook.",-0.767,Regulatory/Legal,7
N00088,2026-07-09 19:43:00,Capital Ledger,PFE,Pfizer earnings come in line with analyst expectations,Pfizer earnings come in line with analyst expectations. Analysts said it was too early to assess any lasting impact.,0.008,Earnings,1
N00089,2026-07-10 06:04:00,Capital Ledger,XOM,Exxon Mobil to report quarterly results next week,Exxon Mobil to report quarterly results next week. Analysts said it was too early to assess any lasting impact.,-0.003,Earnings,3
N00090,2026-07-10 07:33:00,Capital Ledger,XOM,"Exxon Mobil settles lawsuit on favourable terms, sparking a strong rally","Exxon Mobil settles lawsuit on favourable terms, sparking a strong rally. Investors responded positively, with analysts raising price targets.",0.731,Regulatory/Legal,5
N00091,2026-07-10 09:19:00,MarketDesk Wire,WMT,"Walmart to acquire a rival in a $6bn deal expected to boost margins, sparking a strong rally","Walmart to acquire a rival in a $6bn deal expected to boost margins, sparking a strong rally. Traders cited improving fundamentals and strong momentum.",0.781,Merger/Acquisition,7
N00092,2026-07-10 10:47:00,Global Markets Brief,,Central bank holds rates and signals easing ahead,"Central bank holds rates and signals easing ahead. Investors responded positively, with analysts raising price targets.",0.601,Macroeconomic,5
N00093,2026-07-10 11:16:00,FinTimes Daily,MSFT,Microsoft hit with $600m fine by regulators,"Microsoft hit with $600m fine by regulators. Investors reacted cautiously, citing uncertainty over near-term outlook.",-0.738,Regulatory/Legal,7
N00094,2026-07-10 11:33:00,FinTimes Daily,AMZN,Amazon faces antitrust challenge over proposed $24bn merger in what analysts call a major shock,Amazon faces antitrust challenge over proposed $24bn merger in what analysts call a major shock. Analysts flagged downside risks and trimmed their estimates.,-0.768,Merger/Acquisition,8
N00095,2026-07-10 13:49:00,Capital Ledger,CVX,"Chevron misses earnings expectations as margins shrink, sending shares lower","Chevron misses earnings expectations as margins shrink, sending shares lower. Investors reacted cautiously, citing uncertainty over near-term outlook.",-0.806,Earnings,7
N00096,2026-07-10 13:53:00,Capital Ledger,XOM,"Exxon Mobil unveils new renewables unit, early orders exceed expectations","Exxon Mobil unveils new renewables unit, early orders exceed expectations. Traders cited improving fundamentals and strong momentum.",0.546,Product Launch,5
N00097,2026-07-10 14:07:00,Global Markets Brief,AAPL,Apple hit with $3600m fine by regulators,"Apple hit with $3600m fine by regulators. Investors reacted cautiously, citing uncertainty over near-term outlook.",-0.622,Regulatory/Legal,5
N00098,2026-07-10 14:59:00,FinTimes Daily,MSFT,"Microsoft warns of covenant breach as cash flow tightens, sending shares lower","Microsoft warns of covenant breach as cash flow tightens, sending shares lower. Analysts flagged downside risks and trimmed their estimates.",-0.804,Credit Event,8
N00099,2026-07-10 15:04:00,Capital Ledger,KO,"Coca-Cola bond spreads widen on liquidity concerns, sending shares lower","Coca-Cola bond spreads widen on liquidity concerns, sending shares lower. Investors reacted cautiously, citing uncertainty over near-term outlook.",-0.648,Credit Event,6
N00100,2026-07-10 15:55:00,Capital Ledger,,"Central bank holds rates and signals easing ahead, sparking a strong rally","Central bank holds rates and signals easing ahead, sparking a strong rally. Traders cited improving fundamentals and strong momentum.",0.834,Macroeconomic,8
N00101,2026-07-10 16:45:00,MarketDesk Wire,XOM,Exxon Mobil refinances debt at lower rates and extends maturities in a landmark result,Exxon Mobil refinances debt at lower rates and extends maturities in a landmark result. Traders cited improving fundamentals and strong momentum.,0.771,Credit Event,8
N00102,2026-07-10 16:56:00,FinTimes Daily,PFE,"Pfizer wins regulatory approval for its oncology drug, sparking a strong rally","Pfizer wins regulatory approval for its oncology drug, sparking a strong rally. Investors responded positively, with analysts raising price targets.",0.726,Regulatory/Legal,6
N00103,2026-07-10 16:58:00,MarketDesk Wire,META,"Meta Platforms overpays for acquisition, analysts warn of dilution, sending shares lower","Meta Platforms overpays for acquisition, analysts warn of dilution, sending shares lower. Analysts flagged downside risks and trimmed their estimates.",-0.689,Merger/Acquisition,6
N00104,2026-07-10 17:10:00,FinTimes Daily,MSFT,Microsoft announces date for its next developer toolkit event,Microsoft announces date for its next developer toolkit event. Analysts said it was too early to assess any lasting impact.,-0.002,Product Launch,2
N00105,2026-07-10 17:16:00,Global Markets Brief,GOOGL,Alphabet launches ad platform to strong reviews in a landmark result,"Alphabet launches ad platform to strong reviews in a landmark result. Investors responded positively, with analysts raising price targets.",0.77,Product Launch,7
N00106,2026-07-10 17:18:00,MarketDesk Wire,NVDA,NVIDIA recalls software suite over safety defect in what analysts call a major shock,NVIDIA recalls software suite over safety defect in what analysts call a major shock. Analysts flagged downside risks and trimmed their estimates.,-0.772,Product Launch,9
N00107,2026-07-10 17:55:00,Global Markets Brief,WMT,"Walmart completes acquisition ahead of schedule, synergies seen","Walmart completes acquisition ahead of schedule, synergies seen. Investors responded positively, with analysts raising price targets.",0.769,Merger/Acquisition,5
N00108,2026-07-10 18:19:00,Global Markets Brief,KO,Coca-Cola warns of covenant breach as cash flow tightens,"Coca-Cola warns of covenant breach as cash flow tightens. Investors reacted cautiously, citing uncertainty over near-term outlook.",-0.913,Credit Event,9
N00109,2026-07-10 19:25:00,Global Markets Brief,GOOGL,"Alphabet completes acquisition ahead of schedule, synergies seen, lifting shares","Alphabet completes acquisition ahead of schedule, synergies seen, lifting shares. Investors responded positively, with analysts raising price targets.",0.673,Merger/Acquisition,6
N00110,2026-07-10 19:37:00,Global Markets Brief,CVX,Chevron faces antitrust challenge over proposed $23bn merger,Chevron faces antitrust challenge over proposed $23bn merger. Analysts flagged downside risks and trimmed their estimates.,-0.608,Merger/Acquisition,5
N00111,2026-07-10 19:50:00,MarketDesk Wire,CVX,Chevron misses earnings expectations as margins shrink,Chevron misses earnings expectations as margins shrink. Analysts flagged downside risks and trimmed their estimates.,-0.568,Earnings,4
N00112,2026-07-10 20:46:00,MarketDesk Wire,GS,"Goldman Sachs refinances debt at lower rates and extends maturities, lifting shares","Goldman Sachs refinances debt at lower rates and extends maturities, lifting shares. Investors responded positively, with analysts raising price targets.",0.566,Credit Event,4
N00113,2026-07-13 06:28:00,FinTimes Daily,AMZN,Amazon faces new government investigation into its practices,Amazon faces new government investigation into its practices. Analysts flagged downside risks and trimmed their estimates.,-0.635,Regulatory/Legal,5
N00114,2026-07-13 08:01:00,MarketDesk Wire,GS,Goldman Sachs walks away from $28bn takeover talks in what analysts call a major shock,Goldman Sachs walks away from $28bn takeover talks in what analysts call a major shock. Analysts flagged downside risks and trimmed their estimates.,-0.624,Merger/Acquisition,6
N00115,2026-07-13 09:56:00,MarketDesk Wire,KO,"Coca-Cola posts record profit, with earnings per share ahead of consensus, lifting shares","Coca-Cola posts record profit, with earnings per share ahead of consensus, lifting shares. Investors responded positively, with analysts raising price targets.",0.609,Earnings,6
N00116,2026-07-13 10:32:00,Capital Ledger,PFE,"S&P-style agency upgrades Pfizer to BBB on improving leverage, sparking a strong rally","S&P-style agency upgrades Pfizer to BBB on improving leverage, sparking a strong rally. Traders cited improving fundamentals and strong momentum.",0.755,Credit Event,7
N00117,2026-07-13 11:43:00,FinTimes Daily,WMT,Walmart recalls private-label line over safety defect,Walmart recalls private-label line over safety defect. Analysts flagged downside risks and trimmed their estimates.,-0.628,Product Launch,7
N00118,2026-07-13 12:11:00,Capital Ledger,GOOGL,"Alphabet completes acquisition ahead of schedule, synergies seen in a landmark result","Alphabet completes acquisition ahead of schedule, synergies seen in a landmark result. Traders cited improving fundamentals and strong momentum.",0.759,Merger/Acquisition,6
N00119,2026-07-13 13:00:00,FinTimes Daily,JNJ,Johnson & Johnson faces new government investigation into its practices,Johnson & Johnson faces new government investigation into its practices. Analysts flagged downside risks and trimmed their estimates.,-0.74,Regulatory/Legal,7
N00120,2026-07-13 13:02:00,Capital Ledger,,"New sanctions disrupt energy supply chains linked to Eastern Europe, triggering a sharp selloff","New sanctions disrupt energy supply chains linked to Eastern Europe, triggering a sharp selloff. Investors reacted cautiously, citing uncertainty over near-term outlook.",-0.823,Geopolitical,8
N00121,2026-07-13 13:58:00,Global Markets Brief,WMT,Walmart recalls delivery service over safety defect in what analysts call a major shock,Walmart recalls delivery service over safety defect in what analysts call a major shock. Analysts flagged downside risks and trimmed their estimates.,-0.826,Product Launch,9
N00122,2026-07-13 14:11:00,Capital Ledger,AMZN,"Amazon loses court ruling, appeal expected in what analysts call a major shock","Amazon loses court ruling, appeal expected in what analysts call a major shock. Investors reacted cautiously, citing uncertainty over near-term outlook.",-0.807,Regulatory/Legal,8
N00123,2026-07-13 14:36:00,Capital Ledger,NVDA,NVIDIA announces date for its next AI chip event,NVIDIA announces date for its next AI chip event. The development was largely expected by market participants.,-0.002,Product Launch,2
N00124,2026-07-13 17:06:00,MarketDesk Wire,MSFT,Microsoft beats quarterly earnings estimates as revenue climbs 11.1%,Microsoft beats quarterly earnings estimates as revenue climbs 11.1%. Traders cited improving fundamentals and strong momentum.,0.519,Earnings,4
N00125,2026-07-13 17:50:00,MarketDesk Wire,GOOGL,Alphabet raises full-year guidance after a strong quarter,"Alphabet raises full-year guidance after a strong quarter. Investors responded positively, with analysts raising price targets.",0.384,Earnings,4
N00126,2026-07-13 18:15:00,Capital Ledger,CVX,Chevron announces date for its next renewables unit event,Chevron announces date for its next renewables unit event. Analysts said it was too early to assess any lasting impact.,0.013,Product Launch,2
N00127,2026-07-13 19:12:00,Capital Ledger,AAPL,"Apple to acquire a rival in a $34bn deal expected to boost margins, sparking a strong rally","Apple to acquire a rival in a $34bn deal expected to boost margins, sparking a strong rally. Traders cited improving fundamentals and strong momentum.",0.73,Merger/Acquisition,6
N00128,2026-07-13 19:55:00,Global Markets Brief,JPM,JPMorgan Chase wins regulatory approval for its digital banking app in a landmark result,JPMorgan Chase wins regulatory approval for its digital banking app in a landmark result. Traders cited improving fundamentals and strong momentum.,0.682,Regulatory/Legal,7
N00129,2026-07-13 20:39:00,Global Markets Brief,GS,Goldman Sachs announces date for its next digital banking app event,Goldman Sachs announces date for its next digital banking app event. The development was largely expected by market participants.,0.005,Product Launch,2
N00130,2026-07-14 07:59:00,MarketDesk Wire,WMT,"Walmart loses court ruling, appeal expected in what analysts call a major shock","Walmart loses court ruling, appeal expected in what analysts call a major shock. Investors reacted cautiously, citing uncertainty over near-term outlook.",-0.853,Regulatory/Legal,8
N00131,2026-07-14 08:09:00,Global Markets Brief,JPM,JPMorgan Chase misses earnings expectations as margins shrink in what analysts call a major shock,JPMorgan Chase misses earnings expectations as margins shrink in what analysts call a major shock. Analysts flagged downside risks and trimmed their estimates.,-0.79,Earnings,8
N00132,2026-07-14 08:29:00,FinTimes Daily,AMZN,Amazon delays delivery service launch after quality issues in what analysts call a major shock,"Amazon delays delivery service launch after quality issues in what analysts call a major shock. Investors reacted cautiously, citing uncertainty over near-term outlook.",-0.896,Product Launch,8
N00133,2026-07-14 09:30:00,MarketDesk Wire,JPM,"JPMorgan Chase faces antitrust challenge over proposed $18bn merger, triggering a sharp selloff","JPMorgan Chase faces antitrust challenge over proposed $18bn merger, triggering a sharp selloff. Investors reacted cautiously, citing uncertainty over near-term outlook.",-0.764,Merger/Acquisition,8
N00134,2026-07-14 10:13:00,FinTimes Daily,BAC,"Bank of America unveils new wealth platform, early orders exceed expectations, lifting shares","Bank of America unveils new wealth platform, early orders exceed expectations, lifting shares. Investors responded positively, with analysts raising price targets.",0.687,Product Launch,6
N00135,2026-07-14 10:50:00,Capital Ledger,WMT,Walmart recalls beverage line over safety defect in what analysts call a major shock,"Walmart recalls beverage line over safety defect in what analysts call a major shock. Investors reacted cautiously, citing uncertainty over near-term outlook.",-0.822,Product Launch,8
N00136,2026-07-14 12:33:00,Capital Ledger,GS,Goldman Sachs beats quarterly earnings estimates as revenue climbs 8.0% in a landmark result,Goldman Sachs beats quarterly earnings estimates as revenue climbs 8.0% in a landmark result. Traders cited improving fundamentals and strong momentum.,0.907,Earnings,9
N00137,2026-07-14 16:17:00,MarketDesk Wire,XOM,Exxon Mobil reports revenue decline of 6.7% year over year in what analysts call a major shock,Exxon Mobil reports revenue decline of 6.7% year over year in what analysts call a major shock. Analysts flagged downside risks and trimmed their estimates.,-0.826,Earnings,7
N00138,2026-07-14 16:42:00,Global Markets Brief,WMT,"Walmart delays private-label line launch after quality issues, sending shares lower","Walmart delays private-label line launch after quality issues, sending shares lower. Analysts flagged downside risks and trimmed their estimates.",-0.55,Product Launch,4
N00139,2026-07-14 16:45:00,FinTimes Daily,META,S&P-style agency affirms Meta Platforms at BBB- with a stable outlook,S&P-style agency affirms Meta Platforms at BBB- with a stable outlook. The development was largely expected by market participants.,-0.019,Credit Event,2
N00140,2026-07-14 17:44:00,FinTimes Daily,JPM,JPMorgan Chase launches wealth platform to strong reviews in a landmark result,"JPMorgan Chase launches wealth platform to strong reviews in a landmark result. Investors responded positively, with analysts raising price targets.",0.621,Product Launch,6
N00141,2026-07-14 18:21:00,FinTimes Daily,JNJ,"Johnson & Johnson faces antitrust challenge over proposed $5bn merger, triggering a sharp selloff","Johnson & Johnson faces antitrust challenge over proposed $5bn merger, triggering a sharp selloff. Analysts flagged downside risks and trimmed their estimates.",-0.791,Merger/Acquisition,9
N00142,2026-07-14 18:46:00,Capital Ledger,MSFT,"Microsoft raises full-year guidance after a strong quarter, lifting shares","Microsoft raises full-year guidance after a strong quarter, lifting shares. Traders cited improving fundamentals and strong momentum.",0.73,Earnings,7
N00143,2026-07-14 19:07:00,MarketDesk Wire,AAPL,Apple walks away from $22bn takeover talks in what analysts call a major shock,Apple walks away from $22bn takeover talks in what analysts call a major shock. Analysts flagged downside risks and trimmed their estimates.,-0.727,Merger/Acquisition,7
N00144,2026-07-14 19:30:00,Capital Ledger,,"Inflation surprises to the upside at 3.0%, rate hike fears grow, triggering a sharp selloff","Inflation surprises to the upside at 3.0%, rate hike fears grow, triggering a sharp selloff. Analysts flagged downside risks and trimmed their estimates.",-0.959,Macroeconomic,10
N00145,2026-07-14 20:04:00,Capital Ledger,WMT,"Walmart hit with $2300m fine by regulators, sending shares lower","Walmart hit with $2300m fine by regulators, sending shares lower. Investors reacted cautiously, citing uncertainty over near-term outlook.",-0.821,Regulatory/Legal,8
N00146,2026-07-15 06:28:00,Capital Ledger,NVDA,NVIDIA beats quarterly earnings estimates as revenue climbs 12.5%,NVIDIA beats quarterly earnings estimates as revenue climbs 12.5%. Traders cited improving fundamentals and strong momentum.,0.595,Earnings,4
N00147,2026-07-15 07:16:00,MarketDesk Wire,NVDA,"NVIDIA recalls software suite over safety defect, sending shares lower","NVIDIA recalls software suite over safety defect, sending shares lower. Analysts flagged downside risks and trimmed their estimates.",-0.88,Product Launch,8
N00148,2026-07-15 07:27:00,Capital Ledger,MSFT,"Microsoft delays developer toolkit launch after quality issues, triggering a sharp selloff","Microsoft delays developer toolkit launch after quality issues, triggering a sharp selloff. Investors reacted cautiously, citing uncertainty over near-term outlook.",-0.774,Product Launch,6
N00149,2026-07-15 07:52:00,MarketDesk Wire,WMT,Walmart wins regulatory approval for its delivery service in a landmark result,"Walmart wins regulatory approval for its delivery service in a landmark result. Investors responded positively, with analysts raising price targets.",0.715,Regulatory/Legal,7
N00150,2026-07-15 08:25:00,Global Markets Brief,GS,Goldman Sachs wins regulatory approval for its trading platform in a landmark result,"Goldman Sachs wins regulatory approval for its trading platform in a landmark result. Investors responded positively, with analysts raising price targets.",0.73,Regulatory/Legal,7
N00151,2026-07-15 08:28:00,MarketDesk Wire,AAPL,"Apple reports revenue decline of 9.8% year over year, triggering a sharp selloff","Apple reports revenue decline of 9.8% year over year, triggering a sharp selloff. Analysts flagged downside risks and trimmed their estimates.",-0.751,Earnings,7
N00152,2026-07-15 08:34:00,Global Markets Brief,CVX,"Chevron settles lawsuit on favourable terms, sparking a strong rally","Chevron settles lawsuit on favourable terms, sparking a strong rally. Investors responded positively, with analysts raising price targets.",0.498,Regulatory/Legal,4
N00153,2026-07-15 09:42:00,Capital Ledger,CVX,"Chevron unveils new renewables unit, early orders exceed expectations in a landmark result","Chevron unveils new renewables unit, early orders exceed expectations in a landmark result. Traders cited improving fundamentals and strong momentum.",0.676,Product Launch,8
N00154,2026-07-15 09:49:00,Global Markets Brief,GOOGL,"Alphabet unveils new ad platform, early orders exceed expectations in a landmark result","Alphabet unveils new ad platform, early orders exceed expectations in a landmark result. Traders cited improving fundamentals and strong momentum.",0.915,Product Launch,8
N00155,2026-07-15 10:14:00,Capital Ledger,CVX,"Chevron unveils new offshore field, early orders exceed expectations in a landmark result","Chevron unveils new offshore field, early orders exceed expectations in a landmark result. Traders cited improving fundamentals and strong momentum.",0.77,Product Launch,8
N00156,2026-07-15 10:31:00,FinTimes Daily,GOOGL,"Alphabet overpays for acquisition, analysts warn of dilution","Alphabet overpays for acquisition, analysts warn of dilution. Analysts flagged downside risks and trimmed their estimates.",-0.642,Merger/Acquisition,6
N00157,2026-07-15 11:37:00,FinTimes Daily,META,"Meta Platforms misses earnings expectations as margins shrink, sending shares lower","Meta Platforms misses earnings expectations as margins shrink, sending shares lower. Investors reacted cautiously, citing uncertainty over near-term outlook.",-0.643,Earnings,6
N00158,2026-07-15 12:50:00,MarketDesk Wire,WMT,Walmart delays delivery service launch after quality issues in what analysts call a major shock,Walmart delays delivery service launch after quality issues in what analysts call a major shock. Analysts flagged downside risks and trimmed their estimates.,-0.681,Product Launch,7
N00159,2026-07-15 14:09:00,Capital Ledger,GS,"Goldman Sachs wins regulatory approval for its digital banking app, lifting shares","Goldman Sachs wins regulatory approval for its digital banking app, lifting shares. Investors responded positively, with analysts raising price targets.",0.661,Regulatory/Legal,6
N00160,2026-07-15 14:19:00,MarketDesk Wire,WMT,Walmart to acquire a rival in a $13bn deal expected to boost margins,"Walmart to acquire a rival in a $13bn deal expected to boost margins. Investors responded positively, with analysts raising price targets.",0.571,Merger/Acquisition,4
N00161,2026-07-15 15:17:00,Capital Ledger,XOM,Exxon Mobil raises full-year guidance after a strong quarter,"Exxon Mobil raises full-year guidance after a strong quarter. Investors responded positively, with analysts raising price targets.",0.584,Earnings,4
N00162,2026-07-15 18:08:00,FinTimes Daily,,"Inflation cools to 3.9%, raising hopes of rate cuts in a landmark result","Inflation cools to 3.9%, raising hopes of rate cuts in a landmark result. Traders cited improving fundamentals and strong momentum.",0.827,Macroeconomic,8
N00163,2026-07-15 19:09:00,MarketDesk Wire,GS,Goldman Sachs to report quarterly results next week,Goldman Sachs to report quarterly results next week. Analysts said it was too early to assess any lasting impact.,-0.053,Earnings,3
N00164,2026-07-15 19:33:00,Capital Ledger,GS,"Goldman Sachs delays wealth platform launch after quality issues, triggering a sharp selloff","Goldman Sachs delays wealth platform launch after quality issues, triggering a sharp selloff. Analysts flagged downside risks and trimmed their estimates.",-0.704,Product Launch,6
N00165,2026-07-15 20:17:00,MarketDesk Wire,AAPL,"Apple refinances debt at lower rates and extends maturities, sparking a strong rally","Apple refinances debt at lower rates and extends maturities, sparking a strong rally. Investors responded positively, with analysts raising price targets.",0.737,Credit Event,7
N00166,2026-07-16 07:26:00,Global Markets Brief,KO,"Coca-Cola beats quarterly earnings estimates as revenue climbs 4.9%, sparking a strong rally","Coca-Cola beats quarterly earnings estimates as revenue climbs 4.9%, sparking a strong rally. Investors responded positively, with analysts raising price targets.",0.737,Earnings,8
N00167,2026-07-16 08:16:00,Capital Ledger,JNJ,Johnson & Johnson raises full-year guidance after a strong quarter in a landmark result,"Johnson & Johnson raises full-year guidance after a strong quarter in a landmark result. Investors responded positively, with analysts raising price targets.",0.713,Earnings,7
N00168,2026-07-16 08:20:00,MarketDesk Wire,PFE,"Pfizer misses earnings expectations as margins shrink, sending shares lower","Pfizer misses earnings expectations as margins shrink, sending shares lower. Investors reacted cautiously, citing uncertainty over near-term outlook.",-0.594,Earnings,6
N00169,2026-07-16 09:33:00,FinTimes Daily,,Escalating conflict in the Middle East rattles global markets in what analysts call a major shock,Escalating conflict in the Middle East rattles global markets in what analysts call a major shock. Analysts flagged downside risks and trimmed their estimates.,-0.97,Geopolitical,10
N00170,2026-07-16 09:58:00,MarketDesk Wire,KO,"Coca-Cola reports revenue decline of 11.2% year over year, sending shares lower","Coca-Cola reports revenue decline of 11.2% year over year, sending shares lower. Investors reacted cautiously, citing uncertainty over near-term outlook.",-0.592,Earnings,5
N00171,2026-07-16 10:44:00,MarketDesk Wire,AAPL,Apple earnings come in line with analyst expectations,Apple earnings come in line with analyst expectations. The development was largely expected by market participants.,-0.024,Earnings,3
N00172,2026-07-16 10:46:00,Global Markets Brief,PFE,"Pfizer raises full-year guidance after a strong quarter, lifting shares","Pfizer raises full-year guidance after a strong quarter, lifting shares. Investors responded positively, with analysts raising price targets.",0.609,Earnings,5
N00173,2026-07-16 11:00:00,Capital Ledger,JPM,JPMorgan Chase to report quarterly results next week,JPMorgan Chase to report quarterly results next week. The development was largely expected by market participants.,-0.016,Earnings,3
N00174,2026-07-16 11:00:00,FinTimes Daily,PFE,"Pfizer beats quarterly earnings estimates as revenue climbs 12.1%, sparking a strong rally","Pfizer beats quarterly earnings estimates as revenue climbs 12.1%, sparking a strong rally. Traders cited improving fundamentals and strong momentum.",0.935,Earnings,8
N00175,2026-07-16 13:49:00,MarketDesk Wire,,"Tariffs on imports from North Africa spark fears of a trade war, triggering a sharp selloff","Tariffs on imports from North Africa spark fears of a trade war, triggering a sharp selloff. Investors reacted cautiously, citing uncertainty over near-term outlook.",-0.883,Geopolitical,8
N00176,2026-07-16 14:59:00,FinTimes Daily,,Recession fears mount as unemployment rises,Recession fears mount as unemployment rises. Analysts flagged downside risks and trimmed their estimates.,-0.849,Macroeconomic,9
N00177,2026-07-16 15:22:00,FinTimes Daily,META,"Meta Platforms faces antitrust challenge over proposed $7bn merger, sending shares lower","Meta Platforms faces antitrust challenge over proposed $7bn merger, sending shares lower. Analysts flagged downside risks and trimmed their estimates.",-0.696,Merger/Acquisition,7
N00178,2026-07-16 16:35:00,Capital Ledger,XOM,"Exxon Mobil refinances debt at lower rates and extends maturities, lifting shares","Exxon Mobil refinances debt at lower rates and extends maturities, lifting shares. Investors responded positively, with analysts raising price targets.",0.523,Credit Event,4
N00179,2026-07-16 18:23:00,Global Markets Brief,XOM,"Exxon Mobil raises full-year guidance after a strong quarter, sparking a strong rally","Exxon Mobil raises full-year guidance after a strong quarter, sparking a strong rally. Investors responded positively, with analysts raising price targets.",0.764,Earnings,7
N00180,2026-07-16 18:29:00,FinTimes Daily,KO,Coca-Cola wins regulatory approval for its private-label line in a landmark result,Coca-Cola wins regulatory approval for its private-label line in a landmark result. Traders cited improving fundamentals and strong momentum.,0.753,Regulatory/Legal,7
N00181,2026-07-16 19:42:00,Global Markets Brief,MSFT,"Microsoft misses earnings expectations as margins shrink, sending shares lower","Microsoft misses earnings expectations as margins shrink, sending shares lower. Analysts flagged downside risks and trimmed their estimates.",-0.53,Earnings,5
N00182,2026-07-16 20:42:00,Global Markets Brief,XOM,"Exxon Mobil raises full-year guidance after a strong quarter, sparking a strong rally","Exxon Mobil raises full-year guidance after a strong quarter, sparking a strong rally. Investors responded positively, with analysts raising price targets.",0.704,Earnings,6
N00183,2026-07-17 06:08:00,Global Markets Brief,GS,Goldman Sachs confirms it is in talks over a possible acquisition,Goldman Sachs confirms it is in talks over a possible acquisition. The development was largely expected by market participants.,-0.004,Merger/Acquisition,2
N00184,2026-07-17 07:19:00,Global Markets Brief,META,Meta Platforms recalls streaming service over safety defect,"Meta Platforms recalls streaming service over safety defect. Investors reacted cautiously, citing uncertainty over near-term outlook.",-0.79,Product Launch,7
N00185,2026-07-17 07:31:00,FinTimes Daily,AMZN,Amazon faces new government investigation into its practices,"Amazon faces new government investigation into its practices. Investors reacted cautiously, citing uncertainty over near-term outlook.",-0.558,Regulatory/Legal,5
N00186,2026-07-17 08:40:00,Global Markets Brief,,"Escalating conflict in the Red Sea rattles global markets, sending shares lower","Escalating conflict in the Red Sea rattles global markets, sending shares lower. Investors reacted cautiously, citing uncertainty over near-term outlook.",-0.766,Geopolitical,8
N00187,2026-07-17 08:58:00,Global Markets Brief,BAC,"Bank of America beats quarterly earnings estimates as revenue climbs 7.7%, lifting shares","Bank of America beats quarterly earnings estimates as revenue climbs 7.7%, lifting shares. Investors responded positively, with analysts raising price targets.",0.593,Earnings,5
N00188,2026-07-17 10:56:00,FinTimes Daily,WMT,Regulators open consultation on rules affecting the Consumer sector,Regulators open consultation on rules affecting the Consumer sector. Analysts said it was too early to assess any lasting impact.,-0.059,Regulatory/Legal,1
N00189,2026-07-17 11:11:00,FinTimes Daily,CVX,"Chevron completes acquisition ahead of schedule, synergies seen","Chevron completes acquisition ahead of schedule, synergies seen. Investors responded positively, with analysts raising price targets.",0.606,Merger/Acquisition,5
N00190,2026-07-17 11:37:00,Capital Ledger,GS,Goldman Sachs beats quarterly earnings estimates as revenue climbs 7.1%,Goldman Sachs beats quarterly earnings estimates as revenue climbs 7.1%. Traders cited improving fundamentals and strong momentum.,0.734,Earnings,5
N00191,2026-07-17 13:55:00,Global Markets Brief,AAPL,Apple raises full-year guidance after a strong quarter in a landmark result,"Apple raises full-year guidance after a strong quarter in a landmark result. Investors responded positively, with analysts raising price targets.",0.813,Earnings,8
N00192,2026-07-17 14:42:00,Global Markets Brief,AMZN,Amazon to report quarterly results next week,Amazon to report quarterly results next week. Analysts said it was too early to assess any lasting impact.,-0.071,Earnings,1
N00193,2026-07-17 14:47:00,Capital Ledger,XOM,"Exxon Mobil beats quarterly earnings estimates as revenue climbs 2.9%, lifting shares","Exxon Mobil beats quarterly earnings estimates as revenue climbs 2.9%, lifting shares. Investors responded positively, with analysts raising price targets.",0.725,Earnings,6
N00194,2026-07-17 14:52:00,Global Markets Brief,PFE,Pfizer settles lawsuit on favourable terms,"Pfizer settles lawsuit on favourable terms. Investors responded positively, with analysts raising price targets.",0.367,Regulatory/Legal,2
N00195,2026-07-17 15:28:00,MarketDesk Wire,GS,Goldman Sachs recalls digital banking app over safety defect,"Goldman Sachs recalls digital banking app over safety defect. Investors reacted cautiously, citing uncertainty over near-term outlook.",-0.731,Product Launch,6
N00196,2026-07-17 16:08:00,Global Markets Brief,XOM,"Exxon Mobil unveils new offshore field, early orders exceed expectations","Exxon Mobil unveils new offshore field, early orders exceed expectations. Traders cited improving fundamentals and strong momentum.",0.512,Product Launch,3
N00197,2026-07-20 06:28:00,Capital Ledger,BAC,"Bank of America unveils new trading platform, early orders exceed expectations in a landmark result","Bank of America unveils new trading platform, early orders exceed expectations in a landmark result. Traders cited improving fundamentals and strong momentum.",0.826,Product Launch,8
N00198,2026-07-20 07:14:00,FinTimes Daily,,"Central bank signals higher rates for longer, sending shares lower","Central bank signals higher rates for longer, sending shares lower. Analysts flagged downside risks and trimmed their estimates.",-0.811,Macroeconomic,7
N00199,2026-07-20 07:37:00,FinTimes Daily,AMZN,Amazon delays delivery service launch after quality issues in what analysts call a major shock,"Amazon delays delivery service launch after quality issues in what analysts call a major shock. Investors reacted cautiously, citing uncertainty over near-term outlook.",-0.676,Product Launch,7
N00200,2026-07-20 09:26:00,Capital Ledger,GS,Goldman Sachs wins regulatory approval for its digital banking app,"Goldman Sachs wins regulatory approval for its digital banking app. Investors responded positively, with analysts raising price targets.",0.526,Regulatory/Legal,4
N00201,2026-07-20 09:40:00,FinTimes Daily,AMZN,"Amazon walks away from $33bn takeover talks, triggering a sharp selloff","Amazon walks away from $33bn takeover talks, triggering a sharp selloff. Analysts flagged downside risks and trimmed their estimates.",-0.63,Merger/Acquisition,5
N00202,2026-07-20 10:02:00,FinTimes Daily,,Escalating conflict in the Red Sea rattles global markets in what analysts call a major shock,Escalating conflict in the Red Sea rattles global markets in what analysts call a major shock. Analysts flagged downside risks and trimmed their estimates.,-0.947,Geopolitical,10
N00203,2026-07-20 10:14:00,FinTimes Daily,PFE,Pfizer cuts full-year outlook citing weak demand,Pfizer cuts full-year outlook citing weak demand. Analysts flagged downside risks and trimmed their estimates.,-0.713,Earnings,6
N00204,2026-07-20 10:17:00,MarketDesk Wire,JPM,JPMorgan Chase to report quarterly results next week,JPMorgan Chase to report quarterly results next week. Analysts said it was too early to assess any lasting impact.,-0.079,Earnings,2
N00205,2026-07-20 10:31:00,Global Markets Brief,KO,Coca-Cola recalls beverage line over safety defect,Coca-Cola recalls beverage line over safety defect. Analysts flagged downside risks and trimmed their estimates.,-0.574,Product Launch,6
N00206,2026-07-20 10:39:00,FinTimes Daily,JPM,"JPMorgan Chase misses earnings expectations as margins shrink, sending shares lower","JPMorgan Chase misses earnings expectations as margins shrink, sending shares lower. Investors reacted cautiously, citing uncertainty over near-term outlook.",-0.864,Earnings,7
N00207,2026-07-20 11:17:00,FinTimes Daily,GS,Goldman Sachs announces date for its next trading platform event,Goldman Sachs announces date for its next trading platform event. Analysts said it was too early to assess any lasting impact.,-0.062,Product Launch,3
N00208,2026-07-20 11:19:00,Capital Ledger,XOM,Exxon Mobil settles lawsuit on favourable terms,Exxon Mobil settles lawsuit on favourable terms. Traders cited improving fundamentals and strong momentum.,0.383,Regulatory/Legal,2
N00209,2026-07-20 12:15:00,Capital Ledger,BAC,"Bank of America unveils new digital banking app, early orders exceed expectations, lifting shares","Bank of America unveils new digital banking app, early orders exceed expectations, lifting shares. Traders cited improving fundamentals and strong momentum.",0.735,Product Launch,6
N00210,2026-07-20 12:30:00,FinTimes Daily,MSFT,Microsoft recalls developer toolkit over safety defect in what analysts call a major shock,"Microsoft recalls developer toolkit over safety defect in what analysts call a major shock. Investors reacted cautiously, citing uncertainty over near-term outlook.",-0.878,Product Launch,9
N00211,2026-07-20 12:37:00,MarketDesk Wire,MSFT,Microsoft reports revenue decline of 2.7% year over year,Microsoft reports revenue decline of 2.7% year over year. Analysts flagged downside risks and trimmed their estimates.,-0.646,Earnings,5
N00212,2026-07-20 12:40:00,FinTimes Daily,CVX,Chevron beats quarterly earnings estimates as revenue climbs 5.3% in a landmark result,Chevron beats quarterly earnings estimates as revenue climbs 5.3% in a landmark result. Traders cited improving fundamentals and strong momentum.,0.801,Earnings,8
N00213,2026-07-20 12:49:00,Capital Ledger,NVDA,NVIDIA delays software suite launch after quality issues,NVIDIA delays software suite launch after quality issues. Analysts flagged downside risks and trimmed their estimates.,-0.509,Product Launch,4
N00214,2026-07-20 13:35:00,FinTimes Daily,CVX,Chevron delays renewables unit launch after quality issues,"Chevron delays renewables unit launch after quality issues. Investors reacted cautiously, citing uncertainty over near-term outlook.",-0.522,Product Launch,3
N00215,2026-07-20 13:55:00,Capital Ledger,AAPL,Apple refinances debt at lower rates and extends maturities in a landmark result,Apple refinances debt at lower rates and extends maturities in a landmark result. Traders cited improving fundamentals and strong momentum.,0.782,Credit Event,7
N00216,2026-07-20 13:59:00,FinTimes Daily,JPM,"JPMorgan Chase overpays for acquisition, analysts warn of dilution, triggering a sharp selloff","JPMorgan Chase overpays for acquisition, analysts warn of dilution, triggering a sharp selloff. Analysts flagged downside risks and trimmed their estimates.",-0.72,Merger/Acquisition,7
N00217,2026-07-20 14:35:00,FinTimes Daily,NVDA,NVIDIA settles lawsuit on favourable terms,"NVIDIA settles lawsuit on favourable terms. Investors responded positively, with analysts raising price targets.",0.334,Regulatory/Legal,2
N00218,2026-07-20 15:00:00,MarketDesk Wire,META,Meta Platforms bond spreads widen on liquidity concerns in what analysts call a major shock,"Meta Platforms bond spreads widen on liquidity concerns in what analysts call a major shock. Investors reacted cautiously, citing uncertainty over near-term outlook.",-0.848,Credit Event,8
N00219,2026-07-20 15:37:00,MarketDesk Wire,,"Inflation surprises to the upside at 9.4%, rate hike fears grow, sending shares lower","Inflation surprises to the upside at 9.4%, rate hike fears grow, sending shares lower. Analysts flagged downside risks and trimmed their estimates.",-0.878,Macroeconomic,9
N00220,2026-07-20 16:17:00,Global Markets Brief,JPM,"JPMorgan Chase hit with $200m fine by regulators, sending shares lower","JPMorgan Chase hit with $200m fine by regulators, sending shares lower. Analysts flagged downside risks and trimmed their estimates.",-0.619,Regulatory/Legal,6
N00221,2026-07-20 16:52:00,Capital Ledger,PFE,Pfizer raises full-year guidance after a strong quarter,"Pfizer raises full-year guidance after a strong quarter. Investors responded positively, with analysts raising price targets.",0.556,Earnings,6
N00222,2026-07-20 17:20:00,FinTimes Daily,WMT,Walmart earnings come in line with analyst expectations,Walmart earnings come in line with analyst expectations. The development was largely expected by market participants.,0.008,Earnings,2
N00223,2026-07-20 18:04:00,Capital Ledger,MSFT,"Microsoft cuts full-year outlook citing weak demand, triggering a sharp selloff","Microsoft cuts full-year outlook citing weak demand, triggering a sharp selloff. Investors reacted cautiously, citing uncertainty over near-term outlook.",-0.721,Earnings,7
N00224,2026-07-20 18:49:00,FinTimes Daily,AMZN,"Amazon faces new government investigation into its practices, sending shares lower","Amazon faces new government investigation into its practices, sending shares lower. Analysts flagged downside risks and trimmed their estimates.",-0.834,Regulatory/Legal,8
N00225,2026-07-20 19:51:00,MarketDesk Wire,AAPL,"Apple warns of covenant breach as cash flow tightens, triggering a sharp selloff","Apple warns of covenant breach as cash flow tightens, triggering a sharp selloff. Investors reacted cautiously, citing uncertainty over near-term outlook.",-0.946,Credit Event,10
N00226,2026-07-20 20:25:00,Capital Ledger,,"GDP contracts by 2.6% in surprise slowdown, triggering a sharp selloff","GDP contracts by 2.6% in surprise slowdown, triggering a sharp selloff. Investors reacted cautiously, citing uncertainty over near-term outlook.",-0.964,Macroeconomic,9
N00227,2026-07-21 08:09:00,Global Markets Brief,WMT,"Walmart delays beverage line launch after quality issues, sending shares lower","Walmart delays beverage line launch after quality issues, sending shares lower. Investors reacted cautiously, citing uncertainty over near-term outlook.",-0.718,Product Launch,5
N00228,2026-07-21 09:15:00,FinTimes Daily,META,Regulators open consultation on rules affecting the Communication sector,Regulators open consultation on rules affecting the Communication sector. Analysts said it was too early to assess any lasting impact.,0.015,Regulatory/Legal,2
N00229,2026-07-21 09:21:00,Capital Ledger,BAC,Bank of America announces date for its next trading platform event,Bank of America announces date for its next trading platform event. Analysts said it was too early to assess any lasting impact.,-0.074,Product Launch,3
N00230,2026-07-21 15:14:00,Capital Ledger,META,Meta Platforms confirms it is in talks over a possible acquisition,Meta Platforms confirms it is in talks over a possible acquisition. Analysts said it was too early to assess any lasting impact.,-0.005,Merger/Acquisition,1
N00231,2026-07-21 15:29:00,Global Markets Brief,XOM,"Exxon Mobil posts record profit, with earnings per share ahead of consensus","Exxon Mobil posts record profit, with earnings per share ahead of consensus. Traders cited improving fundamentals and strong momentum.",0.591,Earnings,5
N00232,2026-07-21 17:21:00,FinTimes Daily,BAC,"Bank of America delays trading platform launch after quality issues, triggering a sharp selloff","Bank of America delays trading platform launch after quality issues, triggering a sharp selloff. Investors reacted cautiously, citing uncertainty over near-term outlook.",-0.783,Product Launch,7
N00233,2026-07-21 18:08:00,Global Markets Brief,,"New sanctions disrupt energy supply chains linked to the South China Sea, triggering a sharp selloff","New sanctions disrupt energy supply chains linked to the South China Sea, triggering a sharp selloff. Analysts flagged downside risks and trimmed their estimates.",-0.964,Geopolitical,10
N00234,2026-07-21 19:45:00,FinTimes Daily,AMZN,Amazon earnings come in line with analyst expectations,Amazon earnings come in line with analyst expectations. Analysts said it was too early to assess any lasting impact.,0.019,Earnings,2
N00235,2026-07-21 19:49:00,FinTimes Daily,GOOGL,Alphabet announces date for its next streaming service event,Alphabet announces date for its next streaming service event. Analysts said it was too early to assess any lasting impact.,0.044,Product Launch,1
N00236,2026-07-22 08:20:00,FinTimes Daily,CVX,"Chevron raises loan loss provisions by 7.2% as defaults rise, triggering a sharp selloff","Chevron raises loan loss provisions by 7.2% as defaults rise, triggering a sharp selloff. Analysts flagged downside risks and trimmed their estimates.",-0.764,Credit Event,8
N00237,2026-07-22 10:12:00,Capital Ledger,PFE,"Pfizer posts record profit, with earnings per share ahead of consensus","Pfizer posts record profit, with earnings per share ahead of consensus. Investors responded positively, with analysts raising price targets.",0.741,Earnings,7
N00238,2026-07-22 10:31:00,MarketDesk Wire,,Escalating conflict in Eastern Europe rattles global markets,"Escalating conflict in Eastern Europe rattles global markets. Investors reacted cautiously, citing uncertainty over near-term outlook.",-0.851,Geopolitical,9
N00239,2026-07-22 13:14:00,MarketDesk Wire,GOOGL,"Alphabet delays ad platform launch after quality issues, triggering a sharp selloff","Alphabet delays ad platform launch after quality issues, triggering a sharp selloff. Investors reacted cautiously, citing uncertainty over near-term outlook.",-0.646,Product Launch,5
N00240,2026-07-22 13:59:00,Global Markets Brief,,"Escalating conflict in North Africa rattles global markets, sending shares lower","Escalating conflict in North Africa rattles global markets, sending shares lower. Analysts flagged downside risks and trimmed their estimates.",-0.829,Geopolitical,8
N00241,2026-07-22 14:01:00,Capital Ledger,AAPL,"a major rating agency upgrades Apple to A- on improving leverage, sparking a strong rally","a major rating agency upgrades Apple to A- on improving leverage, sparking a strong rally. Traders cited improving fundamentals and strong momentum.",0.77,Credit Event,8
N00242,2026-07-22 14:11:00,FinTimes Daily,XOM,Exxon Mobil confirms it is in talks over a possible acquisition,Exxon Mobil confirms it is in talks over a possible acquisition. The development was largely expected by market participants.,-0.018,Merger/Acquisition,3
N00243,2026-07-22 14:59:00,MarketDesk Wire,JPM,JPMorgan Chase bond spreads widen on liquidity concerns in what analysts call a major shock,JPMorgan Chase bond spreads widen on liquidity concerns in what analysts call a major shock. Analysts flagged downside risks and trimmed their estimates.,-0.93,Credit Event,9
N00244,2026-07-22 15:22:00,MarketDesk Wire,,"Inflation cools to 2.7%, raising hopes of rate cuts, sparking a strong rally","Inflation cools to 2.7%, raising hopes of rate cuts, sparking a strong rally. Traders cited improving fundamentals and strong momentum.",0.597,Macroeconomic,6
N00245,2026-07-22 15:29:00,MarketDesk Wire,JNJ,Johnson & Johnson wins regulatory approval for its diagnostic test in a landmark result,"Johnson & Johnson wins regulatory approval for its diagnostic test in a landmark result. Investors responded positively, with analysts raising price targets.",0.6,Regulatory/Legal,7
N00246,2026-07-22 15:57:00,Capital Ledger,,Central bank signals higher rates for longer,"Central bank signals higher rates for longer. Investors reacted cautiously, citing uncertainty over near-term outlook.",-0.641,Macroeconomic,6
N00247,2026-07-22 17:47:00,FinTimes Daily,GOOGL,"Alphabet recalls streaming service over safety defect, sending shares lower","Alphabet recalls streaming service over safety defect, sending shares lower. Investors reacted cautiously, citing uncertainty over near-term outlook.",-0.715,Product Launch,6
N00248,2026-07-22 18:01:00,Global Markets Brief,AMZN,"Amazon unveils new delivery service, early orders exceed expectations in a landmark result","Amazon unveils new delivery service, early orders exceed expectations in a landmark result. Traders cited improving fundamentals and strong momentum.",0.735,Product Launch,6
N00249,2026-07-22 18:07:00,Capital Ledger,WMT,"Walmart to acquire a rival in a $19bn deal expected to boost margins, sparking a strong rally","Walmart to acquire a rival in a $19bn deal expected to boost margins, sparking a strong rally. Traders cited improving fundamentals and strong momentum.",0.79,Merger/Acquisition,8
N00250,2026-07-22 18:51:00,FinTimes Daily,CVX,Chevron delays LNG project launch after quality issues in what analysts call a major shock,"Chevron delays LNG project launch after quality issues in what analysts call a major shock. Investors reacted cautiously, citing uncertainty over near-term outlook.",-0.727,Product Launch,7
N00251,2026-07-23 06:29:00,Global Markets Brief,AMZN,"Amazon misses earnings expectations as margins shrink, sending shares lower","Amazon misses earnings expectations as margins shrink, sending shares lower. Investors reacted cautiously, citing uncertainty over near-term outlook.",-0.721,Earnings,7
N00252,2026-07-23 09:12:00,Capital Ledger,,"Tariffs on imports from the South China Sea spark fears of a trade war, triggering a sharp selloff","Tariffs on imports from the South China Sea spark fears of a trade war, triggering a sharp selloff. Analysts flagged downside risks and trimmed their estimates.",-0.835,Geopolitical,8
N00253,2026-07-23 10:35:00,Capital Ledger,CVX,Chevron misses earnings expectations as margins shrink,"Chevron misses earnings expectations as margins shrink. Investors reacted cautiously, citing uncertainty over near-term outlook.",-0.67,Earnings,5
N00254,2026-07-23 10:37:00,Global Markets Brief,CVX,Chevron faces new government investigation into its practices in what analysts call a major shock,Chevron faces new government investigation into its practices in what analysts call a major shock. Analysts flagged downside risks and trimmed their estimates.,-0.95,Regulatory/Legal,10
N00255,2026-07-23 12:39:00,Global Markets Brief,BAC,Bank of America beats quarterly earnings estimates as revenue climbs 13.4%,"Bank of America beats quarterly earnings estimates as revenue climbs 13.4%. Investors responded positively, with analysts raising price targets.",0.701,Earnings,6
N00256,2026-07-23 12:57:00,MarketDesk Wire,WMT,Walmart earnings come in line with analyst expectations,Walmart earnings come in line with analyst expectations. The development was largely expected by market participants.,-0.086,Earnings,1
N00257,2026-07-23 14:01:00,Capital Ledger,GS,"S&P-style agency upgrades Goldman Sachs to BBB+ on improving leverage, lifting shares","S&P-style agency upgrades Goldman Sachs to BBB+ on improving leverage, lifting shares. Investors responded positively, with analysts raising price targets.",0.699,Credit Event,7
N00258,2026-07-23 14:12:00,MarketDesk Wire,BAC,"Bank of America settles lawsuit on favourable terms, lifting shares","Bank of America settles lawsuit on favourable terms, lifting shares. Investors responded positively, with analysts raising price targets.",0.614,Regulatory/Legal,5
N00259,2026-07-23 14:38:00,FinTimes Daily,,GDP contracts by 5.0% in surprise slowdown,GDP contracts by 5.0% in surprise slowdown. Analysts flagged downside risks and trimmed their estimates.,-0.761,Macroeconomic,8
N00260,2026-07-23 14:48:00,MarketDesk Wire,BAC,Bank of America confirms it is in talks over a possible acquisition,Bank of America confirms it is in talks over a possible acquisition. The development was largely expected by market participants.,0.042,Merger/Acquisition,3
N00261,2026-07-23 14:59:00,Global Markets Brief,,Central bank minutes due for release on Wednesday,Central bank minutes due for release on Wednesday. Analysts said it was too early to assess any lasting impact.,-0.022,Macroeconomic,1
N00262,2026-07-23 15:26:00,Capital Ledger,GS,"Goldman Sachs raises loan loss provisions by 4.1% as defaults rise, triggering a sharp selloff","Goldman Sachs raises loan loss provisions by 4.1% as defaults rise, triggering a sharp selloff. Investors reacted cautiously, citing uncertainty over near-term outlook.",-0.773,Credit Event,8
N00263,2026-07-23 16:47:00,FinTimes Daily,,Trade agreement signed with partners in the Middle East cheers markets,"Trade agreement signed with partners in the Middle East cheers markets. Investors responded positively, with analysts raising price targets.",0.582,Geopolitical,4
N00264,2026-07-23 17:35:00,Global Markets Brief,JNJ,Johnson & Johnson announces date for its next diagnostic test event,Johnson & Johnson announces date for its next diagnostic test event. The development was largely expected by market participants.,-0.073,Product Launch,3
N00265,2026-07-23 17:42:00,MarketDesk Wire,,"Escalating conflict in North Africa rattles global markets, triggering a sharp selloff","Escalating conflict in North Africa rattles global markets, triggering a sharp selloff. Analysts flagged downside risks and trimmed their estimates.",-0.87,Geopolitical,9
N00266,2026-07-23 19:45:00,FinTimes Daily,BAC,Bank of America wins regulatory approval for its digital banking app,Bank of America wins regulatory approval for its digital banking app. Traders cited improving fundamentals and strong momentum.,0.576,Regulatory/Legal,5
N00267,2026-07-24 06:26:00,FinTimes Daily,MSFT,Microsoft launches AI chip to strong reviews,"Microsoft launches AI chip to strong reviews. Investors responded positively, with analysts raising price targets.",0.418,Product Launch,3
N00268,2026-07-24 07:36:00,Global Markets Brief,WMT,Moody's-style agency affirms Walmart at BB+ with a stable outlook,Moody's-style agency affirms Walmart at BB+ with a stable outlook. The development was largely expected by market participants.,0.023,Credit Event,3
N00269,2026-07-24 08:20:00,Global Markets Brief,BAC,Bank of America announces date for its next wealth platform event,Bank of America announces date for its next wealth platform event. Analysts said it was too early to assess any lasting impact.,0.002,Product Launch,1
N00270,2026-07-24 08:30:00,Capital Ledger,,GDP contracts by 2.0% in surprise slowdown in what analysts call a major shock,"GDP contracts by 2.0% in surprise slowdown in what analysts call a major shock. Investors reacted cautiously, citing uncertainty over near-term outlook.",-0.907,Macroeconomic,10
N00271,2026-07-24 10:20:00,FinTimes Daily,AMZN,"Amazon walks away from $34bn takeover talks, sending shares lower","Amazon walks away from $34bn takeover talks, sending shares lower. Investors reacted cautiously, citing uncertainty over near-term outlook.",-0.566,Merger/Acquisition,5
N00272,2026-07-24 11:09:00,Global Markets Brief,JNJ,"Johnson & Johnson delays vaccine launch after quality issues, triggering a sharp selloff","Johnson & Johnson delays vaccine launch after quality issues, triggering a sharp selloff. Analysts flagged downside risks and trimmed their estimates.",-0.56,Product Launch,5
N00273,2026-07-24 11:28:00,Global Markets Brief,CVX,"Chevron recalls offshore field over safety defect, triggering a sharp selloff","Chevron recalls offshore field over safety defect, triggering a sharp selloff. Analysts flagged downside risks and trimmed their estimates.",-0.851,Product Launch,9
N00274,2026-07-24 12:24:00,MarketDesk Wire,JPM,JPMorgan Chase hit with $400m fine by regulators,"JPMorgan Chase hit with $400m fine by regulators. Investors reacted cautiously, citing uncertainty over near-term outlook.",-0.478,Regulatory/Legal,5
N00275,2026-07-24 12:43:00,Capital Ledger,CVX,Chevron raises loan loss provisions by 4.0% as defaults rise,"Chevron raises loan loss provisions by 4.0% as defaults rise. Investors reacted cautiously, citing uncertainty over near-term outlook.",-0.647,Credit Event,6
N00276,2026-07-24 13:18:00,Capital Ledger,CVX,"Chevron reports revenue decline of 7.7% year over year, sending shares lower","Chevron reports revenue decline of 7.7% year over year, sending shares lower. Investors reacted cautiously, citing uncertainty over near-term outlook.",-0.702,Earnings,5
N00277,2026-07-24 13:22:00,Capital Ledger,PFE,"Pfizer reports revenue decline of 6.5% year over year, triggering a sharp selloff","Pfizer reports revenue decline of 6.5% year over year, triggering a sharp selloff. Investors reacted cautiously, citing uncertainty over near-term outlook.",-0.597,Earnings,7
N00278,2026-07-24 14:52:00,Capital Ledger,GOOGL,Alphabet faces new government investigation into its practices,Alphabet faces new government investigation into its practices. Analysts flagged downside risks and trimmed their estimates.,-0.554,Regulatory/Legal,5
N00279,2026-07-24 14:57:00,Capital Ledger,AMZN,"Amazon overpays for acquisition, analysts warn of dilution","Amazon overpays for acquisition, analysts warn of dilution. Analysts flagged downside risks and trimmed their estimates.",-0.688,Merger/Acquisition,6
N00280,2026-07-24 16:51:00,MarketDesk Wire,WMT,Walmart bond spreads widen on liquidity concerns in what analysts call a major shock,"Walmart bond spreads widen on liquidity concerns in what analysts call a major shock. Investors reacted cautiously, citing uncertainty over near-term outlook.",-0.835,Credit Event,8
N00281,2026-07-24 18:06:00,MarketDesk Wire,MSFT,Microsoft to acquire a rival in a $8bn deal expected to boost margins in a landmark result,Microsoft to acquire a rival in a $8bn deal expected to boost margins in a landmark result. Traders cited improving fundamentals and strong momentum.,0.968,Merger/Acquisition,9
N00282,2026-07-24 18:47:00,MarketDesk Wire,BAC,"Bank of America to acquire a rival in a $33bn deal expected to boost margins, lifting shares","Bank of America to acquire a rival in a $33bn deal expected to boost margins, lifting shares. Traders cited improving fundamentals and strong momentum.",0.717,Merger/Acquisition,7
N00283,2026-07-24 18:52:00,FinTimes Daily,META,"Meta Platforms wins regulatory approval for its ad platform, sparking a strong rally","Meta Platforms wins regulatory approval for its ad platform, sparking a strong rally. Traders cited improving fundamentals and strong momentum.",0.687,Regulatory/Legal,6
N00284,2026-07-24 18:57:00,Capital Ledger,CVX,"Chevron loses court ruling, appeal expected","Chevron loses court ruling, appeal expected. Investors reacted cautiously, citing uncertainty over near-term outlook.",-0.566,Regulatory/Legal,6
N00285,2026-07-24 19:07:00,MarketDesk Wire,GS,"Goldman Sachs overpays for acquisition, analysts warn of dilution","Goldman Sachs overpays for acquisition, analysts warn of dilution. Investors reacted cautiously, citing uncertainty over near-term outlook.",-0.463,Merger/Acquisition,4
N00286,2026-07-24 20:06:00,Capital Ledger,GS,"Goldman Sachs posts record profit, with earnings per share ahead of consensus, sparking a strong rally","Goldman Sachs posts record profit, with earnings per share ahead of consensus, sparking a strong rally. Traders cited improving fundamentals and strong momentum.",0.682,Earnings,7
N00287,2026-07-24 20:29:00,MarketDesk Wire,AAPL,Apple delays AI chip launch after quality issues in what analysts call a major shock,"Apple delays AI chip launch after quality issues in what analysts call a major shock. Investors reacted cautiously, citing uncertainty over near-term outlook.",-0.704,Product Launch,8
N00288,2026-07-27 06:40:00,FinTimes Daily,GS,Goldman Sachs misses earnings expectations as margins shrink in what analysts call a major shock,Goldman Sachs misses earnings expectations as margins shrink in what analysts call a major shock. Analysts flagged downside risks and trimmed their estimates.,-0.734,Earnings,8
N00289,2026-07-27 07:32:00,FinTimes Daily,GS,"Goldman Sachs posts record profit, with earnings per share ahead of consensus, sparking a strong rally","Goldman Sachs posts record profit, with earnings per share ahead of consensus, sparking a strong rally. Traders cited improving fundamentals and strong momentum.",0.891,Earnings,8
N00290,2026-07-27 11:44:00,Capital Ledger,AAPL,"Apple misses earnings expectations as margins shrink, sending shares lower","Apple misses earnings expectations as margins shrink, sending shares lower. Investors reacted cautiously, citing uncertainty over near-term outlook.",-0.692,Earnings,5
N00291,2026-07-27 12:21:00,FinTimes Daily,WMT,"Walmart bond spreads widen on liquidity concerns, triggering a sharp selloff","Walmart bond spreads widen on liquidity concerns, triggering a sharp selloff. Investors reacted cautiously, citing uncertainty over near-term outlook.",-0.831,Credit Event,8
N00292,2026-07-27 13:08:00,FinTimes Daily,XOM,Exxon Mobil wins regulatory approval for its renewables unit,Exxon Mobil wins regulatory approval for its renewables unit. Traders cited improving fundamentals and strong momentum.,0.401,Regulatory/Legal,4
N00293,2026-07-27 13:30:00,Capital Ledger,XOM,Exxon Mobil launches offshore field to strong reviews in a landmark result,"Exxon Mobil launches offshore field to strong reviews in a landmark result. Investors responded positively, with analysts raising price targets.",0.702,Product Launch,6
N00294,2026-07-27 14:46:00,Capital Ledger,GS,Goldman Sachs cuts full-year outlook citing weak demand in what analysts call a major shock,Goldman Sachs cuts full-year outlook citing weak demand in what analysts call a major shock. Analysts flagged downside risks and trimmed their estimates.,-0.778,Earnings,9
N00295,2026-07-27 14:53:00,MarketDesk Wire,BAC,Bank of America settles lawsuit on favourable terms,Bank of America settles lawsuit on favourable terms. Traders cited improving fundamentals and strong momentum.,0.328,Regulatory/Legal,3
N00296,2026-07-27 14:55:00,Capital Ledger,PFE,Pfizer misses earnings expectations as margins shrink,Pfizer misses earnings expectations as margins shrink. Analysts flagged downside risks and trimmed their estimates.,-0.529,Earnings,4
N00297,2026-07-27 16:40:00,Capital Ledger,,Tariffs on imports from the Middle East spark fears of a trade war,Tariffs on imports from the Middle East spark fears of a trade war. Analysts flagged downside risks and trimmed their estimates.,-0.639,Geopolitical,6
N00298,2026-07-27 17:10:00,MarketDesk Wire,BAC,"Bank of America completes acquisition ahead of schedule, synergies seen in a landmark result","Bank of America completes acquisition ahead of schedule, synergies seen in a landmark result. Traders cited improving fundamentals and strong momentum.",0.787,Merger/Acquisition,8
N00299,2026-07-27 17:31:00,Capital Ledger,JNJ,Johnson & Johnson misses earnings expectations as margins shrink,"Johnson & Johnson misses earnings expectations as margins shrink. Investors reacted cautiously, citing uncertainty over near-term outlook.",-0.565,Earnings,4
N00300,2026-07-27 20:36:00,Capital Ledger,WMT,"Walmart walks away from $29bn takeover talks, sending shares lower","Walmart walks away from $29bn takeover talks, sending shares lower. Analysts flagged downside risks and trimmed their estimates.",-0.588,Merger/Acquisition,5
N00301,2026-07-28 07:24:00,Capital Ledger,KO,"Coca-Cola to acquire a rival in a $36bn deal expected to boost margins, sparking a strong rally","Coca-Cola to acquire a rival in a $36bn deal expected to boost margins, sparking a strong rally. Traders cited improving fundamentals and strong momentum.",0.735,Merger/Acquisition,8
N00302,2026-07-28 09:10:00,Global Markets Brief,,"New sanctions disrupt energy supply chains linked to Eastern Europe, sending shares lower","New sanctions disrupt energy supply chains linked to Eastern Europe, sending shares lower. Investors reacted cautiously, citing uncertainty over near-term outlook.",-0.814,Geopolitical,9
N00303,2026-07-28 09:31:00,MarketDesk Wire,PFE,"Pfizer raises full-year guidance after a strong quarter, lifting shares","Pfizer raises full-year guidance after a strong quarter, lifting shares. Investors responded positively, with analysts raising price targets.",0.481,Earnings,6
N00304,2026-07-28 10:32:00,Capital Ledger,,GDP contracts by 13.1% in surprise slowdown in what analysts call a major shock,"GDP contracts by 13.1% in surprise slowdown in what analysts call a major shock. Investors reacted cautiously, citing uncertainty over near-term outlook.",-1.0,Macroeconomic,10
N00305,2026-07-28 10:50:00,Global Markets Brief,MSFT,"Microsoft completes acquisition ahead of schedule, synergies seen in a landmark result","Microsoft completes acquisition ahead of schedule, synergies seen in a landmark result. Investors responded positively, with analysts raising price targets.",0.829,Merger/Acquisition,8
N00306,2026-07-28 11:07:00,FinTimes Daily,CVX,Chevron faces new government investigation into its practices,Chevron faces new government investigation into its practices. Analysts flagged downside risks and trimmed their estimates.,-0.791,Regulatory/Legal,7
N00307,2026-07-28 11:41:00,Capital Ledger,AAPL,"Apple misses earnings expectations as margins shrink, sending shares lower","Apple misses earnings expectations as margins shrink, sending shares lower. Investors reacted cautiously, citing uncertainty over near-term outlook.",-0.735,Earnings,6
N00308,2026-07-28 12:07:00,Capital Ledger,JPM,"JPMorgan Chase posts record profit, with earnings per share ahead of consensus","JPMorgan Chase posts record profit, with earnings per share ahead of consensus. Investors responded positively, with analysts raising price targets.",0.767,Earnings,7
N00309,2026-07-28 12:12:00,MarketDesk Wire,AAPL,Apple hit with $1000m fine by regulators in what analysts call a major shock,Apple hit with $1000m fine by regulators in what analysts call a major shock. Analysts flagged downside risks and trimmed their estimates.,-0.896,Regulatory/Legal,10
N00310,2026-07-28 12:54:00,FinTimes Daily,BAC,Bank of America raises full-year guidance after a strong quarter,Bank of America raises full-year guidance after a strong quarter. Traders cited improving fundamentals and strong momentum.,0.601,Earnings,4
N00311,2026-07-28 14:12:00,MarketDesk Wire,META,"Meta Platforms posts record profit, with earnings per share ahead of consensus","Meta Platforms posts record profit, with earnings per share ahead of consensus. Investors responded positively, with analysts raising price targets.",0.762,Earnings,7
N00312,2026-07-28 16:48:00,FinTimes Daily,XOM,"Exxon Mobil beats quarterly earnings estimates as revenue climbs 9.3%, sparking a strong rally","Exxon Mobil beats quarterly earnings estimates as revenue climbs 9.3%, sparking a strong rally. Investors responded positively, with analysts raising price targets.",0.929,Earnings,8
N00313,2026-07-28 17:04:00,FinTimes Daily,,"Inflation surprises to the upside at 2.1%, rate hike fears grow, triggering a sharp selloff","Inflation surprises to the upside at 2.1%, rate hike fears grow, triggering a sharp selloff. Investors reacted cautiously, citing uncertainty over near-term outlook.",-0.713,Macroeconomic,8
N00314,2026-07-28 17:51:00,FinTimes Daily,BAC,Bank of America raises full-year guidance after a strong quarter in a landmark result,"Bank of America raises full-year guidance after a strong quarter in a landmark result. Investors responded positively, with analysts raising price targets.",0.928,Earnings,9
N00315,2026-07-28 17:52:00,FinTimes Daily,KO,Moody's-style agency upgrades Coca-Cola to BBB on improving leverage in a landmark result,Moody's-style agency upgrades Coca-Cola to BBB on improving leverage in a landmark result. Traders cited improving fundamentals and strong momentum.,0.761,Credit Event,8
N00316,2026-07-28 18:19:00,Capital Ledger,AAPL,Apple beats quarterly earnings estimates as revenue climbs 5.6% in a landmark result,"Apple beats quarterly earnings estimates as revenue climbs 5.6% in a landmark result. Investors responded positively, with analysts raising price targets.",0.73,Earnings,7
N00317,2026-07-28 19:22:00,FinTimes Daily,BAC,"a major rating agency upgrades Bank of America to BB+ on improving leverage, sparking a strong rally","a major rating agency upgrades Bank of America to BB+ on improving leverage, sparking a strong rally. Investors responded positively, with analysts raising price targets.",0.861,Credit Event,8
N00318,2026-07-28 20:57:00,Global Markets Brief,,"Central bank signals higher rates for longer, triggering a sharp selloff","Central bank signals higher rates for longer, triggering a sharp selloff. Investors reacted cautiously, citing uncertainty over near-term outlook.",-0.586,Macroeconomic,7
N00319,2026-07-29 06:40:00,Capital Ledger,NVDA,"NVIDIA refinances debt at lower rates and extends maturities, lifting shares","NVIDIA refinances debt at lower rates and extends maturities, lifting shares. Traders cited improving fundamentals and strong momentum.",0.722,Credit Event,6
N00320,2026-07-29 06:48:00,FinTimes Daily,GS,Goldman Sachs launches trading platform to strong reviews,Goldman Sachs launches trading platform to strong reviews. Traders cited improving fundamentals and strong momentum.,0.417,Product Launch,2
N00321,2026-07-29 08:03:00,FinTimes Daily,JNJ,Johnson & Johnson earnings come in line with analyst expectations,Johnson & Johnson earnings come in line with analyst expectations. Analysts said it was too early to assess any lasting impact.,-0.068,Earnings,1
N00322,2026-07-29 08:14:00,FinTimes Daily,,Central bank minutes due for release on Wednesday,Central bank minutes due for release on Wednesday. The development was largely expected by market participants.,0.005,Macroeconomic,3
N00323,2026-07-29 10:42:00,FinTimes Daily,XOM,Exxon Mobil raises full-year guidance after a strong quarter in a landmark result,"Exxon Mobil raises full-year guidance after a strong quarter in a landmark result. Investors responded positively, with analysts raising price targets.",0.806,Earnings,8
N00324,2026-07-29 11:26:00,Capital Ledger,KO,Coca-Cola recalls beverage line over safety defect,"Coca-Cola recalls beverage line over safety defect. Investors reacted cautiously, citing uncertainty over near-term outlook.",-0.777,Product Launch,6
N00325,2026-07-29 12:24:00,MarketDesk Wire,,"New sanctions disrupt energy supply chains linked to the South China Sea, triggering a sharp selloff","New sanctions disrupt energy supply chains linked to the South China Sea, triggering a sharp selloff. Investors reacted cautiously, citing uncertainty over near-term outlook.",-0.862,Geopolitical,10
N00326,2026-07-29 12:26:00,FinTimes Daily,AAPL,"Apple beats quarterly earnings estimates as revenue climbs 10.8%, lifting shares","Apple beats quarterly earnings estimates as revenue climbs 10.8%, lifting shares. Traders cited improving fundamentals and strong momentum.",0.686,Earnings,6
N00327,2026-07-29 13:27:00,Capital Ledger,AMZN,"Amazon delays delivery service launch after quality issues, triggering a sharp selloff","Amazon delays delivery service launch after quality issues, triggering a sharp selloff. Analysts flagged downside risks and trimmed their estimates.",-0.584,Product Launch,5
N00328,2026-07-29 14:08:00,Global Markets Brief,KO,"Coca-Cola unveils new beverage line, early orders exceed expectations, sparking a strong rally","Coca-Cola unveils new beverage line, early orders exceed expectations, sparking a strong rally. Traders cited improving fundamentals and strong momentum.",0.812,Product Launch,7
N00329,2026-07-29 15:14:00,Global Markets Brief,JNJ,Johnson & Johnson faces new government investigation into its practices in what analysts call a major shock,Johnson & Johnson faces new government investigation into its practices in what analysts call a major shock. Analysts flagged downside risks and trimmed their estimates.,-0.901,Regulatory/Legal,10
N00330,2026-07-29 15:16:00,Capital Ledger,NVDA,NVIDIA wins regulatory approval for its cloud platform,"NVIDIA wins regulatory approval for its cloud platform. Investors responded positively, with analysts raising price targets.",0.581,Regulatory/Legal,5
N00331,2026-07-29 16:41:00,MarketDesk Wire,BAC,Bank of America launches wealth platform to strong reviews in a landmark result,"Bank of America launches wealth platform to strong reviews in a landmark result. Investors responded positively, with analysts raising price targets.",0.522,Product Launch,5
N00332,2026-07-29 19:52:00,MarketDesk Wire,BAC,Bank of America confirms it is in talks over a possible acquisition,Bank of America confirms it is in talks over a possible acquisition. Analysts said it was too early to assess any lasting impact.,-0.079,Merger/Acquisition,3
N00333,2026-07-29 20:32:00,Global Markets Brief,AAPL,Apple delays software suite launch after quality issues in what analysts call a major shock,Apple delays software suite launch after quality issues in what analysts call a major shock. Analysts flagged downside risks and trimmed their estimates.,-0.631,Product Launch,7
N00334,2026-07-29 20:37:00,Capital Ledger,XOM,"Exxon Mobil delays renewables unit launch after quality issues, sending shares lower","Exxon Mobil delays renewables unit launch after quality issues, sending shares lower. Investors reacted cautiously, citing uncertainty over near-term outlook.",-0.517,Product Launch,5
N00335,2026-07-30 06:32:00,Capital Ledger,WMT,"Walmart settles lawsuit on favourable terms, lifting shares","Walmart settles lawsuit on favourable terms, lifting shares. Traders cited improving fundamentals and strong momentum.",0.43,Regulatory/Legal,4
N00336,2026-07-30 10:06:00,FinTimes Daily,,Tariffs on imports from the South China Sea spark fears of a trade war in what analysts call a major shock,"Tariffs on imports from the South China Sea spark fears of a trade war in what analysts call a major shock. Investors reacted cautiously, citing uncertainty over near-term outlook.",-0.976,Geopolitical,10
N00337,2026-07-30 14:23:00,FinTimes Daily,META,Meta Platforms settles lawsuit on favourable terms in a landmark result,"Meta Platforms settles lawsuit on favourable terms in a landmark result. Investors responded positively, with analysts raising price targets.",0.655,Regulatory/Legal,7
N00338,2026-07-30 14:55:00,FinTimes Daily,GOOGL,"Alphabet delays streaming service launch after quality issues, sending shares lower","Alphabet delays streaming service launch after quality issues, sending shares lower. Analysts flagged downside risks and trimmed their estimates.",-0.674,Product Launch,6
N00339,2026-07-30 14:59:00,Capital Ledger,CVX,"a major rating agency downgrades Chevron to A+ amid rising debt, triggering a sharp selloff","a major rating agency downgrades Chevron to A+ amid rising debt, triggering a sharp selloff. Investors reacted cautiously, citing uncertainty over near-term outlook.",-1.0,Credit Event,9
N00340,2026-07-30 15:02:00,Capital Ledger,,"Tariffs on imports from the Red Sea spark fears of a trade war, triggering a sharp selloff","Tariffs on imports from the Red Sea spark fears of a trade war, triggering a sharp selloff. Analysts flagged downside risks and trimmed their estimates.",-0.876,Geopolitical,8
N00341,2026-07-30 17:31:00,FinTimes Daily,META,"Meta Platforms refinances debt at lower rates and extends maturities, sparking a strong rally","Meta Platforms refinances debt at lower rates and extends maturities, sparking a strong rally. Traders cited improving fundamentals and strong momentum.",0.742,Credit Event,6
N00342,2026-07-30 18:17:00,Capital Ledger,JNJ,"Johnson & Johnson overpays for acquisition, analysts warn of dilution","Johnson & Johnson overpays for acquisition, analysts warn of dilution. Analysts flagged downside risks and trimmed their estimates.",-0.64,Merger/Acquisition,6
N00343,2026-07-30 18:42:00,Global Markets Brief,NVDA,NVIDIA recalls software suite over safety defect,"NVIDIA recalls software suite over safety defect. Investors reacted cautiously, citing uncertainty over near-term outlook.",-0.811,Product Launch,7
N00344,2026-07-30 18:55:00,MarketDesk Wire,CVX,"Chevron reports revenue decline of 9.0% year over year, triggering a sharp selloff","Chevron reports revenue decline of 9.0% year over year, triggering a sharp selloff. Investors reacted cautiously, citing uncertainty over near-term outlook.",-0.818,Earnings,8
N00345,2026-07-30 19:10:00,Capital Ledger,,"Strong jobs report boosts growth outlook, lifting shares","Strong jobs report boosts growth outlook, lifting shares. Investors responded positively, with analysts raising price targets.",0.445,Macroeconomic,4
N00346,2026-07-30 19:10:00,Global Markets Brief,MSFT,Microsoft to report quarterly results next week,Microsoft to report quarterly results next week. The development was largely expected by market participants.,0.035,Earnings,1
N00347,2026-07-30 19:38:00,Capital Ledger,JNJ,"Johnson & Johnson raises loan loss provisions by 13.9% as defaults rise, sending shares lower","Johnson & Johnson raises loan loss provisions by 13.9% as defaults rise, sending shares lower. Analysts flagged downside risks and trimmed their estimates.",-0.808,Credit Event,7
N00348,2026-07-31 06:20:00,MarketDesk Wire,BAC,Bank of America wins regulatory approval for its trading platform in a landmark result,Bank of America wins regulatory approval for its trading platform in a landmark result. Traders cited improving fundamentals and strong momentum.,0.641,Regulatory/Legal,6
N00349,2026-07-31 06:25:00,FinTimes Daily,MSFT,Microsoft misses earnings expectations as margins shrink,Microsoft misses earnings expectations as margins shrink. Analysts flagged downside risks and trimmed their estimates.,-0.573,Earnings,4
N00350,2026-07-31 06:43:00,Capital Ledger,NVDA,"NVIDIA unveils new developer toolkit, early orders exceed expectations, sparking a strong rally","NVIDIA unveils new developer toolkit, early orders exceed expectations, sparking a strong rally. Investors responded positively, with analysts raising price targets.",0.473,Product Launch,5
N00351,2026-07-31 07:26:00,MarketDesk Wire,META,"a major rating agency upgrades Meta Platforms to AA on improving leverage, lifting shares","a major rating agency upgrades Meta Platforms to AA on improving leverage, lifting shares. Investors responded positively, with analysts raising price targets.",0.663,Credit Event,5
N00352,2026-07-31 07:44:00,MarketDesk Wire,GOOGL,"Alphabet misses earnings expectations as margins shrink, sending shares lower","Alphabet misses earnings expectations as margins shrink, sending shares lower. Analysts flagged downside risks and trimmed their estimates.",-0.514,Earnings,5
N00353,2026-07-31 08:53:00,MarketDesk Wire,MSFT,"Microsoft raises full-year guidance after a strong quarter, sparking a strong rally","Microsoft raises full-year guidance after a strong quarter, sparking a strong rally. Investors responded positively, with analysts raising price targets.",0.812,Earnings,8
N00354,2026-07-31 10:53:00,Global Markets Brief,WMT,"Walmart recalls delivery service over safety defect, sending shares lower","Walmart recalls delivery service over safety defect, sending shares lower. Investors reacted cautiously, citing uncertainty over near-term outlook.",-0.765,Product Launch,6
N00355,2026-07-31 10:54:00,FinTimes Daily,META,"Meta Platforms posts record profit, with earnings per share ahead of consensus, sparking a strong rally","Meta Platforms posts record profit, with earnings per share ahead of consensus, sparking a strong rally. Traders cited improving fundamentals and strong momentum.",0.79,Earnings,8
N00356,2026-07-31 10:58:00,Global Markets Brief,KO,Coca-Cola launches beverage line to strong reviews in a landmark result,"Coca-Cola launches beverage line to strong reviews in a landmark result. Investors responded positively, with analysts raising price targets.",0.651,Product Launch,7
N00357,2026-07-31 12:07:00,FinTimes Daily,PFE,"Pfizer reports revenue decline of 8.7% year over year, sending shares lower","Pfizer reports revenue decline of 8.7% year over year, sending shares lower. Analysts flagged downside risks and trimmed their estimates.",-0.792,Earnings,7
N00358,2026-07-31 12:19:00,FinTimes Daily,META,"Meta Platforms raises full-year guidance after a strong quarter, lifting shares","Meta Platforms raises full-year guidance after a strong quarter, lifting shares. Traders cited improving fundamentals and strong momentum.",0.601,Earnings,5
N00359,2026-07-31 12:32:00,Global Markets Brief,KO,"Coca-Cola cuts full-year outlook citing weak demand, triggering a sharp selloff","Coca-Cola cuts full-year outlook citing weak demand, triggering a sharp selloff. Investors reacted cautiously, citing uncertainty over near-term outlook.",-0.804,Earnings,8
N00360,2026-07-31 12:59:00,FinTimes Daily,KO,Coca-Cola reports revenue decline of 5.5% year over year,Coca-Cola reports revenue decline of 5.5% year over year. Analysts flagged downside risks and trimmed their estimates.,-0.677,Earnings,6
N00361,2026-07-31 13:20:00,MarketDesk Wire,,GDP contracts by 6.0% in surprise slowdown,"GDP contracts by 6.0% in surprise slowdown. Investors reacted cautiously, citing uncertainty over near-term outlook.",-0.9,Macroeconomic,9
N00362,2026-07-31 13:21:00,MarketDesk Wire,,Escalating conflict in the Red Sea rattles global markets,"Escalating conflict in the Red Sea rattles global markets. Investors reacted cautiously, citing uncertainty over near-term outlook.",-0.75,Geopolitical,8
N00363,2026-07-31 14:04:00,Capital Ledger,KO,Coca-Cola announces date for its next delivery service event,Coca-Cola announces date for its next delivery service event. Analysts said it was too early to assess any lasting impact.,-0.04,Product Launch,3
N00364,2026-07-31 15:18:00,Capital Ledger,MSFT,S&P-style agency affirms Microsoft at A+ with a stable outlook,S&P-style agency affirms Microsoft at A+ with a stable outlook. Analysts said it was too early to assess any lasting impact.,0.082,Credit Event,2
N00365,2026-07-31 16:43:00,Capital Ledger,GS,"Goldman Sachs delays trading platform launch after quality issues, sending shares lower","Goldman Sachs delays trading platform launch after quality issues, sending shares lower. Investors reacted cautiously, citing uncertainty over near-term outlook.",-0.562,Product Launch,4
N00366,2026-07-31 16:45:00,Capital Ledger,GS,"Goldman Sachs refinances debt at lower rates and extends maturities, sparking a strong rally","Goldman Sachs refinances debt at lower rates and extends maturities, sparking a strong rally. Investors responded positively, with analysts raising price targets.",0.801,Credit Event,7
N00367,2026-07-31 17:12:00,Capital Ledger,GOOGL,Alphabet announces date for its next ad platform event,Alphabet announces date for its next ad platform event. Analysts said it was too early to assess any lasting impact.,0.051,Product Launch,3
N00368,2026-07-31 17:35:00,Global Markets Brief,AMZN,Amazon cuts full-year outlook citing weak demand,Amazon cuts full-year outlook citing weak demand. Analysts flagged downside risks and trimmed their estimates.,-0.638,Earnings,6
N00369,2026-07-31 18:01:00,FinTimes Daily,XOM,Regulators open consultation on rules affecting the Energy sector,Regulators open consultation on rules affecting the Energy sector. Analysts said it was too early to assess any lasting impact.,0.15,Regulatory/Legal,1
N00370,2026-07-31 18:12:00,MarketDesk Wire,XOM,"Exxon Mobil unveils new LNG project, early orders exceed expectations, sparking a strong rally","Exxon Mobil unveils new LNG project, early orders exceed expectations, sparking a strong rally. Traders cited improving fundamentals and strong momentum.",0.769,Product Launch,7
N00371,2026-07-31 18:24:00,Capital Ledger,XOM,Regulators open consultation on rules affecting the Energy sector,Regulators open consultation on rules affecting the Energy sector. The development was largely expected by market participants.,0.02,Regulatory/Legal,2
N00372,2026-08-03 06:33:00,Capital Ledger,JPM,JPMorgan Chase launches wealth platform to strong reviews,"JPMorgan Chase launches wealth platform to strong reviews. Investors responded positively, with analysts raising price targets.",0.472,Product Launch,2
N00373,2026-08-03 07:45:00,Capital Ledger,NVDA,"NVIDIA reports revenue decline of 2.8% year over year, sending shares lower","NVIDIA reports revenue decline of 2.8% year over year, sending shares lower. Investors reacted cautiously, citing uncertainty over near-term outlook.",-0.668,Earnings,5
N00374,2026-08-03 08:04:00,MarketDesk Wire,MSFT,"Microsoft bond spreads widen on liquidity concerns, sending shares lower","Microsoft bond spreads widen on liquidity concerns, sending shares lower. Investors reacted cautiously, citing uncertainty over near-term outlook.",-0.716,Credit Event,6
N00375,2026-08-03 08:37:00,FinTimes Daily,META,Meta Platforms beats quarterly earnings estimates as revenue climbs 12.6% in a landmark result,Meta Platforms beats quarterly earnings estimates as revenue climbs 12.6% in a landmark result. Traders cited improving fundamentals and strong momentum.,0.791,Earnings,8
N00376,2026-08-03 10:13:00,MarketDesk Wire,META,Meta Platforms launches streaming service to strong reviews in a landmark result,Meta Platforms launches streaming service to strong reviews in a landmark result. Traders cited improving fundamentals and strong momentum.,0.563,Product Launch,5
N00377,2026-08-03 11:35:00,FinTimes Daily,CVX,Chevron earnings come in line with analyst expectations,Chevron earnings come in line with analyst expectations. Analysts said it was too early to assess any lasting impact.,0.105,Earnings,3
N00378,2026-08-03 13:02:00,MarketDesk Wire,,Escalating conflict in the Red Sea rattles global markets,Escalating conflict in the Red Sea rattles global markets. Analysts flagged downside risks and trimmed their estimates.,-0.89,Geopolitical,9
N00379,2026-08-03 14:19:00,FinTimes Daily,BAC,"Bank of America beats quarterly earnings estimates as revenue climbs 9.9%, lifting shares","Bank of America beats quarterly earnings estimates as revenue climbs 9.9%, lifting shares. Traders cited improving fundamentals and strong momentum.",0.676,Earnings,6
N00380,2026-08-03 14:25:00,Capital Ledger,JNJ,Johnson & Johnson faces antitrust challenge over proposed $13bn merger in what analysts call a major shock,"Johnson & Johnson faces antitrust challenge over proposed $13bn merger in what analysts call a major shock. Investors reacted cautiously, citing uncertainty over near-term outlook.",-0.816,Merger/Acquisition,9
N00381,2026-08-03 15:26:00,FinTimes Daily,WMT,Walmart to report quarterly results next week,Walmart to report quarterly results next week. The development was largely expected by market participants.,-0.038,Earnings,2
N00382,2026-08-03 15:52:00,MarketDesk Wire,JNJ,"S&P-style agency downgrades Johnson & Johnson to A amid rising debt, triggering a sharp selloff","S&P-style agency downgrades Johnson & Johnson to A amid rising debt, triggering a sharp selloff. Investors reacted cautiously, citing uncertainty over near-term outlook.",-0.858,Credit Event,8
N00383,2026-08-03 16:03:00,MarketDesk Wire,GOOGL,"Alphabet to acquire a rival in a $24bn deal expected to boost margins, lifting shares","Alphabet to acquire a rival in a $24bn deal expected to boost margins, lifting shares. Traders cited improving fundamentals and strong momentum.",0.688,Merger/Acquisition,6
N00384,2026-08-03 17:09:00,Capital Ledger,AMZN,Amazon announces date for its next private-label line event,Amazon announces date for its next private-label line event. The development was largely expected by market participants.,-0.04,Product Launch,1
N00385,2026-08-03 17:16:00,Capital Ledger,CVX,"Chevron loses court ruling, appeal expected","Chevron loses court ruling, appeal expected. Analysts flagged downside risks and trimmed their estimates.",-0.466,Regulatory/Legal,4
N00386,2026-08-03 17:37:00,Global Markets Brief,PFE,"Pfizer to acquire a rival in a $37bn deal expected to boost margins, sparking a strong rally","Pfizer to acquire a rival in a $37bn deal expected to boost margins, sparking a strong rally. Investors responded positively, with analysts raising price targets.",0.775,Merger/Acquisition,7
N00387,2026-08-03 17:53:00,MarketDesk Wire,NVDA,"NVIDIA settles lawsuit on favourable terms, sparking a strong rally","NVIDIA settles lawsuit on favourable terms, sparking a strong rally. Traders cited improving fundamentals and strong momentum.",0.634,Regulatory/Legal,5
N00388,2026-08-03 18:31:00,Global Markets Brief,KO,Coca-Cola wins regulatory approval for its private-label line,"Coca-Cola wins regulatory approval for its private-label line. Investors responded positively, with analysts raising price targets.",0.381,Regulatory/Legal,3
N00389,2026-08-03 18:38:00,Global Markets Brief,AAPL,"Apple overpays for acquisition, analysts warn of dilution","Apple overpays for acquisition, analysts warn of dilution. Investors reacted cautiously, citing uncertainty over near-term outlook.",-0.621,Merger/Acquisition,4
N00390,2026-08-03 19:09:00,Capital Ledger,BAC,Bank of America settles lawsuit on favourable terms,"Bank of America settles lawsuit on favourable terms. Investors responded positively, with analysts raising price targets.",0.385,Regulatory/Legal,2
N00391,2026-08-04 06:32:00,Capital Ledger,PFE,Pfizer recalls oncology drug over safety defect in what analysts call a major shock,Pfizer recalls oncology drug over safety defect in what analysts call a major shock. Analysts flagged downside risks and trimmed their estimates.,-0.838,Product Launch,8
N00392,2026-08-04 06:37:00,Global Markets Brief,GS,Goldman Sachs announces date for its next digital banking app event,Goldman Sachs announces date for its next digital banking app event. Analysts said it was too early to assess any lasting impact.,0.009,Product Launch,1
N00393,2026-08-04 06:41:00,Capital Ledger,WMT,Regulators open consultation on rules affecting the Consumer sector,Regulators open consultation on rules affecting the Consumer sector. Analysts said it was too early to assess any lasting impact.,-0.112,Regulatory/Legal,2
N00394,2026-08-04 07:26:00,Capital Ledger,AAPL,"Apple launches developer toolkit to strong reviews, sparking a strong rally","Apple launches developer toolkit to strong reviews, sparking a strong rally. Traders cited improving fundamentals and strong momentum.",0.611,Product Launch,6
N00395,2026-08-04 08:40:00,Global Markets Brief,AMZN,"Amazon loses court ruling, appeal expected, sending shares lower","Amazon loses court ruling, appeal expected, sending shares lower. Analysts flagged downside risks and trimmed their estimates.",-0.65,Regulatory/Legal,6
N00396,2026-08-04 08:46:00,Global Markets Brief,JNJ,"Johnson & Johnson misses earnings expectations as margins shrink, sending shares lower","Johnson & Johnson misses earnings expectations as margins shrink, sending shares lower. Analysts flagged downside risks and trimmed their estimates.",-0.664,Earnings,6
N00397,2026-08-04 09:30:00,Capital Ledger,NVDA,NVIDIA settles lawsuit on favourable terms in a landmark result,NVIDIA settles lawsuit on favourable terms in a landmark result. Traders cited improving fundamentals and strong momentum.,0.776,Regulatory/Legal,7
N00398,2026-08-04 09:34:00,FinTimes Daily,PFE,Pfizer settles lawsuit on favourable terms in a landmark result,Pfizer settles lawsuit on favourable terms in a landmark result. Traders cited improving fundamentals and strong momentum.,0.516,Regulatory/Legal,5
N00399,2026-08-04 10:04:00,Capital Ledger,AMZN,Amazon misses earnings expectations as margins shrink in what analysts call a major shock,Amazon misses earnings expectations as margins shrink in what analysts call a major shock. Analysts flagged downside risks and trimmed their estimates.,-0.68,Earnings,7
N00400,2026-08-04 10:18:00,Global Markets Brief,,"Trade agreement signed with partners in the Red Sea cheers markets, lifting shares","Trade agreement signed with partners in the Red Sea cheers markets, lifting shares. Investors responded positively, with analysts raising price targets.",0.518,Geopolitical,4
N00401,2026-08-04 10:20:00,Capital Ledger,BAC,"Bank of America launches digital banking app to strong reviews, lifting shares","Bank of America launches digital banking app to strong reviews, lifting shares. Traders cited improving fundamentals and strong momentum.",0.493,Product Launch,4
N00402,2026-08-04 11:50:00,Capital Ledger,WMT,Walmart to report quarterly results next week,Walmart to report quarterly results next week. Analysts said it was too early to assess any lasting impact.,-0.15,Earnings,3
N00403,2026-08-04 12:47:00,Capital Ledger,JPM,"JPMorgan Chase unveils new wealth platform, early orders exceed expectations, sparking a strong rally","JPMorgan Chase unveils new wealth platform, early orders exceed expectations, sparking a strong rally. Traders cited improving fundamentals and strong momentum.",0.689,Product Launch,6
N00404,2026-08-04 13:00:00,FinTimes Daily,AAPL,"Apple posts record profit, with earnings per share ahead of consensus in a landmark result","Apple posts record profit, with earnings per share ahead of consensus in a landmark result. Traders cited improving fundamentals and strong momentum.",0.948,Earnings,10
N00405,2026-08-04 13:32:00,Global Markets Brief,JNJ,"Johnson & Johnson misses earnings expectations as margins shrink, triggering a sharp selloff","Johnson & Johnson misses earnings expectations as margins shrink, triggering a sharp selloff. Analysts flagged downside risks and trimmed their estimates.",-0.829,Earnings,8
N00406,2026-08-04 13:33:00,FinTimes Daily,JNJ,"Johnson & Johnson delays oncology drug launch after quality issues, triggering a sharp selloff","Johnson & Johnson delays oncology drug launch after quality issues, triggering a sharp selloff. Analysts flagged downside risks and trimmed their estimates.",-0.679,Product Launch,5
N00407,2026-08-04 13:46:00,MarketDesk Wire,JPM,"JPMorgan Chase completes acquisition ahead of schedule, synergies seen in a landmark result","JPMorgan Chase completes acquisition ahead of schedule, synergies seen in a landmark result. Traders cited improving fundamentals and strong momentum.",0.711,Merger/Acquisition,8
N00408,2026-08-04 14:54:00,Capital Ledger,GOOGL,"Alphabet to acquire a rival in a $34bn deal expected to boost margins, sparking a strong rally","Alphabet to acquire a rival in a $34bn deal expected to boost margins, sparking a strong rally. Traders cited improving fundamentals and strong momentum.",0.694,Merger/Acquisition,7
N00409,2026-08-04 15:11:00,Global Markets Brief,GOOGL,Alphabet settles lawsuit on favourable terms,Alphabet settles lawsuit on favourable terms. Traders cited improving fundamentals and strong momentum.,0.54,Regulatory/Legal,4
N00410,2026-08-04 15:36:00,Global Markets Brief,,Central bank signals higher rates for longer in what analysts call a major shock,"Central bank signals higher rates for longer in what analysts call a major shock. Investors reacted cautiously, citing uncertainty over near-term outlook.",-0.901,Macroeconomic,10
N00411,2026-08-04 15:36:00,Capital Ledger,META,"Meta Platforms raises full-year guidance after a strong quarter, sparking a strong rally","Meta Platforms raises full-year guidance after a strong quarter, sparking a strong rally. Traders cited improving fundamentals and strong momentum.",0.694,Earnings,6
N00412,2026-08-04 16:18:00,Global Markets Brief,JPM,"JPMorgan Chase overpays for acquisition, analysts warn of dilution","JPMorgan Chase overpays for acquisition, analysts warn of dilution. Investors reacted cautiously, citing uncertainty over near-term outlook.",-0.622,Merger/Acquisition,4
N00413,2026-08-04 16:58:00,FinTimes Daily,CVX,Chevron beats quarterly earnings estimates as revenue climbs 7.7%,"Chevron beats quarterly earnings estimates as revenue climbs 7.7%. Investors responded positively, with analysts raising price targets.",0.561,Earnings,4
N00414,2026-08-04 17:29:00,FinTimes Daily,WMT,Walmart misses earnings expectations as margins shrink in what analysts call a major shock,"Walmart misses earnings expectations as margins shrink in what analysts call a major shock. Investors reacted cautiously, citing uncertainty over near-term outlook.",-0.711,Earnings,7
N00415,2026-08-04 18:06:00,Capital Ledger,JPM,JPMorgan Chase announces date for its next wealth platform event,JPMorgan Chase announces date for its next wealth platform event. The development was largely expected by market participants.,-0.117,Product Launch,2
N00416,2026-08-04 18:28:00,Capital Ledger,XOM,"Exxon Mobil launches LNG project to strong reviews, lifting shares","Exxon Mobil launches LNG project to strong reviews, lifting shares. Investors responded positively, with analysts raising price targets.",0.612,Product Launch,4
N00417,2026-08-04 18:43:00,Global Markets Brief,PFE,Pfizer to acquire a rival in a $13bn deal expected to boost margins,Pfizer to acquire a rival in a $13bn deal expected to boost margins. Traders cited improving fundamentals and strong momentum.,0.643,Merger/Acquisition,6
N00418,2026-08-04 19:42:00,Global Markets Brief,GS,Goldman Sachs raises full-year guidance after a strong quarter in a landmark result,Goldman Sachs raises full-year guidance after a strong quarter in a landmark result. Traders cited improving fundamentals and strong momentum.,0.552,Earnings,7
N00419,2026-08-04 20:57:00,FinTimes Daily,WMT,Walmart recalls delivery service over safety defect in what analysts call a major shock,Walmart recalls delivery service over safety defect in what analysts call a major shock. Analysts flagged downside risks and trimmed their estimates.,-0.856,Product Launch,8
N00420,2026-08-05 07:06:00,FinTimes Daily,KO,S&P-style agency upgrades Coca-Cola to AA on improving leverage,"S&P-style agency upgrades Coca-Cola to AA on improving leverage. Investors responded positively, with analysts raising price targets.",0.501,Credit Event,4
N00421,2026-08-05 07:19:00,FinTimes Daily,MSFT,Microsoft cuts full-year outlook citing weak demand in what analysts call a major shock,"Microsoft cuts full-year outlook citing weak demand in what analysts call a major shock. Investors reacted cautiously, citing uncertainty over near-term outlook.",-0.898,Earnings,10
N00422,2026-08-05 07:31:00,Global Markets Brief,WMT,a major rating agency upgrades Walmart to BBB- on improving leverage,"a major rating agency upgrades Walmart to BBB- on improving leverage. Investors responded positively, with analysts raising price targets.",0.646,Credit Event,6
N00423,2026-08-05 07:34:00,Global Markets Brief,MSFT,"Microsoft settles lawsuit on favourable terms, sparking a strong rally","Microsoft settles lawsuit on favourable terms, sparking a strong rally. Investors responded positively, with analysts raising price targets.",0.72,Regulatory/Legal,6
N00424,2026-08-05 07:56:00,MarketDesk Wire,META,Moody's-style agency upgrades Meta Platforms to AA on improving leverage,Moody's-style agency upgrades Meta Platforms to AA on improving leverage. Traders cited improving fundamentals and strong momentum.,0.503,Credit Event,6
N00425,2026-08-05 08:20:00,Global Markets Brief,NVDA,Moody's-style agency affirms NVIDIA at A+ with a stable outlook,Moody's-style agency affirms NVIDIA at A+ with a stable outlook. The development was largely expected by market participants.,0.01,Credit Event,1
N00426,2026-08-05 08:33:00,Capital Ledger,,"Tariffs on imports from the Middle East spark fears of a trade war, triggering a sharp selloff","Tariffs on imports from the Middle East spark fears of a trade war, triggering a sharp selloff. Analysts flagged downside risks and trimmed their estimates.",-1.0,Geopolitical,9
N00427,2026-08-05 10:44:00,MarketDesk Wire,MSFT,"Microsoft to acquire a rival in a $15bn deal expected to boost margins, lifting shares","Microsoft to acquire a rival in a $15bn deal expected to boost margins, lifting shares. Traders cited improving fundamentals and strong momentum.",0.627,Merger/Acquisition,5
N00428,2026-08-05 11:00:00,Capital Ledger,CVX,Chevron confirms it is in talks over a possible acquisition,Chevron confirms it is in talks over a possible acquisition. Analysts said it was too early to assess any lasting impact.,0.03,Merger/Acquisition,2
N00429,2026-08-05 11:59:00,FinTimes Daily,CVX,Chevron raises loan loss provisions by 13.9% as defaults rise in what analysts call a major shock,"Chevron raises loan loss provisions by 13.9% as defaults rise in what analysts call a major shock. Investors reacted cautiously, citing uncertainty over near-term outlook.",-0.842,Credit Event,9
N00430,2026-08-05 13:18:00,Capital Ledger,PFE,"Pfizer raises loan loss provisions by 7.5% as defaults rise, triggering a sharp selloff","Pfizer raises loan loss provisions by 7.5% as defaults rise, triggering a sharp selloff. Investors reacted cautiously, citing uncertainty over near-term outlook.",-0.708,Credit Event,7
N00431,2026-08-05 14:33:00,MarketDesk Wire,AAPL,Apple recalls AI chip over safety defect,Apple recalls AI chip over safety defect. Analysts flagged downside risks and trimmed their estimates.,-0.641,Product Launch,7
N00432,2026-08-05 15:10:00,Global Markets Brief,META,"Meta Platforms posts record profit, with earnings per share ahead of consensus","Meta Platforms posts record profit, with earnings per share ahead of consensus. Traders cited improving fundamentals and strong momentum.",0.703,Earnings,7
N00433,2026-08-05 15:41:00,Capital Ledger,XOM,"Exxon Mobil raises full-year guidance after a strong quarter, sparking a strong rally","Exxon Mobil raises full-year guidance after a strong quarter, sparking a strong rally. Investors responded positively, with analysts raising price targets.",0.722,Earnings,6
N00434,2026-08-05 15:46:00,Capital Ledger,CVX,"Chevron hit with $200m fine by regulators, triggering a sharp selloff","Chevron hit with $200m fine by regulators, triggering a sharp selloff. Investors reacted cautiously, citing uncertainty over near-term outlook.",-0.736,Regulatory/Legal,7
N00435,2026-08-05 15:52:00,FinTimes Daily,NVDA,NVIDIA raises full-year guidance after a strong quarter in a landmark result,"NVIDIA raises full-year guidance after a strong quarter in a landmark result. Investors responded positively, with analysts raising price targets.",0.725,Earnings,7
N00436,2026-08-05 18:30:00,Capital Ledger,MSFT,"Microsoft unveils new AI chip, early orders exceed expectations","Microsoft unveils new AI chip, early orders exceed expectations. Traders cited improving fundamentals and strong momentum.",0.598,Product Launch,4
N00437,2026-08-05 18:36:00,FinTimes Daily,AAPL,Apple delays software suite launch after quality issues in what analysts call a major shock,Apple delays software suite launch after quality issues in what analysts call a major shock. Analysts flagged downside risks and trimmed their estimates.,-0.757,Product Launch,6
N00438,2026-08-05 19:09:00,Capital Ledger,CVX,Chevron reports revenue decline of 7.4% year over year,"Chevron reports revenue decline of 7.4% year over year. Investors reacted cautiously, citing uncertainty over near-term outlook.",-0.439,Earnings,4
N00439,2026-08-05 19:14:00,FinTimes Daily,,Ceasefire in the South China Sea lifts global risk appetite in a landmark result,"Ceasefire in the South China Sea lifts global risk appetite in a landmark result. Investors responded positively, with analysts raising price targets.",0.849,Geopolitical,8
N00440,2026-08-05 20:14:00,Global Markets Brief,AMZN,"Amazon cuts full-year outlook citing weak demand, triggering a sharp selloff","Amazon cuts full-year outlook citing weak demand, triggering a sharp selloff. Investors reacted cautiously, citing uncertainty over near-term outlook.",-0.854,Earnings,7
N00441,2026-08-05 20:27:00,Global Markets Brief,AAPL,"Apple reports revenue decline of 7.8% year over year, triggering a sharp selloff","Apple reports revenue decline of 7.8% year over year, triggering a sharp selloff. Analysts flagged downside risks and trimmed their estimates.",-0.809,Earnings,8
N00442,2026-08-06 07:30:00,Global Markets Brief,,"New sanctions disrupt energy supply chains linked to Eastern Europe, sending shares lower","New sanctions disrupt energy supply chains linked to Eastern Europe, sending shares lower. Investors reacted cautiously, citing uncertainty over near-term outlook.",-0.839,Geopolitical,7
N00443,2026-08-06 07:54:00,MarketDesk Wire,PFE,Pfizer faces new government investigation into its practices,"Pfizer faces new government investigation into its practices. Investors reacted cautiously, citing uncertainty over near-term outlook.",-0.696,Regulatory/Legal,6
N00444,2026-08-06 07:59:00,Global Markets Brief,AMZN,"Amazon delays private-label line launch after quality issues, sending shares lower","Amazon delays private-label line launch after quality issues, sending shares lower. Investors reacted cautiously, citing uncertainty over near-term outlook.",-0.529,Product Launch,4
N00445,2026-08-06 08:07:00,Capital Ledger,PFE,Pfizer faces antitrust challenge over proposed $6bn merger in what analysts call a major shock,Pfizer faces antitrust challenge over proposed $6bn merger in what analysts call a major shock. Analysts flagged downside risks and trimmed their estimates.,-0.759,Merger/Acquisition,8
N00446,2026-08-06 09:05:00,Global Markets Brief,GOOGL,Regulators open consultation on rules affecting the Communication sector,Regulators open consultation on rules affecting the Communication sector. The development was largely expected by market participants.,0.009,Regulatory/Legal,3
N00447,2026-08-06 09:14:00,FinTimes Daily,JPM,JPMorgan Chase launches wealth platform to strong reviews,JPMorgan Chase launches wealth platform to strong reviews. Traders cited improving fundamentals and strong momentum.,0.54,Product Launch,3
N00448,2026-08-06 09:36:00,Capital Ledger,META,Meta Platforms wins regulatory approval for its ad platform,Meta Platforms wins regulatory approval for its ad platform. Traders cited improving fundamentals and strong momentum.,0.583,Regulatory/Legal,5
N00449,2026-08-06 10:49:00,FinTimes Daily,XOM,Exxon Mobil hit with $1500m fine by regulators in what analysts call a major shock,Exxon Mobil hit with $1500m fine by regulators in what analysts call a major shock. Analysts flagged downside risks and trimmed their estimates.,-0.899,Regulatory/Legal,8
N00450,2026-08-06 11:37:00,FinTimes Daily,GS,"Goldman Sachs completes acquisition ahead of schedule, synergies seen","Goldman Sachs completes acquisition ahead of schedule, synergies seen. Investors responded positively, with analysts raising price targets.",0.493,Merger/Acquisition,4
N00451,2026-08-06 12:04:00,Global Markets Brief,JPM,JPMorgan Chase launches digital banking app to strong reviews in a landmark result,"JPMorgan Chase launches digital banking app to strong reviews in a landmark result. Investors responded positively, with analysts raising price targets.",0.584,Product Launch,7
N00452,2026-08-06 12:49:00,Capital Ledger,MSFT,Microsoft wins regulatory approval for its AI chip in a landmark result,"Microsoft wins regulatory approval for its AI chip in a landmark result. Investors responded positively, with analysts raising price targets.",0.769,Regulatory/Legal,8
N00453,2026-08-06 13:20:00,FinTimes Daily,GS,"Goldman Sachs delays digital banking app launch after quality issues, triggering a sharp selloff","Goldman Sachs delays digital banking app launch after quality issues, triggering a sharp selloff. Investors reacted cautiously, citing uncertainty over near-term outlook.",-0.748,Product Launch,7
N00454,2026-08-06 14:55:00,MarketDesk Wire,PFE,"Pfizer launches diagnostic test to strong reviews, lifting shares","Pfizer launches diagnostic test to strong reviews, lifting shares. Investors responded positively, with analysts raising price targets.",0.39,Product Launch,3
N00455,2026-08-06 15:14:00,FinTimes Daily,NVDA,"NVIDIA posts record profit, with earnings per share ahead of consensus","NVIDIA posts record profit, with earnings per share ahead of consensus. Investors responded positively, with analysts raising price targets.",0.557,Earnings,5
N00456,2026-08-06 17:18:00,Global Markets Brief,WMT,Walmart faces new government investigation into its practices in what analysts call a major shock,Walmart faces new government investigation into its practices in what analysts call a major shock. Analysts flagged downside risks and trimmed their estimates.,-0.909,Regulatory/Legal,10
N00457,2026-08-06 18:04:00,FinTimes Daily,KO,"Coca-Cola completes acquisition ahead of schedule, synergies seen, sparking a strong rally","Coca-Cola completes acquisition ahead of schedule, synergies seen, sparking a strong rally. Investors responded positively, with analysts raising price targets.",0.579,Merger/Acquisition,5
N00458,2026-08-06 19:20:00,FinTimes Daily,BAC,"Bank of America bond spreads widen on liquidity concerns, sending shares lower","Bank of America bond spreads widen on liquidity concerns, sending shares lower. Investors reacted cautiously, citing uncertainty over near-term outlook.",-0.66,Credit Event,6
N00459,2026-08-06 20:23:00,MarketDesk Wire,XOM,"Exxon Mobil recalls LNG project over safety defect, triggering a sharp selloff","Exxon Mobil recalls LNG project over safety defect, triggering a sharp selloff. Investors reacted cautiously, citing uncertainty over near-term outlook.",-0.741,Product Launch,7
N00460,2026-08-07 06:41:00,FinTimes Daily,AAPL,"Apple loses court ruling, appeal expected in what analysts call a major shock","Apple loses court ruling, appeal expected in what analysts call a major shock. Analysts flagged downside risks and trimmed their estimates.",-0.829,Regulatory/Legal,9
N00461,2026-08-07 06:58:00,Capital Ledger,GOOGL,"S&P-style agency upgrades Alphabet to BB+ on improving leverage, lifting shares","S&P-style agency upgrades Alphabet to BB+ on improving leverage, lifting shares. Traders cited improving fundamentals and strong momentum.",0.746,Credit Event,7
N00462,2026-08-07 08:06:00,MarketDesk Wire,CVX,Chevron faces new government investigation into its practices,Chevron faces new government investigation into its practices. Analysts flagged downside risks and trimmed their estimates.,-0.6,Regulatory/Legal,5
N00463,2026-08-07 08:44:00,FinTimes Daily,NVDA,"NVIDIA launches developer toolkit to strong reviews, lifting shares","NVIDIA launches developer toolkit to strong reviews, lifting shares. Traders cited improving fundamentals and strong momentum.",0.446,Product Launch,3
N00464,2026-08-07 09:19:00,Capital Ledger,,GDP contracts by 4.3% in surprise slowdown in what analysts call a major shock,GDP contracts by 4.3% in surprise slowdown in what analysts call a major shock. Analysts flagged downside risks and trimmed their estimates.,-1.0,Macroeconomic,10
N00465,2026-08-07 10:16:00,FinTimes Daily,WMT,Walmart misses earnings expectations as margins shrink in what analysts call a major shock,Walmart misses earnings expectations as margins shrink in what analysts call a major shock. Analysts flagged downside risks and trimmed their estimates.,-0.68,Earnings,7
N00466,2026-08-07 11:09:00,Global Markets Brief,CVX,Chevron cuts full-year outlook citing weak demand,Chevron cuts full-year outlook citing weak demand. Analysts flagged downside risks and trimmed their estimates.,-0.666,Earnings,5
N00467,2026-08-07 11:49:00,Global Markets Brief,XOM,"Exxon Mobil unveils new LNG project, early orders exceed expectations, sparking a strong rally","Exxon Mobil unveils new LNG project, early orders exceed expectations, sparking a strong rally. Traders cited improving fundamentals and strong momentum.",0.682,Product Launch,5
N00468,2026-08-07 13:07:00,Global Markets Brief,JNJ,Johnson & Johnson recalls vaccine over safety defect,Johnson & Johnson recalls vaccine over safety defect. Analysts flagged downside risks and trimmed their estimates.,-0.713,Product Launch,6
N00469,2026-08-07 14:27:00,Global Markets Brief,,"Central bank signals higher rates for longer, sending shares lower","Central bank signals higher rates for longer, sending shares lower. Investors reacted cautiously, citing uncertainty over near-term outlook.",-0.683,Macroeconomic,6
N00470,2026-08-07 15:08:00,Global Markets Brief,,"Recession fears mount as unemployment rises, sending shares lower","Recession fears mount as unemployment rises, sending shares lower. Investors reacted cautiously, citing uncertainty over near-term outlook.",-0.793,Macroeconomic,9
N00471,2026-08-07 15:26:00,FinTimes Daily,META,"Meta Platforms settles lawsuit on favourable terms, sparking a strong rally","Meta Platforms settles lawsuit on favourable terms, sparking a strong rally. Investors responded positively, with analysts raising price targets.",0.433,Regulatory/Legal,4
N00472,2026-08-07 16:08:00,Capital Ledger,GS,Goldman Sachs wins regulatory approval for its wealth platform in a landmark result,Goldman Sachs wins regulatory approval for its wealth platform in a landmark result. Traders cited improving fundamentals and strong momentum.,0.925,Regulatory/Legal,8
N00473,2026-08-07 16:15:00,Capital Ledger,XOM,"Exxon Mobil reports revenue decline of 13.6% year over year, sending shares lower","Exxon Mobil reports revenue decline of 13.6% year over year, sending shares lower. Analysts flagged downside risks and trimmed their estimates.",-0.728,Earnings,6
N00474,2026-08-07 16:31:00,Capital Ledger,JPM,"JPMorgan Chase beats quarterly earnings estimates as revenue climbs 12.7%, sparking a strong rally","JPMorgan Chase beats quarterly earnings estimates as revenue climbs 12.7%, sparking a strong rally. Investors responded positively, with analysts raising price targets.",0.787,Earnings,8
N00475,2026-08-07 16:34:00,Capital Ledger,GOOGL,Alphabet announces date for its next streaming service event,Alphabet announces date for its next streaming service event. The development was largely expected by market participants.,0.005,Product Launch,3
N00476,2026-08-07 16:35:00,Global Markets Brief,AMZN,Amazon confirms it is in talks over a possible acquisition,Amazon confirms it is in talks over a possible acquisition. Analysts said it was too early to assess any lasting impact.,0.021,Merger/Acquisition,3
N00477,2026-08-07 17:12:00,FinTimes Daily,AMZN,Amazon beats quarterly earnings estimates as revenue climbs 7.6% in a landmark result,"Amazon beats quarterly earnings estimates as revenue climbs 7.6% in a landmark result. Investors responded positively, with analysts raising price targets.",0.788,Earnings,7
N00478,2026-08-07 17:30:00,Capital Ledger,GS,Goldman Sachs to acquire a rival in a $37bn deal expected to boost margins,Goldman Sachs to acquire a rival in a $37bn deal expected to boost margins. Traders cited improving fundamentals and strong momentum.,0.589,Merger/Acquisition,5
N00479,2026-08-07 19:19:00,MarketDesk Wire,,World leaders meet in the Red Sea for talks,World leaders meet in the Red Sea for talks. Analysts said it was too early to assess any lasting impact.,-0.002,Geopolitical,2
N00480,2026-08-07 20:38:00,Capital Ledger,JNJ,"Johnson & Johnson cuts full-year outlook citing weak demand, sending shares lower","Johnson & Johnson cuts full-year outlook citing weak demand, sending shares lower. Analysts flagged downside risks and trimmed their estimates.",-0.747,Earnings,6
N00481,2026-08-07 20:54:00,MarketDesk Wire,PFE,"Pfizer loses court ruling, appeal expected, sending shares lower","Pfizer loses court ruling, appeal expected, sending shares lower. Investors reacted cautiously, citing uncertainty over near-term outlook.",-0.72,Regulatory/Legal,7
N00482,2026-08-10 06:07:00,FinTimes Daily,AAPL,"Apple warns of covenant breach as cash flow tightens, triggering a sharp selloff","Apple warns of covenant breach as cash flow tightens, triggering a sharp selloff. Investors reacted cautiously, citing uncertainty over near-term outlook.",-0.882,Credit Event,10
N00483,2026-08-10 07:07:00,MarketDesk Wire,WMT,Walmart misses earnings expectations as margins shrink,Walmart misses earnings expectations as margins shrink. Analysts flagged downside risks and trimmed their estimates.,-0.642,Earnings,6
N00484,2026-08-10 07:31:00,Global Markets Brief,MSFT,"Microsoft unveils new cloud platform, early orders exceed expectations","Microsoft unveils new cloud platform, early orders exceed expectations. Investors responded positively, with analysts raising price targets.",0.573,Product Launch,5
N00485,2026-08-10 07:33:00,Global Markets Brief,WMT,"Walmart bond spreads widen on liquidity concerns, triggering a sharp selloff","Walmart bond spreads widen on liquidity concerns, triggering a sharp selloff. Investors reacted cautiously, citing uncertainty over near-term outlook.",-0.719,Credit Event,7
N00486,2026-08-10 07:37:00,MarketDesk Wire,AAPL,"Apple cuts full-year outlook citing weak demand, triggering a sharp selloff","Apple cuts full-year outlook citing weak demand, triggering a sharp selloff. Analysts flagged downside risks and trimmed their estimates.",-0.911,Earnings,8
N00487,2026-08-10 09:16:00,MarketDesk Wire,MSFT,"a major rating agency upgrades Microsoft to AA on improving leverage, lifting shares","a major rating agency upgrades Microsoft to AA on improving leverage, lifting shares. Traders cited improving fundamentals and strong momentum.",0.496,Credit Event,5
N00488,2026-08-10 12:24:00,FinTimes Daily,JPM,JPMorgan Chase raises full-year guidance after a strong quarter,"JPMorgan Chase raises full-year guidance after a strong quarter. Investors responded positively, with analysts raising price targets.",0.497,Earnings,5
N00489,2026-08-10 13:40:00,FinTimes Daily,PFE,"Pfizer warns of covenant breach as cash flow tightens, sending shares lower","Pfizer warns of covenant breach as cash flow tightens, sending shares lower. Analysts flagged downside risks and trimmed their estimates.",-0.73,Credit Event,8
N00490,2026-08-10 13:59:00,MarketDesk Wire,KO,S&P-style agency upgrades Coca-Cola to BB+ on improving leverage,S&P-style agency upgrades Coca-Cola to BB+ on improving leverage. Traders cited improving fundamentals and strong momentum.,0.65,Credit Event,4
N00491,2026-08-10 14:37:00,MarketDesk Wire,KO,"Coca-Cola completes acquisition ahead of schedule, synergies seen","Coca-Cola completes acquisition ahead of schedule, synergies seen. Investors responded positively, with analysts raising price targets.",0.487,Merger/Acquisition,4
N00492,2026-08-10 14:39:00,MarketDesk Wire,AMZN,"Amazon walks away from $16bn takeover talks, triggering a sharp selloff","Amazon walks away from $16bn takeover talks, triggering a sharp selloff. Analysts flagged downside risks and trimmed their estimates.",-0.666,Merger/Acquisition,5
N00493,2026-08-10 14:54:00,Global Markets Brief,META,Meta Platforms misses earnings expectations as margins shrink in what analysts call a major shock,Meta Platforms misses earnings expectations as margins shrink in what analysts call a major shock. Analysts flagged downside risks and trimmed their estimates.,-0.726,Earnings,7
N00494,2026-08-10 15:28:00,FinTimes Daily,,Trade agreement signed with partners in North Africa cheers markets in a landmark result,"Trade agreement signed with partners in North Africa cheers markets in a landmark result. Investors responded positively, with analysts raising price targets.",0.611,Geopolitical,6
N00495,2026-08-10 16:25:00,Global Markets Brief,WMT,"Walmart recalls delivery service over safety defect, sending shares lower","Walmart recalls delivery service over safety defect, sending shares lower. Analysts flagged downside risks and trimmed their estimates.",-0.656,Product Launch,6
N00496,2026-08-10 19:27:00,Global Markets Brief,META,"Meta Platforms delays AI assistant launch after quality issues, sending shares lower","Meta Platforms delays AI assistant launch after quality issues, sending shares lower. Analysts flagged downside risks and trimmed their estimates.",-0.591,Product Launch,5
N00497,2026-08-10 19:35:00,MarketDesk Wire,MSFT,"Microsoft loses court ruling, appeal expected in what analysts call a major shock","Microsoft loses court ruling, appeal expected in what analysts call a major shock. Analysts flagged downside risks and trimmed their estimates.",-0.815,Regulatory/Legal,7
N00498,2026-08-11 06:02:00,Capital Ledger,WMT,"Walmart misses earnings expectations as margins shrink, triggering a sharp selloff","Walmart misses earnings expectations as margins shrink, triggering a sharp selloff. Analysts flagged downside risks and trimmed their estimates.",-0.486,Earnings,6
N00499,2026-08-11 06:34:00,Capital Ledger,WMT,Walmart confirms it is in talks over a possible acquisition,Walmart confirms it is in talks over a possible acquisition. Analysts said it was too early to assess any lasting impact.,0.083,Merger/Acquisition,3
N00500,2026-08-11 06:55:00,MarketDesk Wire,WMT,Walmart recalls delivery service over safety defect in what analysts call a major shock,"Walmart recalls delivery service over safety defect in what analysts call a major shock. Investors reacted cautiously, citing uncertainty over near-term outlook.",-0.843,Product Launch,9
N00501,2026-08-11 07:04:00,FinTimes Daily,GS,"Goldman Sachs completes acquisition ahead of schedule, synergies seen in a landmark result","Goldman Sachs completes acquisition ahead of schedule, synergies seen in a landmark result. Investors responded positively, with analysts raising price targets.",0.796,Merger/Acquisition,8
N00502,2026-08-11 07:17:00,Global Markets Brief,CVX,Chevron warns of covenant breach as cash flow tightens,Chevron warns of covenant breach as cash flow tightens. Analysts flagged downside risks and trimmed their estimates.,-0.83,Credit Event,9
N00503,2026-08-11 07:27:00,MarketDesk Wire,BAC,Bank of America announces date for its next digital banking app event,Bank of America announces date for its next digital banking app event. The development was largely expected by market participants.,0.065,Product Launch,1
N00504,2026-08-11 08:06:00,MarketDesk Wire,AAPL,"Apple recalls AI chip over safety defect, sending shares lower","Apple recalls AI chip over safety defect, sending shares lower. Analysts flagged downside risks and trimmed their estimates.",-0.727,Product Launch,7
N00505,2026-08-11 09:16:00,MarketDesk Wire,JPM,"JPMorgan Chase overpays for acquisition, analysts warn of dilution","JPMorgan Chase overpays for acquisition, analysts warn of dilution. Investors reacted cautiously, citing uncertainty over near-term outlook.",-0.559,Merger/Acquisition,4
N00506,2026-08-11 09:30:00,Global Markets Brief,MSFT,"Microsoft delays AI chip launch after quality issues, triggering a sharp selloff","Microsoft delays AI chip launch after quality issues, triggering a sharp selloff. Investors reacted cautiously, citing uncertainty over near-term outlook.",-0.597,Product Launch,6
N00507,2026-08-11 10:04:00,FinTimes Daily,AAPL,Apple announces date for its next software suite event,Apple announces date for its next software suite event. Analysts said it was too early to assess any lasting impact.,0.107,Product Launch,3
N00508,2026-08-11 10:58:00,Global Markets Brief,,"Inflation surprises to the upside at 2.1%, rate hike fears grow in what analysts call a major shock","Inflation surprises to the upside at 2.1%, rate hike fears grow in what analysts call a major shock. Analysts flagged downside risks and trimmed their estimates.",-1.0,Macroeconomic,10
N00509,2026-08-11 11:02:00,Capital Ledger,MSFT,"Microsoft recalls developer toolkit over safety defect, triggering a sharp selloff","Microsoft recalls developer toolkit over safety defect, triggering a sharp selloff. Investors reacted cautiously, citing uncertainty over near-term outlook.",-0.85,Product Launch,8
N00510,2026-08-11 13:42:00,Capital Ledger,JNJ,Johnson & Johnson recalls oncology drug over safety defect,Johnson & Johnson recalls oncology drug over safety defect. Analysts flagged downside risks and trimmed their estimates.,-0.726,Product Launch,7
N00511,2026-08-11 14:26:00,FinTimes Daily,META,Meta Platforms beats quarterly earnings estimates as revenue climbs 12.9%,Meta Platforms beats quarterly earnings estimates as revenue climbs 12.9%. Traders cited improving fundamentals and strong momentum.,0.557,Earnings,5
N00512,2026-08-11 14:42:00,Global Markets Brief,GOOGL,Alphabet bond spreads widen on liquidity concerns in what analysts call a major shock,"Alphabet bond spreads widen on liquidity concerns in what analysts call a major shock. Investors reacted cautiously, citing uncertainty over near-term outlook.",-0.948,Credit Event,10
N00513,2026-08-11 14:49:00,MarketDesk Wire,AMZN,"Amazon delays beverage line launch after quality issues, triggering a sharp selloff","Amazon delays beverage line launch after quality issues, triggering a sharp selloff. Analysts flagged downside risks and trimmed their estimates.",-0.78,Product Launch,7
N00514,2026-08-11 14:51:00,MarketDesk Wire,PFE,"Pfizer overpays for acquisition, analysts warn of dilution","Pfizer overpays for acquisition, analysts warn of dilution. Analysts flagged downside risks and trimmed their estimates.",-0.485,Merger/Acquisition,4
N00515,2026-08-11 14:53:00,Capital Ledger,,World leaders meet in North Africa for talks,World leaders meet in North Africa for talks. The development was largely expected by market participants.,-0.05,Geopolitical,2
N00516,2026-08-11 16:31:00,Global Markets Brief,XOM,"Exxon Mobil posts record profit, with earnings per share ahead of consensus","Exxon Mobil posts record profit, with earnings per share ahead of consensus. Investors responded positively, with analysts raising price targets.",0.656,Earnings,5
N00517,2026-08-11 16:56:00,FinTimes Daily,GOOGL,Alphabet delays AI assistant launch after quality issues,Alphabet delays AI assistant launch after quality issues. Analysts flagged downside risks and trimmed their estimates.,-0.724,Product Launch,5
N00518,2026-08-11 17:23:00,Capital Ledger,WMT,Walmart faces antitrust challenge over proposed $22bn merger,"Walmart faces antitrust challenge over proposed $22bn merger. Investors reacted cautiously, citing uncertainty over near-term outlook.",-0.657,Merger/Acquisition,7
N00519,2026-08-11 20:25:00,MarketDesk Wire,,World leaders meet in the Middle East for talks,World leaders meet in the Middle East for talks. The development was largely expected by market participants.,-0.043,Geopolitical,2
N00520,2026-08-12 06:29:00,FinTimes Daily,JNJ,Johnson & Johnson to report quarterly results next week,Johnson & Johnson to report quarterly results next week. Analysts said it was too early to assess any lasting impact.,0.097,Earnings,3
N00521,2026-08-12 07:23:00,FinTimes Daily,XOM,Regulators open consultation on rules affecting the Energy sector,Regulators open consultation on rules affecting the Energy sector. Analysts said it was too early to assess any lasting impact.,0.074,Regulatory/Legal,2
N00522,2026-08-12 07:24:00,Capital Ledger,JNJ,"Johnson & Johnson completes acquisition ahead of schedule, synergies seen in a landmark result","Johnson & Johnson completes acquisition ahead of schedule, synergies seen in a landmark result. Traders cited improving fundamentals and strong momentum.",0.764,Merger/Acquisition,8
N00523,2026-08-12 08:03:00,Global Markets Brief,GS,Goldman Sachs launches trading platform to strong reviews in a landmark result,"Goldman Sachs launches trading platform to strong reviews in a landmark result. Investors responded positively, with analysts raising price targets.",0.667,Product Launch,6
N00524,2026-08-12 09:32:00,MarketDesk Wire,GOOGL,"Alphabet wins regulatory approval for its AI assistant, sparking a strong rally","Alphabet wins regulatory approval for its AI assistant, sparking a strong rally. Traders cited improving fundamentals and strong momentum.",0.651,Regulatory/Legal,6
N00525,2026-08-12 11:18:00,Capital Ledger,,Central bank minutes due for release on Wednesday,Central bank minutes due for release on Wednesday. Analysts said it was too early to assess any lasting impact.,-0.082,Macroeconomic,1
N00526,2026-08-12 11:26:00,MarketDesk Wire,GOOGL,Alphabet wins regulatory approval for its streaming service in a landmark result,Alphabet wins regulatory approval for its streaming service in a landmark result. Traders cited improving fundamentals and strong momentum.,0.743,Regulatory/Legal,8
N00527,2026-08-12 11:38:00,MarketDesk Wire,CVX,"Chevron faces new government investigation into its practices, triggering a sharp selloff","Chevron faces new government investigation into its practices, triggering a sharp selloff. Investors reacted cautiously, citing uncertainty over near-term outlook.",-0.831,Regulatory/Legal,8
N00528,2026-08-12 11:45:00,FinTimes Daily,NVDA,S&P-style agency upgrades NVIDIA to BBB+ on improving leverage in a landmark result,S&P-style agency upgrades NVIDIA to BBB+ on improving leverage in a landmark result. Traders cited improving fundamentals and strong momentum.,0.74,Credit Event,8
N00529,2026-08-12 11:47:00,FinTimes Daily,AMZN,"Amazon bond spreads widen on liquidity concerns, triggering a sharp selloff","Amazon bond spreads widen on liquidity concerns, triggering a sharp selloff. Analysts flagged downside risks and trimmed their estimates.",-0.816,Credit Event,8
N00530,2026-08-12 12:42:00,Capital Ledger,BAC,"Bank of America recalls digital banking app over safety defect, triggering a sharp selloff","Bank of America recalls digital banking app over safety defect, triggering a sharp selloff. Analysts flagged downside risks and trimmed their estimates.",-0.936,Product Launch,9
N00531,2026-08-12 15:02:00,FinTimes Daily,GS,"Goldman Sachs launches trading platform to strong reviews, sparking a strong rally","Goldman Sachs launches trading platform to strong reviews, sparking a strong rally. Investors responded positively, with analysts raising price targets.",0.62,Product Launch,5
N00532,2026-08-12 15:33:00,FinTimes Daily,PFE,"Pfizer raises loan loss provisions by 4.5% as defaults rise, triggering a sharp selloff","Pfizer raises loan loss provisions by 4.5% as defaults rise, triggering a sharp selloff. Analysts flagged downside risks and trimmed their estimates.",-0.818,Credit Event,8
N00533,2026-08-12 18:11:00,Global Markets Brief,WMT,Walmart reports revenue decline of 3.3% year over year,Walmart reports revenue decline of 3.3% year over year. Analysts flagged downside risks and trimmed their estimates.,-0.631,Earnings,5
N00534,2026-08-12 18:11:00,MarketDesk Wire,CVX,Chevron misses earnings expectations as margins shrink in what analysts call a major shock,"Chevron misses earnings expectations as margins shrink in what analysts call a major shock. Investors reacted cautiously, citing uncertainty over near-term outlook.",-0.751,Earnings,7
N00535,2026-08-12 18:26:00,FinTimes Daily,GOOGL,Moody's-style agency upgrades Alphabet to BBB+ on improving leverage,Moody's-style agency upgrades Alphabet to BBB+ on improving leverage. Traders cited improving fundamentals and strong momentum.,0.574,Credit Event,6
N00536,2026-08-12 19:10:00,FinTimes Daily,WMT,Walmart refinances debt at lower rates and extends maturities in a landmark result,Walmart refinances debt at lower rates and extends maturities in a landmark result. Traders cited improving fundamentals and strong momentum.,0.815,Credit Event,8
N00537,2026-08-12 19:16:00,MarketDesk Wire,WMT,"Walmart recalls beverage line over safety defect, triggering a sharp selloff","Walmart recalls beverage line over safety defect, triggering a sharp selloff. Investors reacted cautiously, citing uncertainty over near-term outlook.",-0.681,Product Launch,8
N00538,2026-08-13 07:12:00,MarketDesk Wire,GOOGL,Alphabet launches AI assistant to strong reviews,Alphabet launches AI assistant to strong reviews. Traders cited improving fundamentals and strong momentum.,0.366,Product Launch,3
N00539,2026-08-13 08:19:00,Capital Ledger,GOOGL,"Alphabet settles lawsuit on favourable terms, lifting shares","Alphabet settles lawsuit on favourable terms, lifting shares. Traders cited improving fundamentals and strong momentum.",0.483,Regulatory/Legal,4
N00540,2026-08-13 08:34:00,Capital Ledger,WMT,"Walmart faces new government investigation into its practices, triggering a sharp selloff","Walmart faces new government investigation into its practices, triggering a sharp selloff. Investors reacted cautiously, citing uncertainty over near-term outlook.",-0.783,Regulatory/Legal,8
N00541,2026-08-13 08:46:00,FinTimes Daily,KO,"Coca-Cola to acquire a rival in a $36bn deal expected to boost margins, lifting shares","Coca-Cola to acquire a rival in a $36bn deal expected to boost margins, lifting shares. Investors responded positively, with analysts raising price targets.",0.637,Merger/Acquisition,6
N00542,2026-08-13 12:12:00,MarketDesk Wire,AMZN,"Amazon misses earnings expectations as margins shrink, triggering a sharp selloff","Amazon misses earnings expectations as margins shrink, triggering a sharp selloff. Analysts flagged downside risks and trimmed their estimates.",-0.92,Earnings,8
N00543,2026-08-13 13:20:00,Global Markets Brief,,"Inflation cools to 2.5%, raising hopes of rate cuts","Inflation cools to 2.5%, raising hopes of rate cuts. Investors responded positively, with analysts raising price targets.",0.612,Macroeconomic,5
N00544,2026-08-13 14:21:00,MarketDesk Wire,CVX,Chevron delays renewables unit launch after quality issues in what analysts call a major shock,"Chevron delays renewables unit launch after quality issues in what analysts call a major shock. Investors reacted cautiously, citing uncertainty over near-term outlook.",-0.711,Product Launch,7
N00545,2026-08-13 14:43:00,Capital Ledger,CVX,"Chevron loses court ruling, appeal expected, sending shares lower","Chevron loses court ruling, appeal expected, sending shares lower. Investors reacted cautiously, citing uncertainty over near-term outlook.",-0.684,Regulatory/Legal,7
N00546,2026-08-13 15:18:00,FinTimes Daily,WMT,"Walmart reports revenue decline of 7.7% year over year, triggering a sharp selloff","Walmart reports revenue decline of 7.7% year over year, triggering a sharp selloff. Investors reacted cautiously, citing uncertainty over near-term outlook.",-0.78,Earnings,7
N00547,2026-08-13 15:56:00,MarketDesk Wire,GOOGL,"Alphabet posts record profit, with earnings per share ahead of consensus in a landmark result","Alphabet posts record profit, with earnings per share ahead of consensus in a landmark result. Investors responded positively, with analysts raising price targets.",0.957,Earnings,9
N00548,2026-08-13 16:32:00,FinTimes Daily,CVX,Chevron walks away from $34bn takeover talks in what analysts call a major shock,"Chevron walks away from $34bn takeover talks in what analysts call a major shock. Investors reacted cautiously, citing uncertainty over near-term outlook.",-0.748,Merger/Acquisition,8
N00549,2026-08-13 16:52:00,Global Markets Brief,,"Ceasefire in the Red Sea lifts global risk appetite, lifting shares","Ceasefire in the Red Sea lifts global risk appetite, lifting shares. Investors responded positively, with analysts raising price targets.",0.657,Geopolitical,7
N00550,2026-08-13 16:59:00,Capital Ledger,AMZN,Amazon cuts full-year outlook citing weak demand,"Amazon cuts full-year outlook citing weak demand. Investors reacted cautiously, citing uncertainty over near-term outlook.",-0.654,Earnings,5
N00551,2026-08-13 17:49:00,Global Markets Brief,WMT,Walmart reports revenue decline of 4.7% year over year,Walmart reports revenue decline of 4.7% year over year. Analysts flagged downside risks and trimmed their estimates.,-0.575,Earnings,5
N00552,2026-08-13 18:42:00,FinTimes Daily,AAPL,Apple raises full-year guidance after a strong quarter,"Apple raises full-year guidance after a strong quarter. Investors responded positively, with analysts raising price targets.",0.589,Earnings,5
N00553,2026-08-13 18:47:00,FinTimes Daily,MSFT,Microsoft announces date for its next developer toolkit event,Microsoft announces date for its next developer toolkit event. Analysts said it was too early to assess any lasting impact.,-0.064,Product Launch,2
N00554,2026-08-13 19:18:00,FinTimes Daily,,World leaders meet in the South China Sea for talks,World leaders meet in the South China Sea for talks. Analysts said it was too early to assess any lasting impact.,-0.028,Geopolitical,2
N00555,2026-08-13 20:48:00,FinTimes Daily,WMT,Walmart settles lawsuit on favourable terms,"Walmart settles lawsuit on favourable terms. Investors responded positively, with analysts raising price targets.",0.339,Regulatory/Legal,2
N00556,2026-08-14 06:25:00,Global Markets Brief,WMT,"Walmart hit with $800m fine by regulators, triggering a sharp selloff","Walmart hit with $800m fine by regulators, triggering a sharp selloff. Analysts flagged downside risks and trimmed their estimates.",-0.906,Regulatory/Legal,9
N00557,2026-08-14 06:32:00,MarketDesk Wire,KO,"Coca-Cola unveils new beverage line, early orders exceed expectations in a landmark result","Coca-Cola unveils new beverage line, early orders exceed expectations in a landmark result. Traders cited improving fundamentals and strong momentum.",0.791,Product Launch,8
N00558,2026-08-14 06:48:00,FinTimes Daily,AAPL,Apple raises full-year guidance after a strong quarter,"Apple raises full-year guidance after a strong quarter. Investors responded positively, with analysts raising price targets.",0.384,Earnings,4
N00559,2026-08-14 08:59:00,FinTimes Daily,MSFT,Microsoft recalls AI chip over safety defect in what analysts call a major shock,"Microsoft recalls AI chip over safety defect in what analysts call a major shock. Investors reacted cautiously, citing uncertainty over near-term outlook.",-0.898,Product Launch,10
N00560,2026-08-14 09:47:00,Global Markets Brief,NVDA,NVIDIA recalls AI chip over safety defect,NVIDIA recalls AI chip over safety defect. Analysts flagged downside risks and trimmed their estimates.,-0.693,Product Launch,6
N00561,2026-08-14 10:25:00,FinTimes Daily,,"New sanctions disrupt energy supply chains linked to North Africa, sending shares lower","New sanctions disrupt energy supply chains linked to North Africa, sending shares lower. Analysts flagged downside risks and trimmed their estimates.",-0.92,Geopolitical,9
N00562,2026-08-14 11:05:00,FinTimes Daily,,Central bank signals higher rates for longer,Central bank signals higher rates for longer. Analysts flagged downside risks and trimmed their estimates.,-0.538,Macroeconomic,6
N00563,2026-08-14 12:16:00,FinTimes Daily,MSFT,"Microsoft posts record profit, with earnings per share ahead of consensus in a landmark result","Microsoft posts record profit, with earnings per share ahead of consensus in a landmark result. Traders cited improving fundamentals and strong momentum.",0.907,Earnings,10
N00564,2026-08-14 12:37:00,Capital Ledger,GOOGL,Alphabet settles lawsuit on favourable terms in a landmark result,Alphabet settles lawsuit on favourable terms in a landmark result. Traders cited improving fundamentals and strong momentum.,0.489,Regulatory/Legal,6
N00565,2026-08-14 12:41:00,Global Markets Brief,CVX,"Chevron delays renewables unit launch after quality issues, sending shares lower","Chevron delays renewables unit launch after quality issues, sending shares lower. Analysts flagged downside risks and trimmed their estimates.",-0.615,Product Launch,5
N00566,2026-08-14 13:03:00,FinTimes Daily,NVDA,NVIDIA to report quarterly results next week,NVIDIA to report quarterly results next week. The development was largely expected by market participants.,0.063,Earnings,1
N00567,2026-08-14 13:24:00,Global Markets Brief,AMZN,"Amazon faces new government investigation into its practices, triggering a sharp selloff","Amazon faces new government investigation into its practices, triggering a sharp selloff. Investors reacted cautiously, citing uncertainty over near-term outlook.",-0.7,Regulatory/Legal,8
N00568,2026-08-14 13:38:00,FinTimes Daily,GS,"Goldman Sachs raises full-year guidance after a strong quarter, sparking a strong rally","Goldman Sachs raises full-year guidance after a strong quarter, sparking a strong rally. Investors responded positively, with analysts raising price targets.",0.891,Earnings,8
N00569,2026-08-14 14:21:00,MarketDesk Wire,MSFT,"Microsoft wins regulatory approval for its developer toolkit, lifting shares","Microsoft wins regulatory approval for its developer toolkit, lifting shares. Traders cited improving fundamentals and strong momentum.",0.53,Regulatory/Legal,6
N00570,2026-08-14 14:26:00,Global Markets Brief,MSFT,"Microsoft unveils new software suite, early orders exceed expectations, lifting shares","Microsoft unveils new software suite, early orders exceed expectations, lifting shares. Investors responded positively, with analysts raising price targets.",0.613,Product Launch,5
N00571,2026-08-14 14:27:00,Capital Ledger,AMZN,"Amazon completes acquisition ahead of schedule, synergies seen in a landmark result","Amazon completes acquisition ahead of schedule, synergies seen in a landmark result. Traders cited improving fundamentals and strong momentum.",0.683,Merger/Acquisition,6
N00572,2026-08-14 14:30:00,Global Markets Brief,BAC,"Bank of America cuts full-year outlook citing weak demand, sending shares lower","Bank of America cuts full-year outlook citing weak demand, sending shares lower. Investors reacted cautiously, citing uncertainty over near-term outlook.",-0.785,Earnings,7
N00573,2026-08-14 15:19:00,FinTimes Daily,AAPL,"Apple misses earnings expectations as margins shrink, sending shares lower","Apple misses earnings expectations as margins shrink, sending shares lower. Investors reacted cautiously, citing uncertainty over near-term outlook.",-0.654,Earnings,6
N00574,2026-08-14 16:57:00,FinTimes Daily,GS,Moody's-style agency affirms Goldman Sachs at A+ with a stable outlook,Moody's-style agency affirms Goldman Sachs at A+ with a stable outlook. Analysts said it was too early to assess any lasting impact.,-0.058,Credit Event,3
N00575,2026-08-14 17:07:00,Global Markets Brief,PFE,"Pfizer overpays for acquisition, analysts warn of dilution, triggering a sharp selloff","Pfizer overpays for acquisition, analysts warn of dilution, triggering a sharp selloff. Analysts flagged downside risks and trimmed their estimates.",-0.69,Merger/Acquisition,7
N00576,2026-08-14 19:24:00,Global Markets Brief,AAPL,Apple beats quarterly earnings estimates as revenue climbs 12.6%,"Apple beats quarterly earnings estimates as revenue climbs 12.6%. Investors responded positively, with analysts raising price targets.",0.572,Earnings,4
N00577,2026-08-14 19:25:00,MarketDesk Wire,GS,Goldman Sachs launches wealth platform to strong reviews in a landmark result,Goldman Sachs launches wealth platform to strong reviews in a landmark result. Traders cited improving fundamentals and strong momentum.,0.746,Product Launch,6
N00578,2026-08-14 19:36:00,FinTimes Daily,JPM,"JPMorgan Chase settles lawsuit on favourable terms, lifting shares","JPMorgan Chase settles lawsuit on favourable terms, lifting shares. Investors responded positively, with analysts raising price targets.",0.576,Regulatory/Legal,5
N00579,2026-08-14 20:11:00,Capital Ledger,PFE,"a major rating agency downgrades Pfizer to AA amid rising debt, triggering a sharp selloff","a major rating agency downgrades Pfizer to AA amid rising debt, triggering a sharp selloff. Analysts flagged downside risks and trimmed their estimates.",-0.717,Credit Event,8
N00580,2026-08-17 09:30:00,Capital Ledger,JNJ,Johnson & Johnson misses earnings expectations as margins shrink,Johnson & Johnson misses earnings expectations as margins shrink. Analysts flagged downside risks and trimmed their estimates.,-0.529,Earnings,4
N00581,2026-08-17 10:14:00,Capital Ledger,NVDA,"NVIDIA faces antitrust challenge over proposed $20bn merger, triggering a sharp selloff","NVIDIA faces antitrust challenge over proposed $20bn merger, triggering a sharp selloff. Analysts flagged downside risks and trimmed their estimates.",-0.954,Merger/Acquisition,9
N00582,2026-08-17 11:21:00,FinTimes Daily,PFE,"Pfizer loses court ruling, appeal expected, triggering a sharp selloff","Pfizer loses court ruling, appeal expected, triggering a sharp selloff. Investors reacted cautiously, citing uncertainty over near-term outlook.",-0.703,Regulatory/Legal,6
N00583,2026-08-17 16:30:00,Capital Ledger,PFE,"Pfizer wins regulatory approval for its oncology drug, lifting shares","Pfizer wins regulatory approval for its oncology drug, lifting shares. Traders cited improving fundamentals and strong momentum.",0.683,Regulatory/Legal,4
N00584,2026-08-17 16:41:00,Global Markets Brief,GOOGL,"Alphabet beats quarterly earnings estimates as revenue climbs 2.2%, sparking a strong rally","Alphabet beats quarterly earnings estimates as revenue climbs 2.2%, sparking a strong rally. Investors responded positively, with analysts raising price targets.",0.842,Earnings,8
N00585,2026-08-17 17:17:00,MarketDesk Wire,XOM,Exxon Mobil faces antitrust challenge over proposed $9bn merger,Exxon Mobil faces antitrust challenge over proposed $9bn merger. Analysts flagged downside risks and trimmed their estimates.,-0.477,Merger/Acquisition,5
N00586,2026-08-17 17:42:00,MarketDesk Wire,WMT,Walmart delays delivery service launch after quality issues in what analysts call a major shock,"Walmart delays delivery service launch after quality issues in what analysts call a major shock. Investors reacted cautiously, citing uncertainty over near-term outlook.",-0.797,Product Launch,7
N00587,2026-08-17 17:57:00,Global Markets Brief,BAC,Bank of America settles lawsuit on favourable terms,"Bank of America settles lawsuit on favourable terms. Investors responded positively, with analysts raising price targets.",0.496,Regulatory/Legal,4
N00588,2026-08-17 18:55:00,FinTimes Daily,GS,S&P-style agency affirms Goldman Sachs at BBB with a stable outlook,S&P-style agency affirms Goldman Sachs at BBB with a stable outlook. The development was largely expected by market participants.,-0.018,Credit Event,3
N00589,2026-08-17 19:17:00,FinTimes Daily,NVDA,NVIDIA settles lawsuit on favourable terms,"NVIDIA settles lawsuit on favourable terms. Investors responded positively, with analysts raising price targets.",0.514,Regulatory/Legal,3
N00590,2026-08-17 20:49:00,MarketDesk Wire,BAC,Bank of America announces date for its next wealth platform event,Bank of America announces date for its next wealth platform event. Analysts said it was too early to assess any lasting impact.,-0.084,Product Launch,2
N00591,2026-08-18 07:40:00,MarketDesk Wire,MSFT,"Microsoft unveils new software suite, early orders exceed expectations in a landmark result","Microsoft unveils new software suite, early orders exceed expectations in a landmark result. Investors responded positively, with analysts raising price targets.",0.741,Product Launch,7
N00592,2026-08-18 07:58:00,Global Markets Brief,XOM,Moody's-style agency affirms Exxon Mobil at BBB+ with a stable outlook,Moody's-style agency affirms Exxon Mobil at BBB+ with a stable outlook. Analysts said it was too early to assess any lasting impact.,-0.051,Credit Event,3
N00593,2026-08-18 09:55:00,FinTimes Daily,GS,"Goldman Sachs posts record profit, with earnings per share ahead of consensus, lifting shares","Goldman Sachs posts record profit, with earnings per share ahead of consensus, lifting shares. Investors responded positively, with analysts raising price targets.",0.724,Earnings,7
N00594,2026-08-18 10:05:00,FinTimes Daily,MSFT,Regulators open consultation on rules affecting the Technology sector,Regulators open consultation on rules affecting the Technology sector. Analysts said it was too early to assess any lasting impact.,0.034,Regulatory/Legal,3
N00595,2026-08-18 10:17:00,FinTimes Daily,BAC,"Bank of America reports revenue decline of 2.5% year over year, sending shares lower","Bank of America reports revenue decline of 2.5% year over year, sending shares lower. Investors reacted cautiously, citing uncertainty over near-term outlook.",-0.747,Earnings,6
N00596,2026-08-18 10:32:00,FinTimes Daily,META,"Meta Platforms raises loan loss provisions by 4.5% as defaults rise, sending shares lower","Meta Platforms raises loan loss provisions by 4.5% as defaults rise, sending shares lower. Analysts flagged downside risks and trimmed their estimates.",-0.75,Credit Event,7
N00597,2026-08-18 11:14:00,FinTimes Daily,JPM,JPMorgan Chase to report quarterly results next week,JPMorgan Chase to report quarterly results next week. The development was largely expected by market participants.,0.001,Earnings,3
N00598,2026-08-18 11:26:00,Global Markets Brief,AMZN,Amazon reports revenue decline of 7.1% year over year,Amazon reports revenue decline of 7.1% year over year. Analysts flagged downside risks and trimmed their estimates.,-0.581,Earnings,4
N00599,2026-08-18 11:26:00,Capital Ledger,AAPL,Apple to acquire a rival in a $36bn deal expected to boost margins in a landmark result,"Apple to acquire a rival in a $36bn deal expected to boost margins in a landmark result. Investors responded positively, with analysts raising price targets.",0.859,Merger/Acquisition,9
N00600,2026-08-18 11:40:00,FinTimes Daily,CVX,Chevron cuts full-year outlook citing weak demand in what analysts call a major shock,"Chevron cuts full-year outlook citing weak demand in what analysts call a major shock. Investors reacted cautiously, citing uncertainty over near-term outlook.",-0.845,Earnings,9
N00601,2026-08-18 12:56:00,MarketDesk Wire,JNJ,Regulators open consultation on rules affecting the Healthcare sector,Regulators open consultation on rules affecting the Healthcare sector. The development was largely expected by market participants.,-0.112,Regulatory/Legal,2
N00602,2026-08-18 14:12:00,Capital Ledger,PFE,"Pfizer posts record profit, with earnings per share ahead of consensus, sparking a strong rally","Pfizer posts record profit, with earnings per share ahead of consensus, sparking a strong rally. Traders cited improving fundamentals and strong momentum.",0.657,Earnings,7
N00603,2026-08-18 15:17:00,Global Markets Brief,JNJ,Johnson & Johnson misses earnings expectations as margins shrink in what analysts call a major shock,Johnson & Johnson misses earnings expectations as margins shrink in what analysts call a major shock. Analysts flagged downside risks and trimmed their estimates.,-0.809,Earnings,7
N00604,2026-08-18 15:34:00,Global Markets Brief,AMZN,Amazon cuts full-year outlook citing weak demand in what analysts call a major shock,"Amazon cuts full-year outlook citing weak demand in what analysts call a major shock. Investors reacted cautiously, citing uncertainty over near-term outlook.",-0.851,Earnings,9
N00605,2026-08-18 15:45:00,FinTimes Daily,AMZN,"Amazon overpays for acquisition, analysts warn of dilution, triggering a sharp selloff","Amazon overpays for acquisition, analysts warn of dilution, triggering a sharp selloff. Analysts flagged downside risks and trimmed their estimates.",-0.728,Merger/Acquisition,7
N00606,2026-08-18 15:55:00,Global Markets Brief,BAC,"Bank of America loses court ruling, appeal expected, sending shares lower","Bank of America loses court ruling, appeal expected, sending shares lower. Investors reacted cautiously, citing uncertainty over near-term outlook.",-0.716,Regulatory/Legal,6
N00607,2026-08-18 16:23:00,Global Markets Brief,GOOGL,"Alphabet launches streaming service to strong reviews, lifting shares","Alphabet launches streaming service to strong reviews, lifting shares. Traders cited improving fundamentals and strong momentum.",0.532,Product Launch,3
N00608,2026-08-18 17:15:00,Global Markets Brief,KO,Coca-Cola settles lawsuit on favourable terms,Coca-Cola settles lawsuit on favourable terms. Traders cited improving fundamentals and strong momentum.,0.394,Regulatory/Legal,3
N00609,2026-08-18 17:25:00,MarketDesk Wire,GOOGL,"Alphabet launches streaming service to strong reviews, lifting shares","Alphabet launches streaming service to strong reviews, lifting shares. Investors responded positively, with analysts raising price targets.",0.515,Product Launch,3
N00610,2026-08-18 19:13:00,Capital Ledger,GS,Goldman Sachs misses earnings expectations as margins shrink in what analysts call a major shock,"Goldman Sachs misses earnings expectations as margins shrink in what analysts call a major shock. Investors reacted cautiously, citing uncertainty over near-term outlook.",-0.863,Earnings,7
N00611,2026-08-18 19:59:00,FinTimes Daily,AMZN,"Amazon settles lawsuit on favourable terms, lifting shares","Amazon settles lawsuit on favourable terms, lifting shares. Investors responded positively, with analysts raising price targets.",0.511,Regulatory/Legal,3
N00612,2026-08-18 20:16:00,FinTimes Daily,MSFT,"a major rating agency upgrades Microsoft to BB+ on improving leverage, lifting shares","a major rating agency upgrades Microsoft to BB+ on improving leverage, lifting shares. Investors responded positively, with analysts raising price targets.",0.628,Credit Event,5
N00613,2026-08-18 20:17:00,FinTimes Daily,,"GDP contracts by 6.5% in surprise slowdown, triggering a sharp selloff","GDP contracts by 6.5% in surprise slowdown, triggering a sharp selloff. Investors reacted cautiously, citing uncertainty over near-term outlook.",-1.0,Macroeconomic,10
N00614,2026-08-18 20:47:00,FinTimes Daily,PFE,Pfizer to report quarterly results next week,Pfizer to report quarterly results next week. The development was largely expected by market participants.,0.055,Earnings,1
N00615,2026-08-19 08:39:00,Capital Ledger,GOOGL,Regulators open consultation on rules affecting the Communication sector,Regulators open consultation on rules affecting the Communication sector. Analysts said it was too early to assess any lasting impact.,-0.083,Regulatory/Legal,3
N00616,2026-08-19 09:01:00,FinTimes Daily,,Recession fears mount as unemployment rises in what analysts call a major shock,Recession fears mount as unemployment rises in what analysts call a major shock. Analysts flagged downside risks and trimmed their estimates.,-0.965,Macroeconomic,10
N00617,2026-08-19 09:30:00,Capital Ledger,KO,Regulators open consultation on rules affecting the Consumer sector,Regulators open consultation on rules affecting the Consumer sector. The development was largely expected by market participants.,-0.067,Regulatory/Legal,1
N00618,2026-08-19 12:45:00,Global Markets Brief,WMT,Walmart beats quarterly earnings estimates as revenue climbs 10.5%,Walmart beats quarterly earnings estimates as revenue climbs 10.5%. Traders cited improving fundamentals and strong momentum.,0.643,Earnings,5
N00619,2026-08-19 14:26:00,FinTimes Daily,AMZN,Amazon warns of covenant breach as cash flow tightens in what analysts call a major shock,"Amazon warns of covenant breach as cash flow tightens in what analysts call a major shock. Investors reacted cautiously, citing uncertainty over near-term outlook.",-1.0,Credit Event,10
N00620,2026-08-19 14:39:00,Global Markets Brief,BAC,"Bank of America completes acquisition ahead of schedule, synergies seen in a landmark result","Bank of America completes acquisition ahead of schedule, synergies seen in a landmark result. Traders cited improving fundamentals and strong momentum.",0.761,Merger/Acquisition,8
N00621,2026-08-19 14:53:00,Global Markets Brief,CVX,Chevron wins regulatory approval for its offshore field in a landmark result,Chevron wins regulatory approval for its offshore field in a landmark result. Traders cited improving fundamentals and strong momentum.,0.668,Regulatory/Legal,6
N00622,2026-08-19 15:17:00,FinTimes Daily,,GDP contracts by 10.2% in surprise slowdown in what analysts call a major shock,"GDP contracts by 10.2% in surprise slowdown in what analysts call a major shock. Investors reacted cautiously, citing uncertainty over near-term outlook.",-0.873,Macroeconomic,10
N00623,2026-08-19 15:32:00,Capital Ledger,CVX,"S&P-style agency upgrades Chevron to A+ on improving leverage, lifting shares","S&P-style agency upgrades Chevron to A+ on improving leverage, lifting shares. Investors responded positively, with analysts raising price targets.",0.629,Credit Event,6
N00624,2026-08-19 17:28:00,MarketDesk Wire,GS,"Goldman Sachs unveils new wealth platform, early orders exceed expectations, lifting shares","Goldman Sachs unveils new wealth platform, early orders exceed expectations, lifting shares. Investors responded positively, with analysts raising price targets.",0.699,Product Launch,6
N00625,2026-08-19 17:36:00,MarketDesk Wire,NVDA,NVIDIA refinances debt at lower rates and extends maturities in a landmark result,NVIDIA refinances debt at lower rates and extends maturities in a landmark result. Traders cited improving fundamentals and strong momentum.,0.753,Credit Event,8
N00626,2026-08-19 17:40:00,FinTimes Daily,,"GDP contracts by 11.6% in surprise slowdown, sending shares lower","GDP contracts by 11.6% in surprise slowdown, sending shares lower. Investors reacted cautiously, citing uncertainty over near-term outlook.",-0.904,Macroeconomic,9
N00627,2026-08-19 18:31:00,Capital Ledger,,Central bank minutes due for release on Wednesday,Central bank minutes due for release on Wednesday. Analysts said it was too early to assess any lasting impact.,0.107,Macroeconomic,3
N00628,2026-08-19 19:43:00,Global Markets Brief,XOM,"Exxon Mobil walks away from $2bn takeover talks, triggering a sharp selloff","Exxon Mobil walks away from $2bn takeover talks, triggering a sharp selloff. Analysts flagged downside risks and trimmed their estimates.",-0.621,Merger/Acquisition,5
N00629,2026-08-19 20:06:00,FinTimes Daily,AMZN,"Amazon raises full-year guidance after a strong quarter, lifting shares","Amazon raises full-year guidance after a strong quarter, lifting shares. Traders cited improving fundamentals and strong momentum.",0.662,Earnings,7
N00630,2026-08-19 20:18:00,Capital Ledger,JNJ,"Johnson & Johnson overpays for acquisition, analysts warn of dilution, sending shares lower","Johnson & Johnson overpays for acquisition, analysts warn of dilution, sending shares lower. Analysts flagged downside risks and trimmed their estimates.",-0.64,Merger/Acquisition,5
N00631,2026-08-19 20:53:00,Global Markets Brief,PFE,"Pfizer walks away from $27bn takeover talks, sending shares lower","Pfizer walks away from $27bn takeover talks, sending shares lower. Investors reacted cautiously, citing uncertainty over near-term outlook.",-0.552,Merger/Acquisition,4
N00632,2026-08-20 06:31:00,Global Markets Brief,JPM,JPMorgan Chase reports revenue decline of 9.0% year over year,JPMorgan Chase reports revenue decline of 9.0% year over year. Analysts flagged downside risks and trimmed their estimates.,-0.524,Earnings,4
N00633,2026-08-20 06:51:00,Global Markets Brief,GOOGL,Alphabet launches AI assistant to strong reviews,Alphabet launches AI assistant to strong reviews. Traders cited improving fundamentals and strong momentum.,0.457,Product Launch,2
N00634,2026-08-20 07:14:00,Global Markets Brief,AMZN,"Amazon unveils new delivery service, early orders exceed expectations in a landmark result","Amazon unveils new delivery service, early orders exceed expectations in a landmark result. Traders cited improving fundamentals and strong momentum.",0.665,Product Launch,6
N00635,2026-08-20 08:11:00,Capital Ledger,,Trade agreement signed with partners in Eastern Europe cheers markets in a landmark result,"Trade agreement signed with partners in Eastern Europe cheers markets in a landmark result. Investors responded positively, with analysts raising price targets.",0.748,Geopolitical,8
N00636,2026-08-20 08:16:00,Global Markets Brief,AAPL,"Apple warns of covenant breach as cash flow tightens, sending shares lower","Apple warns of covenant breach as cash flow tightens, sending shares lower. Analysts flagged downside risks and trimmed their estimates.",-0.778,Credit Event,8
N00637,2026-08-20 10:12:00,FinTimes Daily,PFE,Moody's-style agency downgrades Pfizer to BB+ amid rising debt,Moody's-style agency downgrades Pfizer to BB+ amid rising debt. Analysts flagged downside risks and trimmed their estimates.,-0.611,Credit Event,6
N00638,2026-08-20 10:16:00,Capital Ledger,GOOGL,"Alphabet unveils new streaming service, early orders exceed expectations, lifting shares","Alphabet unveils new streaming service, early orders exceed expectations, lifting shares. Traders cited improving fundamentals and strong momentum.",0.522,Product Launch,5
N00639,2026-08-20 11:02:00,Capital Ledger,MSFT,"Microsoft hit with $1000m fine by regulators, triggering a sharp selloff","Microsoft hit with $1000m fine by regulators, triggering a sharp selloff. Analysts flagged downside risks and trimmed their estimates.",-0.89,Regulatory/Legal,8
N00640,2026-08-20 12:13:00,MarketDesk Wire,JPM,JPMorgan Chase warns of covenant breach as cash flow tightens in what analysts call a major shock,"JPMorgan Chase warns of covenant breach as cash flow tightens in what analysts call a major shock. Investors reacted cautiously, citing uncertainty over near-term outlook.",-0.906,Credit Event,10
N00641,2026-08-20 12:57:00,MarketDesk Wire,BAC,Bank of America raises loan loss provisions by 5.6% as defaults rise in what analysts call a major shock,"Bank of America raises loan loss provisions by 5.6% as defaults rise in what analysts call a major shock. Investors reacted cautiously, citing uncertainty over near-term outlook.",-0.819,Credit Event,8
N00642,2026-08-20 13:19:00,Capital Ledger,CVX,S&P-style agency upgrades Chevron to A- on improving leverage in a landmark result,"S&P-style agency upgrades Chevron to A- on improving leverage in a landmark result. Investors responded positively, with analysts raising price targets.",0.747,Credit Event,7
N00643,2026-08-20 15:25:00,FinTimes Daily,,"Strong jobs report boosts growth outlook, lifting shares","Strong jobs report boosts growth outlook, lifting shares. Investors responded positively, with analysts raising price targets.",0.449,Macroeconomic,4
N00644,2026-08-20 15:43:00,Global Markets Brief,KO,"Moody's-style agency upgrades Coca-Cola to BBB on improving leverage, sparking a strong rally","Moody's-style agency upgrades Coca-Cola to BBB on improving leverage, sparking a strong rally. Traders cited improving fundamentals and strong momentum.",0.828,Credit Event,8
N00645,2026-08-20 16:52:00,Capital Ledger,AMZN,"Amazon recalls delivery service over safety defect, sending shares lower","Amazon recalls delivery service over safety defect, sending shares lower. Investors reacted cautiously, citing uncertainty over near-term outlook.",-0.667,Product Launch,8
N00646,2026-08-20 17:27:00,FinTimes Daily,MSFT,Microsoft walks away from $7bn takeover talks in what analysts call a major shock,"Microsoft walks away from $7bn takeover talks in what analysts call a major shock. Investors reacted cautiously, citing uncertainty over near-term outlook.",-0.68,Merger/Acquisition,7
N00647,2026-08-20 17:54:00,Capital Ledger,AMZN,"Amazon beats quarterly earnings estimates as revenue climbs 13.7%, lifting shares","Amazon beats quarterly earnings estimates as revenue climbs 13.7%, lifting shares. Traders cited improving fundamentals and strong momentum.",0.657,Earnings,5
N00648,2026-08-20 20:10:00,Capital Ledger,CVX,Chevron reports revenue decline of 10.2% year over year in what analysts call a major shock,"Chevron reports revenue decline of 10.2% year over year in what analysts call a major shock. Investors reacted cautiously, citing uncertainty over near-term outlook.",-0.799,Earnings,8
N00649,2026-08-20 20:29:00,FinTimes Daily,META,Meta Platforms settles lawsuit on favourable terms in a landmark result,"Meta Platforms settles lawsuit on favourable terms in a landmark result. Investors responded positively, with analysts raising price targets.",0.559,Regulatory/Legal,6
N00650,2026-08-20 20:46:00,MarketDesk Wire,MSFT,"Microsoft beats quarterly earnings estimates as revenue climbs 8.6%, sparking a strong rally","Microsoft beats quarterly earnings estimates as revenue climbs 8.6%, sparking a strong rally. Investors responded positively, with analysts raising price targets.",0.75,Earnings,8
N00651,2026-08-21 07:23:00,Global Markets Brief,NVDA,"a major rating agency upgrades NVIDIA to A on improving leverage, sparking a strong rally","a major rating agency upgrades NVIDIA to A on improving leverage, sparking a strong rally. Investors responded positively, with analysts raising price targets.",0.668,Credit Event,6
N00652,2026-08-21 07:48:00,FinTimes Daily,BAC,"Bank of America posts record profit, with earnings per share ahead of consensus, lifting shares","Bank of America posts record profit, with earnings per share ahead of consensus, lifting shares. Investors responded positively, with analysts raising price targets.",0.662,Earnings,6
N00653,2026-08-21 08:15:00,MarketDesk Wire,JNJ,Johnson & Johnson recalls vaccine over safety defect,Johnson & Johnson recalls vaccine over safety defect. Analysts flagged downside risks and trimmed their estimates.,-0.643,Product Launch,6
N00654,2026-08-21 08:21:00,MarketDesk Wire,JNJ,"Johnson & Johnson cuts full-year outlook citing weak demand, sending shares lower","Johnson & Johnson cuts full-year outlook citing weak demand, sending shares lower. Analysts flagged downside risks and trimmed their estimates.",-0.825,Earnings,8
N00655,2026-08-21 10:11:00,MarketDesk Wire,NVDA,NVIDIA reports revenue decline of 2.4% year over year in what analysts call a major shock,NVIDIA reports revenue decline of 2.4% year over year in what analysts call a major shock. Analysts flagged downside risks and trimmed their estimates.,-0.7,Earnings,7
N00656,2026-08-21 10:58:00,Global Markets Brief,,New sanctions disrupt energy supply chains linked to North Africa,"New sanctions disrupt energy supply chains linked to North Africa. Investors reacted cautiously, citing uncertainty over near-term outlook.",-0.815,Geopolitical,8
N00657,2026-08-21 11:05:00,Global Markets Brief,,"Central bank holds rates and signals easing ahead, lifting shares","Central bank holds rates and signals easing ahead, lifting shares. Investors responded positively, with analysts raising price targets.",0.751,Macroeconomic,7
N00658,2026-08-21 12:48:00,Global Markets Brief,BAC,Bank of America announces date for its next trading platform event,Bank of America announces date for its next trading platform event. The development was largely expected by market participants.,0.006,Product Launch,2
N00659,2026-08-21 14:28:00,FinTimes Daily,XOM,Regulators open consultation on rules affecting the Energy sector,Regulators open consultation on rules affecting the Energy sector. Analysts said it was too early to assess any lasting impact.,0.005,Regulatory/Legal,1
N00660,2026-08-21 14:29:00,MarketDesk Wire,NVDA,"NVIDIA to acquire a rival in a $10bn deal expected to boost margins, lifting shares","NVIDIA to acquire a rival in a $10bn deal expected to boost margins, lifting shares. Traders cited improving fundamentals and strong momentum.",0.759,Merger/Acquisition,6
N00661,2026-08-21 14:32:00,MarketDesk Wire,JNJ,Johnson & Johnson announces date for its next oncology drug event,Johnson & Johnson announces date for its next oncology drug event. Analysts said it was too early to assess any lasting impact.,-0.011,Product Launch,3
N00662,2026-08-21 15:04:00,Capital Ledger,XOM,"Exxon Mobil unveils new LNG project, early orders exceed expectations, sparking a strong rally","Exxon Mobil unveils new LNG project, early orders exceed expectations, sparking a strong rally. Investors responded positively, with analysts raising price targets.",0.668,Product Launch,7
N00663,2026-08-21 15:24:00,MarketDesk Wire,JPM,JPMorgan Chase faces antitrust challenge over proposed $30bn merger,JPMorgan Chase faces antitrust challenge over proposed $30bn merger. Analysts flagged downside risks and trimmed their estimates.,-0.62,Merger/Acquisition,5
N00664,2026-08-21 15:45:00,Capital Ledger,JNJ,"Johnson & Johnson loses court ruling, appeal expected","Johnson & Johnson loses court ruling, appeal expected. Analysts flagged downside risks and trimmed their estimates.",-0.671,Regulatory/Legal,6
N00665,2026-08-21 16:02:00,FinTimes Daily,,Central bank signals higher rates for longer in what analysts call a major shock,Central bank signals higher rates for longer in what analysts call a major shock. Analysts flagged downside risks and trimmed their estimates.,-0.963,Macroeconomic,10
N00666,2026-08-21 17:04:00,Capital Ledger,GS,"Goldman Sachs settles lawsuit on favourable terms, sparking a strong rally","Goldman Sachs settles lawsuit on favourable terms, sparking a strong rally. Investors responded positively, with analysts raising price targets.",0.466,Regulatory/Legal,4
N00667,2026-08-21 17:13:00,Capital Ledger,AAPL,a major rating agency affirms Apple at A+ with a stable outlook,a major rating agency affirms Apple at A+ with a stable outlook. Analysts said it was too early to assess any lasting impact.,0.09,Credit Event,3
N00668,2026-08-21 17:15:00,Global Markets Brief,CVX,Chevron raises full-year guidance after a strong quarter in a landmark result,Chevron raises full-year guidance after a strong quarter in a landmark result. Traders cited improving fundamentals and strong momentum.,0.81,Earnings,7
N00669,2026-08-21 20:40:00,FinTimes Daily,WMT,"Walmart loses court ruling, appeal expected in what analysts call a major shock","Walmart loses court ruling, appeal expected in what analysts call a major shock. Investors reacted cautiously, citing uncertainty over near-term outlook.",-0.854,Regulatory/Legal,9
N00670,2026-08-24 06:05:00,Capital Ledger,JNJ,"Johnson & Johnson reports revenue decline of 3.4% year over year, sending shares lower","Johnson & Johnson reports revenue decline of 3.4% year over year, sending shares lower. Investors reacted cautiously, citing uncertainty over near-term outlook.",-0.589,Earnings,6
N00671,2026-08-24 06:08:00,Capital Ledger,NVDA,NVIDIA announces date for its next developer toolkit event,NVIDIA announces date for its next developer toolkit event. Analysts said it was too early to assess any lasting impact.,0.042,Product Launch,3
N00672,2026-08-24 06:17:00,MarketDesk Wire,KO,"Coca-Cola posts record profit, with earnings per share ahead of consensus, sparking a strong rally","Coca-Cola posts record profit, with earnings per share ahead of consensus, sparking a strong rally. Traders cited improving fundamentals and strong momentum.",0.91,Earnings,8
N00673,2026-08-24 06:25:00,Global Markets Brief,KO,"Coca-Cola wins regulatory approval for its beverage line, lifting shares","Coca-Cola wins regulatory approval for its beverage line, lifting shares. Traders cited improving fundamentals and strong momentum.",0.628,Regulatory/Legal,4
N00674,2026-08-24 06:40:00,Global Markets Brief,,Escalating conflict in North Africa rattles global markets,Escalating conflict in North Africa rattles global markets. Analysts flagged downside risks and trimmed their estimates.,-0.792,Geopolitical,7
N00675,2026-08-24 06:40:00,Capital Ledger,,"GDP contracts by 7.2% in surprise slowdown, sending shares lower","GDP contracts by 7.2% in surprise slowdown, sending shares lower. Investors reacted cautiously, citing uncertainty over near-term outlook.",-1.0,Macroeconomic,10
N00676,2026-08-24 09:08:00,Capital Ledger,CVX,Chevron walks away from $23bn takeover talks in what analysts call a major shock,"Chevron walks away from $23bn takeover talks in what analysts call a major shock. Investors reacted cautiously, citing uncertainty over near-term outlook.",-0.756,Merger/Acquisition,6
N00677,2026-08-24 09:31:00,MarketDesk Wire,JPM,"JPMorgan Chase recalls trading platform over safety defect, sending shares lower","JPMorgan Chase recalls trading platform over safety defect, sending shares lower. Analysts flagged downside risks and trimmed their estimates.",-0.595,Product Launch,6
N00678,2026-08-24 09:40:00,Global Markets Brief,META,"Meta Platforms beats quarterly earnings estimates as revenue climbs 13.6%, sparking a strong rally","Meta Platforms beats quarterly earnings estimates as revenue climbs 13.6%, sparking a strong rally. Traders cited improving fundamentals and strong momentum.",0.738,Earnings,7
N00679,2026-08-24 10:30:00,FinTimes Daily,MSFT,"Microsoft settles lawsuit on favourable terms, lifting shares","Microsoft settles lawsuit on favourable terms, lifting shares. Traders cited improving fundamentals and strong momentum.",0.424,Regulatory/Legal,3
N00680,2026-08-24 10:48:00,Global Markets Brief,PFE,"Pfizer faces antitrust challenge over proposed $29bn merger, triggering a sharp selloff","Pfizer faces antitrust challenge over proposed $29bn merger, triggering a sharp selloff. Investors reacted cautiously, citing uncertainty over near-term outlook.",-0.758,Merger/Acquisition,8
N00681,2026-08-24 11:34:00,MarketDesk Wire,CVX,"a major rating agency upgrades Chevron to BBB on improving leverage, lifting shares","a major rating agency upgrades Chevron to BBB on improving leverage, lifting shares. Traders cited improving fundamentals and strong momentum.",0.648,Credit Event,5
N00682,2026-08-24 11:36:00,FinTimes Daily,JNJ,Regulators open consultation on rules affecting the Healthcare sector,Regulators open consultation on rules affecting the Healthcare sector. The development was largely expected by market participants.,0.057,Regulatory/Legal,2
N00683,2026-08-24 12:54:00,MarketDesk Wire,MSFT,Microsoft refinances debt at lower rates and extends maturities,Microsoft refinances debt at lower rates and extends maturities. Traders cited improving fundamentals and strong momentum.,0.579,Credit Event,4
N00684,2026-08-24 13:01:00,Capital Ledger,KO,Coca-Cola confirms it is in talks over a possible acquisition,Coca-Cola confirms it is in talks over a possible acquisition. The development was largely expected by market participants.,0.083,Merger/Acquisition,3
N00685,2026-08-24 13:11:00,Global Markets Brief,,Escalating conflict in the Red Sea rattles global markets,Escalating conflict in the Red Sea rattles global markets. Analysts flagged downside risks and trimmed their estimates.,-0.758,Geopolitical,8
N00686,2026-08-24 14:02:00,MarketDesk Wire,,New sanctions disrupt energy supply chains linked to the Middle East,"New sanctions disrupt energy supply chains linked to the Middle East. Investors reacted cautiously, citing uncertainty over near-term outlook.",-0.781,Geopolitical,7
N00687,2026-08-24 14:07:00,FinTimes Daily,JNJ,Johnson & Johnson recalls oncology drug over safety defect,Johnson & Johnson recalls oncology drug over safety defect. Analysts flagged downside risks and trimmed their estimates.,-0.654,Product Launch,5
N00688,2026-08-24 15:44:00,FinTimes Daily,MSFT,"Microsoft refinances debt at lower rates and extends maturities, sparking a strong rally","Microsoft refinances debt at lower rates and extends maturities, sparking a strong rally. Investors responded positively, with analysts raising price targets.",0.696,Credit Event,7
N00689,2026-08-24 16:24:00,MarketDesk Wire,,"New sanctions disrupt energy supply chains linked to Eastern Europe, sending shares lower","New sanctions disrupt energy supply chains linked to Eastern Europe, sending shares lower. Investors reacted cautiously, citing uncertainty over near-term outlook.",-0.735,Geopolitical,7
N00690,2026-08-24 16:54:00,Global Markets Brief,AMZN,"Amazon warns of covenant breach as cash flow tightens, triggering a sharp selloff","Amazon warns of covenant breach as cash flow tightens, triggering a sharp selloff. Analysts flagged downside risks and trimmed their estimates.",-1.0,Credit Event,10
N00691,2026-08-24 17:31:00,Global Markets Brief,WMT,Walmart reports revenue decline of 13.0% year over year,Walmart reports revenue decline of 13.0% year over year. Analysts flagged downside risks and trimmed their estimates.,-0.518,Earnings,4
N00692,2026-08-24 18:35:00,Global Markets Brief,JNJ,"Johnson & Johnson overpays for acquisition, analysts warn of dilution, triggering a sharp selloff","Johnson & Johnson overpays for acquisition, analysts warn of dilution, triggering a sharp selloff. Investors reacted cautiously, citing uncertainty over near-term outlook.",-0.66,Merger/Acquisition,6
N00693,2026-08-24 19:47:00,FinTimes Daily,GOOGL,Alphabet misses earnings expectations as margins shrink in what analysts call a major shock,Alphabet misses earnings expectations as margins shrink in what analysts call a major shock. Analysts flagged downside risks and trimmed their estimates.,-0.857,Earnings,8
N00694,2026-08-24 20:37:00,Global Markets Brief,PFE,"Pfizer raises loan loss provisions by 12.1% as defaults rise, sending shares lower","Pfizer raises loan loss provisions by 12.1% as defaults rise, sending shares lower. Analysts flagged downside risks and trimmed their estimates.",-0.558,Credit Event,6
N00695,2026-08-25 06:28:00,Capital Ledger,,Escalating conflict in North Africa rattles global markets,Escalating conflict in North Africa rattles global markets. Analysts flagged downside risks and trimmed their estimates.,-0.892,Geopolitical,9
N00696,2026-08-25 06:38:00,Global Markets Brief,META,Regulators open consultation on rules affecting the Communication sector,Regulators open consultation on rules affecting the Communication sector. Analysts said it was too early to assess any lasting impact.,0.011,Regulatory/Legal,1
N00697,2026-08-25 07:44:00,FinTimes Daily,PFE,Pfizer recalls vaccine over safety defect,"Pfizer recalls vaccine over safety defect. Investors reacted cautiously, citing uncertainty over near-term outlook.",-0.605,Product Launch,5
N00698,2026-08-25 08:08:00,Global Markets Brief,GOOGL,"Alphabet posts record profit, with earnings per share ahead of consensus in a landmark result","Alphabet posts record profit, with earnings per share ahead of consensus in a landmark result. Traders cited improving fundamentals and strong momentum.",1.0,Earnings,10
N00699,2026-08-25 09:10:00,Capital Ledger,,Tariffs on imports from the Middle East spark fears of a trade war in what analysts call a major shock,"Tariffs on imports from the Middle East spark fears of a trade war in what analysts call a major shock. Investors reacted cautiously, citing uncertainty over near-term outlook.",-0.943,Geopolitical,9
N00700,2026-08-25 09:21:00,Capital Ledger,JPM,JPMorgan Chase faces new government investigation into its practices,"JPMorgan Chase faces new government investigation into its practices. Investors reacted cautiously, citing uncertainty over near-term outlook.",-0.659,Regulatory/Legal,6
N00701,2026-08-25 09:40:00,Capital Ledger,GS,"Goldman Sachs misses earnings expectations as margins shrink, triggering a sharp selloff","Goldman Sachs misses earnings expectations as margins shrink, triggering a sharp selloff. Investors reacted cautiously, citing uncertainty over near-term outlook.",-0.897,Earnings,8
N00702,2026-08-25 09:57:00,FinTimes Daily,KO,Coca-Cola announces date for its next delivery service event,Coca-Cola announces date for its next delivery service event. The development was largely expected by market participants.,0.071,Product Launch,2
N00703,2026-08-25 11:03:00,MarketDesk Wire,,"New sanctions disrupt energy supply chains linked to the Red Sea, triggering a sharp selloff","New sanctions disrupt energy supply chains linked to the Red Sea, triggering a sharp selloff. Analysts flagged downside risks and trimmed their estimates.",-0.745,Geopolitical,8
N00704,2026-08-25 11:18:00,Global Markets Brief,JNJ,"Johnson & Johnson raises full-year guidance after a strong quarter, sparking a strong rally","Johnson & Johnson raises full-year guidance after a strong quarter, sparking a strong rally. Traders cited improving fundamentals and strong momentum.",0.799,Earnings,8
N00705,2026-08-25 12:06:00,Global Markets Brief,GS,"Goldman Sachs to acquire a rival in a $38bn deal expected to boost margins, sparking a strong rally","Goldman Sachs to acquire a rival in a $38bn deal expected to boost margins, sparking a strong rally. Traders cited improving fundamentals and strong momentum.",0.766,Merger/Acquisition,8
N00706,2026-08-25 12:15:00,MarketDesk Wire,NVDA,"NVIDIA settles lawsuit on favourable terms, lifting shares","NVIDIA settles lawsuit on favourable terms, lifting shares. Investors responded positively, with analysts raising price targets.",0.616,Regulatory/Legal,4
N00707,2026-08-25 12:31:00,Capital Ledger,,Central bank minutes due for release on Wednesday,Central bank minutes due for release on Wednesday. The development was largely expected by market participants.,-0.033,Macroeconomic,1
N00708,2026-08-25 13:13:00,MarketDesk Wire,AAPL,"Apple recalls cloud platform over safety defect, triggering a sharp selloff","Apple recalls cloud platform over safety defect, triggering a sharp selloff. Investors reacted cautiously, citing uncertainty over near-term outlook.",-0.887,Product Launch,8
N00709,2026-08-25 13:44:00,Capital Ledger,CVX,"Chevron unveils new renewables unit, early orders exceed expectations","Chevron unveils new renewables unit, early orders exceed expectations. Investors responded positively, with analysts raising price targets.",0.656,Product Launch,5
N00710,2026-08-25 15:09:00,Global Markets Brief,CVX,Chevron cuts full-year outlook citing weak demand,"Chevron cuts full-year outlook citing weak demand. Investors reacted cautiously, citing uncertainty over near-term outlook.",-0.698,Earnings,6
N00711,2026-08-25 17:07:00,Global Markets Brief,AAPL,"Apple unveils new developer toolkit, early orders exceed expectations, lifting shares","Apple unveils new developer toolkit, early orders exceed expectations, lifting shares. Investors responded positively, with analysts raising price targets.",0.699,Product Launch,5
N00712,2026-08-25 17:12:00,Global Markets Brief,PFE,Pfizer walks away from $17bn takeover talks,Pfizer walks away from $17bn takeover talks. Analysts flagged downside risks and trimmed their estimates.,-0.423,Merger/Acquisition,3
N00713,2026-08-25 17:52:00,FinTimes Daily,GS,"Goldman Sachs posts record profit, with earnings per share ahead of consensus in a landmark result","Goldman Sachs posts record profit, with earnings per share ahead of consensus in a landmark result. Investors responded positively, with analysts raising price targets.",0.738,Earnings,8
N00714,2026-08-25 18:10:00,MarketDesk Wire,BAC,Bank of America announces date for its next digital banking app event,Bank of America announces date for its next digital banking app event. The development was largely expected by market participants.,0.054,Product Launch,3
N00715,2026-08-25 18:29:00,Global Markets Brief,BAC,Bank of America announces date for its next wealth platform event,Bank of America announces date for its next wealth platform event. The development was largely expected by market participants.,-0.044,Product Launch,3
N00716,2026-08-26 07:13:00,Capital Ledger,PFE,"Pfizer unveils new oncology drug, early orders exceed expectations","Pfizer unveils new oncology drug, early orders exceed expectations. Investors responded positively, with analysts raising price targets.",0.576,Product Launch,4
N00717,2026-08-26 09:17:00,Capital Ledger,AAPL,"Apple recalls software suite over safety defect, sending shares lower","Apple recalls software suite over safety defect, sending shares lower. Analysts flagged downside risks and trimmed their estimates.",-0.807,Product Launch,8
N00718,2026-08-26 09:40:00,Global Markets Brief,CVX,"Chevron launches offshore field to strong reviews, sparking a strong rally","Chevron launches offshore field to strong reviews, sparking a strong rally. Investors responded positively, with analysts raising price targets.",0.539,Product Launch,4
N00719,2026-08-26 10:55:00,MarketDesk Wire,JPM,"JPMorgan Chase reports revenue decline of 13.2% year over year, sending shares lower","JPMorgan Chase reports revenue decline of 13.2% year over year, sending shares lower. Analysts flagged downside risks and trimmed their estimates.",-0.603,Earnings,5
N00720,2026-08-26 11:17:00,Capital Ledger,CVX,Chevron wins regulatory approval for its LNG project,"Chevron wins regulatory approval for its LNG project. Investors responded positively, with analysts raising price targets.",0.49,Regulatory/Legal,4
N00721,2026-08-26 11:49:00,MarketDesk Wire,,"Central bank signals higher rates for longer, triggering a sharp selloff","Central bank signals higher rates for longer, triggering a sharp selloff. Analysts flagged downside risks and trimmed their estimates.",-0.806,Macroeconomic,8
N00722,2026-08-26 12:14:00,FinTimes Daily,,Recession fears mount as unemployment rises in what analysts call a major shock,"Recession fears mount as unemployment rises in what analysts call a major shock. Investors reacted cautiously, citing uncertainty over near-term outlook.",-0.907,Macroeconomic,10
N00723,2026-08-26 13:01:00,Capital Ledger,XOM,Exxon Mobil cuts full-year outlook citing weak demand,"Exxon Mobil cuts full-year outlook citing weak demand. Investors reacted cautiously, citing uncertainty over near-term outlook.",-0.567,Earnings,5
N00724,2026-08-26 14:41:00,MarketDesk Wire,KO,"Coca-Cola delays private-label line launch after quality issues, triggering a sharp selloff","Coca-Cola delays private-label line launch after quality issues, triggering a sharp selloff. Investors reacted cautiously, citing uncertainty over near-term outlook.",-0.572,Product Launch,6
N00725,2026-08-26 14:54:00,FinTimes Daily,MSFT,"Microsoft settles lawsuit on favourable terms, sparking a strong rally","Microsoft settles lawsuit on favourable terms, sparking a strong rally. Traders cited improving fundamentals and strong momentum.",0.543,Regulatory/Legal,4
N00726,2026-08-26 15:29:00,Global Markets Brief,GS,"Goldman Sachs overpays for acquisition, analysts warn of dilution","Goldman Sachs overpays for acquisition, analysts warn of dilution. Investors reacted cautiously, citing uncertainty over near-term outlook.",-0.568,Merger/Acquisition,4
N00727,2026-08-26 15:36:00,Capital Ledger,META,"Meta Platforms unveils new streaming service, early orders exceed expectations in a landmark result","Meta Platforms unveils new streaming service, early orders exceed expectations in a landmark result. Traders cited improving fundamentals and strong momentum.",0.806,Product Launch,8
N00728,2026-08-26 16:59:00,MarketDesk Wire,GOOGL,Alphabet wins regulatory approval for its AI assistant in a landmark result,"Alphabet wins regulatory approval for its AI assistant in a landmark result. Investors responded positively, with analysts raising price targets.",0.718,Regulatory/Legal,6
N00729,2026-08-26 19:20:00,MarketDesk Wire,GOOGL,"Alphabet completes acquisition ahead of schedule, synergies seen, sparking a strong rally","Alphabet completes acquisition ahead of schedule, synergies seen, sparking a strong rally. Investors responded positively, with analysts raising price targets.",0.59,Merger/Acquisition,5
N00730,2026-08-26 19:25:00,Capital Ledger,META,Meta Platforms confirms it is in talks over a possible acquisition,Meta Platforms confirms it is in talks over a possible acquisition. Analysts said it was too early to assess any lasting impact.,-0.01,Merger/Acquisition,1
N00731,2026-08-26 20:19:00,FinTimes Daily,GOOGL,Alphabet launches ad platform to strong reviews,Alphabet launches ad platform to strong reviews. Traders cited improving fundamentals and strong momentum.,0.503,Product Launch,3
N00732,2026-08-26 20:29:00,MarketDesk Wire,,Tariffs on imports from the Red Sea spark fears of a trade war,"Tariffs on imports from the Red Sea spark fears of a trade war. Investors reacted cautiously, citing uncertainty over near-term outlook.",-0.738,Geopolitical,8
N00733,2026-08-26 20:53:00,Capital Ledger,,Ceasefire in Eastern Europe lifts global risk appetite,Ceasefire in Eastern Europe lifts global risk appetite. Traders cited improving fundamentals and strong momentum.,0.506,Geopolitical,5
N00734,2026-08-27 06:31:00,Global Markets Brief,GS,Goldman Sachs earnings come in line with analyst expectations,Goldman Sachs earnings come in line with analyst expectations. The development was largely expected by market participants.,-0.038,Earnings,2
N00735,2026-08-27 06:38:00,FinTimes Daily,GS,Goldman Sachs delays digital banking app launch after quality issues,"Goldman Sachs delays digital banking app launch after quality issues. Investors reacted cautiously, citing uncertainty over near-term outlook.",-0.6,Product Launch,5
N00736,2026-08-27 06:59:00,Capital Ledger,MSFT,"Microsoft recalls software suite over safety defect, triggering a sharp selloff","Microsoft recalls software suite over safety defect, triggering a sharp selloff. Analysts flagged downside risks and trimmed their estimates.",-0.923,Product Launch,9
N00737,2026-08-27 07:00:00,MarketDesk Wire,JPM,"JPMorgan Chase loses court ruling, appeal expected","JPMorgan Chase loses court ruling, appeal expected. Analysts flagged downside risks and trimmed their estimates.",-0.664,Regulatory/Legal,5
N00738,2026-08-27 08:06:00,FinTimes Daily,GS,"Goldman Sachs launches wealth platform to strong reviews, lifting shares","Goldman Sachs launches wealth platform to strong reviews, lifting shares. Investors responded positively, with analysts raising price targets.",0.502,Product Launch,4
N00739,2026-08-27 09:03:00,FinTimes Daily,GOOGL,Alphabet settles lawsuit on favourable terms in a landmark result,"Alphabet settles lawsuit on favourable terms in a landmark result. Investors responded positively, with analysts raising price targets.",0.682,Regulatory/Legal,7
N00740,2026-08-27 10:26:00,FinTimes Daily,JNJ,Johnson & Johnson earnings come in line with analyst expectations,Johnson & Johnson earnings come in line with analyst expectations. Analysts said it was too early to assess any lasting impact.,0.031,Earnings,3
N00741,2026-08-27 12:23:00,MarketDesk Wire,BAC,Bank of America raises full-year guidance after a strong quarter,Bank of America raises full-year guidance after a strong quarter. Traders cited improving fundamentals and strong momentum.,0.565,Earnings,5
N00742,2026-08-27 12:45:00,Capital Ledger,KO,Coca-Cola raises full-year guidance after a strong quarter,Coca-Cola raises full-year guidance after a strong quarter. Traders cited improving fundamentals and strong momentum.,0.562,Earnings,4
N00743,2026-08-27 12:50:00,Capital Ledger,AMZN,Amazon earnings come in line with analyst expectations,Amazon earnings come in line with analyst expectations. The development was largely expected by market participants.,-0.077,Earnings,2
N00744,2026-08-27 12:58:00,Capital Ledger,GS,Goldman Sachs earnings come in line with analyst expectations,Goldman Sachs earnings come in line with analyst expectations. The development was largely expected by market participants.,-0.011,Earnings,3
N00745,2026-08-27 13:55:00,Capital Ledger,AMZN,Regulators open consultation on rules affecting the Consumer sector,Regulators open consultation on rules affecting the Consumer sector. Analysts said it was too early to assess any lasting impact.,-0.017,Regulatory/Legal,2
N00746,2026-08-27 16:57:00,Capital Ledger,PFE,Pfizer faces new government investigation into its practices in what analysts call a major shock,"Pfizer faces new government investigation into its practices in what analysts call a major shock. Investors reacted cautiously, citing uncertainty over near-term outlook.",-0.87,Regulatory/Legal,9
N00747,2026-08-27 17:56:00,Capital Ledger,JPM,"JPMorgan Chase faces antitrust challenge over proposed $32bn merger, triggering a sharp selloff","JPMorgan Chase faces antitrust challenge over proposed $32bn merger, triggering a sharp selloff. Investors reacted cautiously, citing uncertainty over near-term outlook.",-0.878,Merger/Acquisition,9
N00748,2026-08-27 18:27:00,MarketDesk Wire,KO,Coca-Cola misses earnings expectations as margins shrink,"Coca-Cola misses earnings expectations as margins shrink. Investors reacted cautiously, citing uncertainty over near-term outlook.",-0.584,Earnings,5
N00749,2026-08-27 18:56:00,Global Markets Brief,JNJ,Johnson & Johnson settles lawsuit on favourable terms,Johnson & Johnson settles lawsuit on favourable terms. Traders cited improving fundamentals and strong momentum.,0.288,Regulatory/Legal,2
N00750,2026-08-27 20:03:00,MarketDesk Wire,CVX,"Chevron posts record profit, with earnings per share ahead of consensus","Chevron posts record profit, with earnings per share ahead of consensus. Investors responded positively, with analysts raising price targets.",0.709,Earnings,6
N00751,2026-08-27 20:38:00,Capital Ledger,,Central bank minutes due for release on Wednesday,Central bank minutes due for release on Wednesday. The development was largely expected by market participants.,0.018,Macroeconomic,2
N00752,2026-08-27 20:57:00,Global Markets Brief,AMZN,"Amazon misses earnings expectations as margins shrink, triggering a sharp selloff","Amazon misses earnings expectations as margins shrink, triggering a sharp selloff. Investors reacted cautiously, citing uncertainty over near-term outlook.",-0.756,Earnings,7
N00753,2026-08-28 09:59:00,FinTimes Daily,META,Meta Platforms recalls streaming service over safety defect in what analysts call a major shock,"Meta Platforms recalls streaming service over safety defect in what analysts call a major shock. Investors reacted cautiously, citing uncertainty over near-term outlook.",-0.848,Product Launch,10
N00754,2026-08-28 10:23:00,MarketDesk Wire,,New sanctions disrupt energy supply chains linked to the Red Sea,"New sanctions disrupt energy supply chains linked to the Red Sea. Investors reacted cautiously, citing uncertainty over near-term outlook.",-0.741,Geopolitical,8
N00755,2026-08-28 10:43:00,Global Markets Brief,WMT,Walmart delays delivery service launch after quality issues,"Walmart delays delivery service launch after quality issues. Investors reacted cautiously, citing uncertainty over near-term outlook.",-0.44,Product Launch,3
N00756,2026-08-28 10:47:00,FinTimes Daily,MSFT,Microsoft beats quarterly earnings estimates as revenue climbs 2.7%,"Microsoft beats quarterly earnings estimates as revenue climbs 2.7%. Investors responded positively, with analysts raising price targets.",0.566,Earnings,5
N00757,2026-08-28 11:56:00,Global Markets Brief,,"New sanctions disrupt energy supply chains linked to the Middle East, sending shares lower","New sanctions disrupt energy supply chains linked to the Middle East, sending shares lower. Investors reacted cautiously, citing uncertainty over near-term outlook.",-0.82,Geopolitical,8
N00758,2026-08-28 12:33:00,MarketDesk Wire,JPM,JPMorgan Chase walks away from $6bn takeover talks,"JPMorgan Chase walks away from $6bn takeover talks. Investors reacted cautiously, citing uncertainty over near-term outlook.",-0.462,Merger/Acquisition,3
N00759,2026-08-28 13:05:00,Global Markets Brief,AAPL,"Apple refinances debt at lower rates and extends maturities, lifting shares","Apple refinances debt at lower rates and extends maturities, lifting shares. Traders cited improving fundamentals and strong momentum.",0.701,Credit Event,5
N00760,2026-08-28 13:37:00,Capital Ledger,META,"Meta Platforms delays streaming service launch after quality issues, sending shares lower","Meta Platforms delays streaming service launch after quality issues, sending shares lower. Investors reacted cautiously, citing uncertainty over near-term outlook.",-0.637,Product Launch,6
N00761,2026-08-28 14:45:00,Capital Ledger,GOOGL,Alphabet to report quarterly results next week,Alphabet to report quarterly results next week. The development was largely expected by market participants.,-0.016,Earnings,3
N00762,2026-08-28 15:21:00,Capital Ledger,,"Tariffs on imports from Eastern Europe spark fears of a trade war, triggering a sharp selloff","Tariffs on imports from Eastern Europe spark fears of a trade war, triggering a sharp selloff. Investors reacted cautiously, citing uncertainty over near-term outlook.",-0.778,Geopolitical,9
N00763,2026-08-28 15:55:00,MarketDesk Wire,GS,Goldman Sachs reports revenue decline of 3.1% year over year in what analysts call a major shock,Goldman Sachs reports revenue decline of 3.1% year over year in what analysts call a major shock. Analysts flagged downside risks and trimmed their estimates.,-0.782,Earnings,9
N00764,2026-08-28 16:07:00,Global Markets Brief,GOOGL,Alphabet misses earnings expectations as margins shrink in what analysts call a major shock,Alphabet misses earnings expectations as margins shrink in what analysts call a major shock. Analysts flagged downside risks and trimmed their estimates.,-0.924,Earnings,9
N00765,2026-08-28 19:06:00,Capital Ledger,,Tariffs on imports from the Red Sea spark fears of a trade war in what analysts call a major shock,Tariffs on imports from the Red Sea spark fears of a trade war in what analysts call a major shock. Analysts flagged downside risks and trimmed their estimates.,-0.934,Geopolitical,9
N00766,2026-08-28 20:20:00,Global Markets Brief,JPM,"JPMorgan Chase reports revenue decline of 9.6% year over year, triggering a sharp selloff","JPMorgan Chase reports revenue decline of 9.6% year over year, triggering a sharp selloff. Analysts flagged downside risks and trimmed their estimates.",-0.719,Earnings,6
N00767,2026-08-28 20:26:00,MarketDesk Wire,,"Central bank signals higher rates for longer, sending shares lower","Central bank signals higher rates for longer, sending shares lower. Investors reacted cautiously, citing uncertainty over near-term outlook.",-0.722,Macroeconomic,7
N00768,2026-08-28 20:35:00,MarketDesk Wire,,"GDP contracts by 4.0% in surprise slowdown, triggering a sharp selloff","GDP contracts by 4.0% in surprise slowdown, triggering a sharp selloff. Investors reacted cautiously, citing uncertainty over near-term outlook.",-0.938,Macroeconomic,10
N00769,2026-08-28 20:43:00,Capital Ledger,AMZN,"Amazon wins regulatory approval for its delivery service, sparking a strong rally","Amazon wins regulatory approval for its delivery service, sparking a strong rally. Traders cited improving fundamentals and strong momentum.",0.727,Regulatory/Legal,6
N00770,2026-08-31 06:07:00,FinTimes Daily,META,"Meta Platforms hit with $1300m fine by regulators, sending shares lower","Meta Platforms hit with $1300m fine by regulators, sending shares lower. Investors reacted cautiously, citing uncertainty over near-term outlook.",-0.702,Regulatory/Legal,7
N00771,2026-08-31 06:28:00,Global Markets Brief,BAC,Bank of America misses earnings expectations as margins shrink in what analysts call a major shock,Bank of America misses earnings expectations as margins shrink in what analysts call a major shock. Analysts flagged downside risks and trimmed their estimates.,-0.85,Earnings,9
N00772,2026-08-31 09:12:00,FinTimes Daily,WMT,S&P-style agency affirms Walmart at BBB with a stable outlook,S&P-style agency affirms Walmart at BBB with a stable outlook. Analysts said it was too early to assess any lasting impact.,-0.006,Credit Event,3
N00773,2026-08-31 09:17:00,MarketDesk Wire,MSFT,"Microsoft wins regulatory approval for its developer toolkit, lifting shares","Microsoft wins regulatory approval for its developer toolkit, lifting shares. Traders cited improving fundamentals and strong momentum.",0.604,Regulatory/Legal,5
N00774,2026-08-31 09:18:00,Capital Ledger,PFE,"Pfizer posts record profit, with earnings per share ahead of consensus, lifting shares","Pfizer posts record profit, with earnings per share ahead of consensus, lifting shares. Traders cited improving fundamentals and strong momentum.",0.862,Earnings,8
N00775,2026-08-31 09:43:00,Capital Ledger,,Escalating conflict in the South China Sea rattles global markets in what analysts call a major shock,"Escalating conflict in the South China Sea rattles global markets in what analysts call a major shock. Investors reacted cautiously, citing uncertainty over near-term outlook.",-0.887,Geopolitical,10
N00776,2026-08-31 12:40:00,Global Markets Brief,CVX,"Chevron settles lawsuit on favourable terms, lifting shares","Chevron settles lawsuit on favourable terms, lifting shares. Traders cited improving fundamentals and strong momentum.",0.446,Regulatory/Legal,3
N00777,2026-08-31 12:41:00,MarketDesk Wire,PFE,Pfizer refinances debt at lower rates and extends maturities in a landmark result,"Pfizer refinances debt at lower rates and extends maturities in a landmark result. Investors responded positively, with analysts raising price targets.",0.655,Credit Event,6
N00778,2026-08-31 12:48:00,FinTimes Daily,JNJ,"Johnson & Johnson faces antitrust challenge over proposed $28bn merger, triggering a sharp selloff","Johnson & Johnson faces antitrust challenge over proposed $28bn merger, triggering a sharp selloff. Analysts flagged downside risks and trimmed their estimates.",-0.783,Merger/Acquisition,7
N00779,2026-08-31 12:51:00,FinTimes Daily,META,Regulators open consultation on rules affecting the Communication sector,Regulators open consultation on rules affecting the Communication sector. The development was largely expected by market participants.,-0.038,Regulatory/Legal,1
N00780,2026-08-31 13:25:00,MarketDesk Wire,,"Inflation surprises to the upside at 8.6%, rate hike fears grow, sending shares lower","Inflation surprises to the upside at 8.6%, rate hike fears grow, sending shares lower. Investors reacted cautiously, citing uncertainty over near-term outlook.",-0.818,Macroeconomic,8
N00781,2026-08-31 13:32:00,MarketDesk Wire,XOM,"Exxon Mobil walks away from $30bn takeover talks, sending shares lower","Exxon Mobil walks away from $30bn takeover talks, sending shares lower. Investors reacted cautiously, citing uncertainty over near-term outlook.",-0.709,Merger/Acquisition,6
N00782,2026-08-31 13:43:00,FinTimes Daily,CVX,"Chevron overpays for acquisition, analysts warn of dilution in what analysts call a major shock","Chevron overpays for acquisition, analysts warn of dilution in what analysts call a major shock. Investors reacted cautiously, citing uncertainty over near-term outlook.",-0.874,Merger/Acquisition,9
N00783,2026-08-31 16:09:00,MarketDesk Wire,MSFT,Microsoft earnings come in line with analyst expectations,Microsoft earnings come in line with analyst expectations. The development was largely expected by market participants.,0.027,Earnings,1
N00784,2026-08-31 16:36:00,Capital Ledger,MSFT,"Microsoft bond spreads widen on liquidity concerns, triggering a sharp selloff","Microsoft bond spreads widen on liquidity concerns, triggering a sharp selloff. Investors reacted cautiously, citing uncertainty over near-term outlook.",-0.679,Credit Event,7
N00785,2026-08-31 17:00:00,FinTimes Daily,JNJ,"Johnson & Johnson faces antitrust challenge over proposed $21bn merger, triggering a sharp selloff","Johnson & Johnson faces antitrust challenge over proposed $21bn merger, triggering a sharp selloff. Investors reacted cautiously, citing uncertainty over near-term outlook.",-0.739,Merger/Acquisition,7
N00786,2026-08-31 18:25:00,FinTimes Daily,,New sanctions disrupt energy supply chains linked to the Red Sea in what analysts call a major shock,New sanctions disrupt energy supply chains linked to the Red Sea in what analysts call a major shock. Analysts flagged downside risks and trimmed their estimates.,-0.817,Geopolitical,10
N00787,2026-08-31 18:26:00,MarketDesk Wire,AAPL,"Apple hit with $1400m fine by regulators, sending shares lower","Apple hit with $1400m fine by regulators, sending shares lower. Analysts flagged downside risks and trimmed their estimates.",-0.663,Regulatory/Legal,6
N00788,2026-08-31 18:39:00,MarketDesk Wire,META,Meta Platforms faces new government investigation into its practices,"Meta Platforms faces new government investigation into its practices. Investors reacted cautiously, citing uncertainty over near-term outlook.",-0.641,Regulatory/Legal,6
N00789,2026-08-31 18:59:00,Capital Ledger,,Central bank signals higher rates for longer,Central bank signals higher rates for longer. Analysts flagged downside risks and trimmed their estimates.,-0.502,Macroeconomic,5
N00790,2026-08-31 19:17:00,FinTimes Daily,,Central bank minutes due for release on Wednesday,Central bank minutes due for release on Wednesday. Analysts said it was too early to assess any lasting impact.,0.06,Macroeconomic,2
N00791,2026-08-31 19:46:00,Capital Ledger,PFE,"Pfizer beats quarterly earnings estimates as revenue climbs 11.2%, lifting shares","Pfizer beats quarterly earnings estimates as revenue climbs 11.2%, lifting shares. Investors responded positively, with analysts raising price targets.",0.609,Earnings,6
N00792,2026-08-31 20:20:00,FinTimes Daily,CVX,"Chevron loses court ruling, appeal expected","Chevron loses court ruling, appeal expected. Investors reacted cautiously, citing uncertainty over near-term outlook.",-0.634,Regulatory/Legal,4
N00793,2026-09-01 08:31:00,Capital Ledger,AMZN,Amazon hit with $3400m fine by regulators,Amazon hit with $3400m fine by regulators. Analysts flagged downside risks and trimmed their estimates.,-0.646,Regulatory/Legal,5
N00794,2026-09-01 08:55:00,Global Markets Brief,,Tariffs on imports from North Africa spark fears of a trade war,Tariffs on imports from North Africa spark fears of a trade war. Analysts flagged downside risks and trimmed their estimates.,-0.816,Geopolitical,7
N00795,2026-09-01 09:30:00,Global Markets Brief,XOM,a major rating agency downgrades Exxon Mobil to AA amid rising debt in what analysts call a major shock,"a major rating agency downgrades Exxon Mobil to AA amid rising debt in what analysts call a major shock. Investors reacted cautiously, citing uncertainty over near-term outlook.",-0.93,Credit Event,10
N00796,2026-09-01 09:53:00,Global Markets Brief,GOOGL,"Alphabet recalls AI assistant over safety defect, triggering a sharp selloff","Alphabet recalls AI assistant over safety defect, triggering a sharp selloff. Investors reacted cautiously, citing uncertainty over near-term outlook.",-0.884,Product Launch,8
N00797,2026-09-01 09:56:00,Capital Ledger,META,Meta Platforms raises full-year guidance after a strong quarter,Meta Platforms raises full-year guidance after a strong quarter. Traders cited improving fundamentals and strong momentum.,0.586,Earnings,4
N00798,2026-09-01 10:36:00,Global Markets Brief,WMT,"Walmart unveils new private-label line, early orders exceed expectations in a landmark result","Walmart unveils new private-label line, early orders exceed expectations in a landmark result. Traders cited improving fundamentals and strong momentum.",0.614,Product Launch,7
N00799,2026-09-01 11:43:00,MarketDesk Wire,,Escalating conflict in Eastern Europe rattles global markets,"Escalating conflict in Eastern Europe rattles global markets. Investors reacted cautiously, citing uncertainty over near-term outlook.",-0.929,Geopolitical,9
N00800,2026-09-01 11:53:00,MarketDesk Wire,XOM,Exxon Mobil to acquire a rival in a $2bn deal expected to boost margins in a landmark result,"Exxon Mobil to acquire a rival in a $2bn deal expected to boost margins in a landmark result. Investors responded positively, with analysts raising price targets.",0.756,Merger/Acquisition,7
N00801,2026-09-01 12:03:00,FinTimes Daily,BAC,"Bank of America completes acquisition ahead of schedule, synergies seen, sparking a strong rally","Bank of America completes acquisition ahead of schedule, synergies seen, sparking a strong rally. Traders cited improving fundamentals and strong momentum.",0.686,Merger/Acquisition,7
N00802,2026-09-01 12:54:00,Global Markets Brief,MSFT,"Microsoft loses court ruling, appeal expected","Microsoft loses court ruling, appeal expected. Analysts flagged downside risks and trimmed their estimates.",-0.636,Regulatory/Legal,6
N00803,2026-09-01 13:18:00,Global Markets Brief,,"New sanctions disrupt energy supply chains linked to the Red Sea, sending shares lower","New sanctions disrupt energy supply chains linked to the Red Sea, sending shares lower. Investors reacted cautiously, citing uncertainty over near-term outlook.",-0.845,Geopolitical,9
N00804,2026-09-01 13:55:00,FinTimes Daily,,Trade agreement signed with partners in the South China Sea cheers markets in a landmark result,"Trade agreement signed with partners in the South China Sea cheers markets in a landmark result. Investors responded positively, with analysts raising price targets.",0.738,Geopolitical,6
N00805,2026-09-01 13:58:00,Capital Ledger,WMT,"Walmart posts record profit, with earnings per share ahead of consensus, sparking a strong rally","Walmart posts record profit, with earnings per share ahead of consensus, sparking a strong rally. Investors responded positively, with analysts raising price targets.",0.822,Earnings,9
N00806,2026-09-01 15:35:00,Global Markets Brief,JNJ,Johnson & Johnson hit with $1400m fine by regulators in what analysts call a major shock,"Johnson & Johnson hit with $1400m fine by regulators in what analysts call a major shock. Investors reacted cautiously, citing uncertainty over near-term outlook.",-0.998,Regulatory/Legal,10
N00807,2026-09-01 16:45:00,FinTimes Daily,GOOGL,"Alphabet settles lawsuit on favourable terms, lifting shares","Alphabet settles lawsuit on favourable terms, lifting shares. Investors responded positively, with analysts raising price targets.",0.469,Regulatory/Legal,4
N00808,2026-09-01 17:25:00,FinTimes Daily,JPM,"JPMorgan Chase raises full-year guidance after a strong quarter, sparking a strong rally","JPMorgan Chase raises full-year guidance after a strong quarter, sparking a strong rally. Traders cited improving fundamentals and strong momentum.",0.665,Earnings,6
N00809,2026-09-01 18:28:00,Capital Ledger,GOOGL,"Alphabet delays ad platform launch after quality issues, sending shares lower","Alphabet delays ad platform launch after quality issues, sending shares lower. Investors reacted cautiously, citing uncertainty over near-term outlook.",-0.808,Product Launch,6
N00810,2026-09-01 18:41:00,Capital Ledger,NVDA,"NVIDIA raises full-year guidance after a strong quarter, lifting shares","NVIDIA raises full-year guidance after a strong quarter, lifting shares. Traders cited improving fundamentals and strong momentum.",0.664,Earnings,5
N00811,2026-09-01 19:19:00,Global Markets Brief,GS,Goldman Sachs cuts full-year outlook citing weak demand in what analysts call a major shock,"Goldman Sachs cuts full-year outlook citing weak demand in what analysts call a major shock. Investors reacted cautiously, citing uncertainty over near-term outlook.",-0.712,Earnings,8
N00812,2026-09-01 20:14:00,Capital Ledger,JNJ,Johnson & Johnson delays oncology drug launch after quality issues in what analysts call a major shock,Johnson & Johnson delays oncology drug launch after quality issues in what analysts call a major shock. Analysts flagged downside risks and trimmed their estimates.,-0.588,Product Launch,6
N00813,2026-09-02 06:33:00,Capital Ledger,JPM,JPMorgan Chase hit with $1700m fine by regulators in what analysts call a major shock,JPMorgan Chase hit with $1700m fine by regulators in what analysts call a major shock. Analysts flagged downside risks and trimmed their estimates.,-1.0,Regulatory/Legal,10
N00814,2026-09-02 06:38:00,MarketDesk Wire,JNJ,Regulators open consultation on rules affecting the Healthcare sector,Regulators open consultation on rules affecting the Healthcare sector. The development was largely expected by market participants.,-0.071,Regulatory/Legal,2
N00815,2026-09-02 07:08:00,MarketDesk Wire,PFE,"Pfizer completes acquisition ahead of schedule, synergies seen, lifting shares","Pfizer completes acquisition ahead of schedule, synergies seen, lifting shares. Investors responded positively, with analysts raising price targets.",0.629,Merger/Acquisition,6
N00816,2026-09-02 07:53:00,Global Markets Brief,WMT,Walmart to report quarterly results next week,Walmart to report quarterly results next week. Analysts said it was too early to assess any lasting impact.,-0.042,Earnings,1
N00817,2026-09-02 08:18:00,FinTimes Daily,PFE,"Pfizer loses court ruling, appeal expected, triggering a sharp selloff","Pfizer loses court ruling, appeal expected, triggering a sharp selloff. Analysts flagged downside risks and trimmed their estimates.",-0.732,Regulatory/Legal,8
N00818,2026-09-02 09:37:00,Global Markets Brief,,"Trade agreement signed with partners in the South China Sea cheers markets, lifting shares","Trade agreement signed with partners in the South China Sea cheers markets, lifting shares. Traders cited improving fundamentals and strong momentum.",0.507,Geopolitical,5
N00819,2026-09-02 09:48:00,Capital Ledger,KO,Coca-Cola bond spreads widen on liquidity concerns in what analysts call a major shock,"Coca-Cola bond spreads widen on liquidity concerns in what analysts call a major shock. Investors reacted cautiously, citing uncertainty over near-term outlook.",-0.872,Credit Event,8
N00820,2026-09-02 10:46:00,MarketDesk Wire,GS,"Goldman Sachs posts record profit, with earnings per share ahead of consensus","Goldman Sachs posts record profit, with earnings per share ahead of consensus. Traders cited improving fundamentals and strong momentum.",0.663,Earnings,6
N00821,2026-09-02 11:13:00,FinTimes Daily,AMZN,Amazon launches private-label line to strong reviews in a landmark result,"Amazon launches private-label line to strong reviews in a landmark result. Investors responded positively, with analysts raising price targets.",0.518,Product Launch,5
N00822,2026-09-02 12:03:00,FinTimes Daily,MSFT,"Microsoft completes acquisition ahead of schedule, synergies seen, lifting shares","Microsoft completes acquisition ahead of schedule, synergies seen, lifting shares. Traders cited improving fundamentals and strong momentum.",0.558,Merger/Acquisition,5
N00823,2026-09-02 13:48:00,Global Markets Brief,KO,Coca-Cola faces antitrust challenge over proposed $5bn merger in what analysts call a major shock,Coca-Cola faces antitrust challenge over proposed $5bn merger in what analysts call a major shock. Analysts flagged downside risks and trimmed their estimates.,-0.822,Merger/Acquisition,9
N00824,2026-09-02 14:01:00,Capital Ledger,CVX,"Chevron completes acquisition ahead of schedule, synergies seen, lifting shares","Chevron completes acquisition ahead of schedule, synergies seen, lifting shares. Traders cited improving fundamentals and strong momentum.",0.511,Merger/Acquisition,4
N00825,2026-09-02 14:36:00,MarketDesk Wire,NVDA,"NVIDIA to acquire a rival in a $6bn deal expected to boost margins, lifting shares","NVIDIA to acquire a rival in a $6bn deal expected to boost margins, lifting shares. Investors responded positively, with analysts raising price targets.",0.846,Merger/Acquisition,7
N00826,2026-09-02 14:59:00,MarketDesk Wire,KO,Coca-Cola misses earnings expectations as margins shrink in what analysts call a major shock,Coca-Cola misses earnings expectations as margins shrink in what analysts call a major shock. Analysts flagged downside risks and trimmed their estimates.,-0.74,Earnings,9
N00827,2026-09-02 15:06:00,FinTimes Daily,JPM,Regulators open consultation on rules affecting the Financials sector,Regulators open consultation on rules affecting the Financials sector. The development was largely expected by market participants.,0.057,Regulatory/Legal,2
N00828,2026-09-02 16:08:00,MarketDesk Wire,JNJ,a major rating agency downgrades Johnson & Johnson to A+ amid rising debt in what analysts call a major shock,"a major rating agency downgrades Johnson & Johnson to A+ amid rising debt in what analysts call a major shock. Investors reacted cautiously, citing uncertainty over near-term outlook.",-0.886,Credit Event,9
N00829,2026-09-02 16:17:00,MarketDesk Wire,JPM,JPMorgan Chase delays wealth platform launch after quality issues in what analysts call a major shock,JPMorgan Chase delays wealth platform launch after quality issues in what analysts call a major shock. Analysts flagged downside risks and trimmed their estimates.,-0.794,Product Launch,8
N00830,2026-09-02 16:41:00,MarketDesk Wire,AMZN,"Amazon recalls private-label line over safety defect, triggering a sharp selloff","Amazon recalls private-label line over safety defect, triggering a sharp selloff. Analysts flagged downside risks and trimmed their estimates.",-0.927,Product Launch,8
N00831,2026-09-02 17:19:00,Global Markets Brief,GOOGL,"Alphabet completes acquisition ahead of schedule, synergies seen, lifting shares","Alphabet completes acquisition ahead of schedule, synergies seen, lifting shares. Investors responded positively, with analysts raising price targets.",0.662,Merger/Acquisition,5
N00832,2026-09-02 17:34:00,Global Markets Brief,AAPL,"Apple faces antitrust challenge over proposed $10bn merger, triggering a sharp selloff","Apple faces antitrust challenge over proposed $10bn merger, triggering a sharp selloff. Investors reacted cautiously, citing uncertainty over near-term outlook.",-0.948,Merger/Acquisition,9
N00833,2026-09-02 18:56:00,FinTimes Daily,MSFT,"Microsoft walks away from $12bn takeover talks, triggering a sharp selloff","Microsoft walks away from $12bn takeover talks, triggering a sharp selloff. Investors reacted cautiously, citing uncertainty over near-term outlook.",-0.678,Merger/Acquisition,5
N00834,2026-09-02 19:17:00,MarketDesk Wire,KO,Coca-Cola recalls beverage line over safety defect,Coca-Cola recalls beverage line over safety defect. Analysts flagged downside risks and trimmed their estimates.,-0.637,Product Launch,5
N00835,2026-09-02 20:40:00,Capital Ledger,CVX,Chevron faces antitrust challenge over proposed $18bn merger in what analysts call a major shock,"Chevron faces antitrust challenge over proposed $18bn merger in what analysts call a major shock. Investors reacted cautiously, citing uncertainty over near-term outlook.",-0.961,Merger/Acquisition,10
N00836,2026-09-03 06:12:00,Capital Ledger,GOOGL,"Alphabet unveils new AI assistant, early orders exceed expectations, lifting shares","Alphabet unveils new AI assistant, early orders exceed expectations, lifting shares. Traders cited improving fundamentals and strong momentum.",0.623,Product Launch,4
N00837,2026-09-03 06:21:00,MarketDesk Wire,JNJ,Johnson & Johnson recalls diagnostic test over safety defect in what analysts call a major shock,Johnson & Johnson recalls diagnostic test over safety defect in what analysts call a major shock. Analysts flagged downside risks and trimmed their estimates.,-0.857,Product Launch,9
N00838,2026-09-03 06:44:00,Capital Ledger,JPM,"JPMorgan Chase posts record profit, with earnings per share ahead of consensus, sparking a strong rally","JPMorgan Chase posts record profit, with earnings per share ahead of consensus, sparking a strong rally. Traders cited improving fundamentals and strong momentum.",0.79,Earnings,7
N00839,2026-09-03 07:10:00,MarketDesk Wire,MSFT,Microsoft cuts full-year outlook citing weak demand,Microsoft cuts full-year outlook citing weak demand. Analysts flagged downside risks and trimmed their estimates.,-0.718,Earnings,7
N00840,2026-09-03 07:14:00,Global Markets Brief,AMZN,"Amazon loses court ruling, appeal expected","Amazon loses court ruling, appeal expected. Analysts flagged downside risks and trimmed their estimates.",-0.593,Regulatory/Legal,4
N00841,2026-09-03 07:25:00,Global Markets Brief,XOM,"Exxon Mobil loses court ruling, appeal expected, triggering a sharp selloff","Exxon Mobil loses court ruling, appeal expected, triggering a sharp selloff. Analysts flagged downside risks and trimmed their estimates.",-0.558,Regulatory/Legal,6
N00842,2026-09-03 07:30:00,Capital Ledger,XOM,Exxon Mobil settles lawsuit on favourable terms in a landmark result,Exxon Mobil settles lawsuit on favourable terms in a landmark result. Traders cited improving fundamentals and strong momentum.,0.661,Regulatory/Legal,5
N00843,2026-09-03 07:56:00,MarketDesk Wire,CVX,Chevron faces new government investigation into its practices,"Chevron faces new government investigation into its practices. Investors reacted cautiously, citing uncertainty over near-term outlook.",-0.68,Regulatory/Legal,6
N00844,2026-09-03 09:02:00,FinTimes Daily,GS,Regulators open consultation on rules affecting the Financials sector,Regulators open consultation on rules affecting the Financials sector. Analysts said it was too early to assess any lasting impact.,0.032,Regulatory/Legal,2
N00845,2026-09-03 09:03:00,FinTimes Daily,,Central bank holds rates and signals easing ahead,"Central bank holds rates and signals easing ahead. Investors responded positively, with analysts raising price targets.",0.614,Macroeconomic,5
N00846,2026-09-03 09:19:00,MarketDesk Wire,XOM,Exxon Mobil to acquire a rival in a $29bn deal expected to boost margins in a landmark result,"Exxon Mobil to acquire a rival in a $29bn deal expected to boost margins in a landmark result. Investors responded positively, with analysts raising price targets.",0.73,Merger/Acquisition,7
N00847,2026-09-03 09:36:00,Global Markets Brief,NVDA,"NVIDIA cuts full-year outlook citing weak demand, sending shares lower","NVIDIA cuts full-year outlook citing weak demand, sending shares lower. Analysts flagged downside risks and trimmed their estimates.",-0.762,Earnings,8
N00848,2026-09-03 10:05:00,MarketDesk Wire,NVDA,"NVIDIA unveils new software suite, early orders exceed expectations","NVIDIA unveils new software suite, early orders exceed expectations. Traders cited improving fundamentals and strong momentum.",0.641,Product Launch,5
N00849,2026-09-03 10:42:00,FinTimes Daily,XOM,"Exxon Mobil raises loan loss provisions by 13.0% as defaults rise, sending shares lower","Exxon Mobil raises loan loss provisions by 13.0% as defaults rise, sending shares lower. Analysts flagged downside risks and trimmed their estimates.",-0.835,Credit Event,8
N00850,2026-09-03 11:09:00,Global Markets Brief,BAC,Bank of America delays wealth platform launch after quality issues in what analysts call a major shock,"Bank of America delays wealth platform launch after quality issues in what analysts call a major shock. Investors reacted cautiously, citing uncertainty over near-term outlook.",-0.781,Product Launch,7
N00851,2026-09-03 12:50:00,FinTimes Daily,CVX,Chevron hit with $3600m fine by regulators in what analysts call a major shock,Chevron hit with $3600m fine by regulators in what analysts call a major shock. Analysts flagged downside risks and trimmed their estimates.,-0.871,Regulatory/Legal,8
N00852,2026-09-03 15:57:00,FinTimes Daily,,"Strong jobs report boosts growth outlook, lifting shares","Strong jobs report boosts growth outlook, lifting shares. Investors responded positively, with analysts raising price targets.",0.646,Macroeconomic,6
N00853,2026-09-03 16:49:00,Capital Ledger,GOOGL,Alphabet bond spreads widen on liquidity concerns,"Alphabet bond spreads widen on liquidity concerns. Investors reacted cautiously, citing uncertainty over near-term outlook.",-0.766,Credit Event,7
N00854,2026-09-03 18:06:00,MarketDesk Wire,BAC,Bank of America announces date for its next wealth platform event,Bank of America announces date for its next wealth platform event. The development was largely expected by market participants.,-0.027,Product Launch,1
N00855,2026-09-03 18:33:00,FinTimes Daily,XOM,"Exxon Mobil loses court ruling, appeal expected in what analysts call a major shock","Exxon Mobil loses court ruling, appeal expected in what analysts call a major shock. Investors reacted cautiously, citing uncertainty over near-term outlook.",-0.869,Regulatory/Legal,9
N00856,2026-09-03 18:41:00,Capital Ledger,CVX,Chevron earnings come in line with analyst expectations,Chevron earnings come in line with analyst expectations. The development was largely expected by market participants.,0.033,Earnings,1
N00857,2026-09-03 19:04:00,FinTimes Daily,WMT,"Walmart overpays for acquisition, analysts warn of dilution","Walmart overpays for acquisition, analysts warn of dilution. Investors reacted cautiously, citing uncertainty over near-term outlook.",-0.675,Merger/Acquisition,5
N00858,2026-09-03 19:48:00,FinTimes Daily,BAC,Bank of America recalls trading platform over safety defect in what analysts call a major shock,"Bank of America recalls trading platform over safety defect in what analysts call a major shock. Investors reacted cautiously, citing uncertainty over near-term outlook.",-0.836,Product Launch,8
N00859,2026-09-04 07:46:00,FinTimes Daily,,"Trade agreement signed with partners in North Africa cheers markets, lifting shares","Trade agreement signed with partners in North Africa cheers markets, lifting shares. Investors responded positively, with analysts raising price targets.",0.651,Geopolitical,5
N00860,2026-09-04 08:43:00,Capital Ledger,AAPL,"Apple recalls developer toolkit over safety defect, triggering a sharp selloff","Apple recalls developer toolkit over safety defect, triggering a sharp selloff. Analysts flagged downside risks and trimmed their estimates.",-0.815,Product Launch,9
N00861,2026-09-04 08:57:00,FinTimes Daily,GOOGL,"Alphabet refinances debt at lower rates and extends maturities, sparking a strong rally","Alphabet refinances debt at lower rates and extends maturities, sparking a strong rally. Investors responded positively, with analysts raising price targets.",0.497,Credit Event,6
N00862,2026-09-04 09:51:00,Capital Ledger,KO,Moody's-style agency downgrades Coca-Cola to BBB- amid rising debt in what analysts call a major shock,"Moody's-style agency downgrades Coca-Cola to BBB- amid rising debt in what analysts call a major shock. Investors reacted cautiously, citing uncertainty over near-term outlook.",-0.97,Credit Event,10
N00863,2026-09-04 09:52:00,Capital Ledger,META,Meta Platforms raises full-year guidance after a strong quarter,"Meta Platforms raises full-year guidance after a strong quarter. Investors responded positively, with analysts raising price targets.",0.658,Earnings,6
N00864,2026-09-04 10:35:00,FinTimes Daily,KO,Coca-Cola faces new government investigation into its practices,Coca-Cola faces new government investigation into its practices. Analysts flagged downside risks and trimmed their estimates.,-0.565,Regulatory/Legal,6
N00865,2026-09-04 11:46:00,MarketDesk Wire,GOOGL,"Alphabet posts record profit, with earnings per share ahead of consensus in a landmark result","Alphabet posts record profit, with earnings per share ahead of consensus in a landmark result. Traders cited improving fundamentals and strong momentum.",1.0,Earnings,10
N00866,2026-09-04 13:09:00,Global Markets Brief,MSFT,"Microsoft reports revenue decline of 11.8% year over year, sending shares lower","Microsoft reports revenue decline of 11.8% year over year, sending shares lower. Investors reacted cautiously, citing uncertainty over near-term outlook.",-0.759,Earnings,6
N00867,2026-09-04 15:04:00,FinTimes Daily,WMT,"Walmart loses court ruling, appeal expected, triggering a sharp selloff","Walmart loses court ruling, appeal expected, triggering a sharp selloff. Analysts flagged downside risks and trimmed their estimates.",-0.844,Regulatory/Legal,8
N00868,2026-09-04 16:02:00,MarketDesk Wire,META,"S&P-style agency upgrades Meta Platforms to A- on improving leverage, sparking a strong rally","S&P-style agency upgrades Meta Platforms to A- on improving leverage, sparking a strong rally. Investors responded positively, with analysts raising price targets.",0.647,Credit Event,6
N00869,2026-09-04 17:25:00,FinTimes Daily,GOOGL,"Alphabet launches streaming service to strong reviews, lifting shares","Alphabet launches streaming service to strong reviews, lifting shares. Traders cited improving fundamentals and strong momentum.",0.499,Product Launch,3
N00870,2026-09-04 20:07:00,FinTimes Daily,CVX,"Chevron unveils new renewables unit, early orders exceed expectations","Chevron unveils new renewables unit, early orders exceed expectations. Traders cited improving fundamentals and strong momentum.",0.516,Product Launch,4
N00871,2026-09-07 06:07:00,MarketDesk Wire,META,Meta Platforms hit with $3800m fine by regulators in what analysts call a major shock,Meta Platforms hit with $3800m fine by regulators in what analysts call a major shock. Analysts flagged downside risks and trimmed their estimates.,-0.961,Regulatory/Legal,10
N00872,2026-09-07 06:09:00,MarketDesk Wire,,"GDP contracts by 6.5% in surprise slowdown, sending shares lower","GDP contracts by 6.5% in surprise slowdown, sending shares lower. Investors reacted cautiously, citing uncertainty over near-term outlook.",-0.944,Macroeconomic,9
N00873,2026-09-07 07:15:00,Capital Ledger,NVDA,"NVIDIA posts record profit, with earnings per share ahead of consensus in a landmark result","NVIDIA posts record profit, with earnings per share ahead of consensus in a landmark result. Investors responded positively, with analysts raising price targets.",0.758,Earnings,8
N00874,2026-09-07 08:22:00,Global Markets Brief,PFE,Moody's-style agency affirms Pfizer at BBB- with a stable outlook,Moody's-style agency affirms Pfizer at BBB- with a stable outlook. Analysts said it was too early to assess any lasting impact.,-0.022,Credit Event,1
N00875,2026-09-07 08:41:00,Capital Ledger,CVX,"Chevron unveils new LNG project, early orders exceed expectations, lifting shares","Chevron unveils new LNG project, early orders exceed expectations, lifting shares. Traders cited improving fundamentals and strong momentum.",0.628,Product Launch,5
N00876,2026-09-07 09:08:00,FinTimes Daily,META,"Meta Platforms posts record profit, with earnings per share ahead of consensus","Meta Platforms posts record profit, with earnings per share ahead of consensus. Investors responded positively, with analysts raising price targets.",0.716,Earnings,6
N00877,2026-09-07 10:46:00,FinTimes Daily,NVDA,NVIDIA beats quarterly earnings estimates as revenue climbs 10.2% in a landmark result,"NVIDIA beats quarterly earnings estimates as revenue climbs 10.2% in a landmark result. Investors responded positively, with analysts raising price targets.",0.759,Earnings,8
N00878,2026-09-07 11:00:00,FinTimes Daily,MSFT,Microsoft recalls AI chip over safety defect in what analysts call a major shock,"Microsoft recalls AI chip over safety defect in what analysts call a major shock. Investors reacted cautiously, citing uncertainty over near-term outlook.",-0.85,Product Launch,8
N00879,2026-09-07 11:05:00,Capital Ledger,META,"Meta Platforms beats quarterly earnings estimates as revenue climbs 8.1%, lifting shares","Meta Platforms beats quarterly earnings estimates as revenue climbs 8.1%, lifting shares. Investors responded positively, with analysts raising price targets.",0.612,Earnings,6
N00880,2026-09-07 11:51:00,MarketDesk Wire,GOOGL,Regulators open consultation on rules affecting the Communication sector,Regulators open consultation on rules affecting the Communication sector. Analysts said it was too early to assess any lasting impact.,0.15,Regulatory/Legal,2
N00881,2026-09-07 12:18:00,Global Markets Brief,WMT,"Moody's-style agency upgrades Walmart to BBB on improving leverage, lifting shares","Moody's-style agency upgrades Walmart to BBB on improving leverage, lifting shares. Investors responded positively, with analysts raising price targets.",0.715,Credit Event,7
N00882,2026-09-07 12:37:00,Global Markets Brief,BAC,Bank of America confirms it is in talks over a possible acquisition,Bank of America confirms it is in talks over a possible acquisition. The development was largely expected by market participants.,0.001,Merger/Acquisition,1
N00883,2026-09-07 13:31:00,FinTimes Daily,MSFT,"Microsoft misses earnings expectations as margins shrink, sending shares lower","Microsoft misses earnings expectations as margins shrink, sending shares lower. Analysts flagged downside risks and trimmed their estimates.",-0.611,Earnings,6
N00884,2026-09-07 14:29:00,FinTimes Daily,META,Meta Platforms confirms it is in talks over a possible acquisition,Meta Platforms confirms it is in talks over a possible acquisition. Analysts said it was too early to assess any lasting impact.,0.013,Merger/Acquisition,2
N00885,2026-09-07 17:43:00,Capital Ledger,MSFT,Microsoft wins regulatory approval for its cloud platform in a landmark result,Microsoft wins regulatory approval for its cloud platform in a landmark result. Traders cited improving fundamentals and strong momentum.,0.847,Regulatory/Legal,8
N00886,2026-09-07 20:50:00,MarketDesk Wire,GS,"Goldman Sachs hit with $2900m fine by regulators, triggering a sharp selloff","Goldman Sachs hit with $2900m fine by regulators, triggering a sharp selloff. Analysts flagged downside risks and trimmed their estimates.",-0.895,Regulatory/Legal,9
N00887,2026-09-08 06:44:00,Global Markets Brief,BAC,"Bank of America reports revenue decline of 13.5% year over year, sending shares lower","Bank of America reports revenue decline of 13.5% year over year, sending shares lower. Investors reacted cautiously, citing uncertainty over near-term outlook.",-0.767,Earnings,7
N00888,2026-09-08 06:53:00,Capital Ledger,NVDA,NVIDIA hit with $3000m fine by regulators,"NVIDIA hit with $3000m fine by regulators. Investors reacted cautiously, citing uncertainty over near-term outlook.",-0.634,Regulatory/Legal,6
N00889,2026-09-08 08:48:00,FinTimes Daily,NVDA,"NVIDIA bond spreads widen on liquidity concerns, sending shares lower","NVIDIA bond spreads widen on liquidity concerns, sending shares lower. Analysts flagged downside risks and trimmed their estimates.",-0.828,Credit Event,8
N00890,2026-09-08 09:30:00,Capital Ledger,AAPL,"Apple posts record profit, with earnings per share ahead of consensus in a landmark result","Apple posts record profit, with earnings per share ahead of consensus in a landmark result. Traders cited improving fundamentals and strong momentum.",0.791,Earnings,9
N00891,2026-09-08 12:16:00,FinTimes Daily,AAPL,Apple reports revenue decline of 5.3% year over year in what analysts call a major shock,"Apple reports revenue decline of 5.3% year over year in what analysts call a major shock. Investors reacted cautiously, citing uncertainty over near-term outlook.",-0.724,Earnings,7
N00892,2026-09-08 12:23:00,Global Markets Brief,BAC,"Bank of America cuts full-year outlook citing weak demand, triggering a sharp selloff","Bank of America cuts full-year outlook citing weak demand, triggering a sharp selloff. Analysts flagged downside risks and trimmed their estimates.",-0.847,Earnings,9
N00893,2026-09-08 14:34:00,MarketDesk Wire,BAC,"Bank of America recalls wealth platform over safety defect, sending shares lower","Bank of America recalls wealth platform over safety defect, sending shares lower. Investors reacted cautiously, citing uncertainty over near-term outlook.",-0.834,Product Launch,8
N00894,2026-09-08 15:18:00,Global Markets Brief,BAC,"Bank of America overpays for acquisition, analysts warn of dilution in what analysts call a major shock","Bank of America overpays for acquisition, analysts warn of dilution in what analysts call a major shock. Investors reacted cautiously, citing uncertainty over near-term outlook.",-0.611,Merger/Acquisition,7
N00895,2026-09-08 17:02:00,MarketDesk Wire,GS,"Goldman Sachs loses court ruling, appeal expected","Goldman Sachs loses court ruling, appeal expected. Investors reacted cautiously, citing uncertainty over near-term outlook.",-0.428,Regulatory/Legal,4
N00896,2026-09-08 17:41:00,Global Markets Brief,JNJ,Johnson & Johnson recalls vaccine over safety defect in what analysts call a major shock,Johnson & Johnson recalls vaccine over safety defect in what analysts call a major shock. Analysts flagged downside risks and trimmed their estimates.,-0.96,Product Launch,9
N00897,2026-09-08 18:04:00,FinTimes Daily,AAPL,Apple walks away from $29bn takeover talks in what analysts call a major shock,Apple walks away from $29bn takeover talks in what analysts call a major shock. Analysts flagged downside risks and trimmed their estimates.,-0.718,Merger/Acquisition,8
N00898,2026-09-08 20:16:00,Capital Ledger,,Tariffs on imports from Eastern Europe spark fears of a trade war in what analysts call a major shock,Tariffs on imports from Eastern Europe spark fears of a trade war in what analysts call a major shock. Analysts flagged downside risks and trimmed their estimates.,-0.808,Geopolitical,9
N00899,2026-09-09 08:47:00,MarketDesk Wire,NVDA,NVIDIA delays developer toolkit launch after quality issues,"NVIDIA delays developer toolkit launch after quality issues. Investors reacted cautiously, citing uncertainty over near-term outlook.",-0.617,Product Launch,5
N00900,2026-09-09 09:11:00,FinTimes Daily,CVX,"Chevron cuts full-year outlook citing weak demand, sending shares lower","Chevron cuts full-year outlook citing weak demand, sending shares lower. Analysts flagged downside risks and trimmed their estimates.",-0.782,Earnings,7
N00901,2026-09-09 09:12:00,Capital Ledger,BAC,"Bank of America bond spreads widen on liquidity concerns, triggering a sharp selloff","Bank of America bond spreads widen on liquidity concerns, triggering a sharp selloff. Analysts flagged downside risks and trimmed their estimates.",-0.784,Credit Event,8
N00902,2026-09-09 10:09:00,MarketDesk Wire,JNJ,Johnson & Johnson walks away from $33bn takeover talks in what analysts call a major shock,Johnson & Johnson walks away from $33bn takeover talks in what analysts call a major shock. Analysts flagged downside risks and trimmed their estimates.,-0.817,Merger/Acquisition,8
N00903,2026-09-09 10:12:00,Capital Ledger,PFE,"Pfizer delays vaccine launch after quality issues, sending shares lower","Pfizer delays vaccine launch after quality issues, sending shares lower. Analysts flagged downside risks and trimmed their estimates.",-0.721,Product Launch,6
N00904,2026-09-09 10:25:00,MarketDesk Wire,CVX,"Chevron recalls offshore field over safety defect, triggering a sharp selloff","Chevron recalls offshore field over safety defect, triggering a sharp selloff. Analysts flagged downside risks and trimmed their estimates.",-0.965,Product Launch,9
N00905,2026-09-09 10:35:00,MarketDesk Wire,WMT,Walmart announces date for its next delivery service event,Walmart announces date for its next delivery service event. Analysts said it was too early to assess any lasting impact.,0.065,Product Launch,2
N00906,2026-09-09 10:52:00,FinTimes Daily,MSFT,Microsoft refinances debt at lower rates and extends maturities,Microsoft refinances debt at lower rates and extends maturities. Traders cited improving fundamentals and strong momentum.,0.436,Credit Event,4
N00907,2026-09-09 11:43:00,Global Markets Brief,CVX,Chevron cuts full-year outlook citing weak demand in what analysts call a major shock,Chevron cuts full-year outlook citing weak demand in what analysts call a major shock. Analysts flagged downside risks and trimmed their estimates.,-0.836,Earnings,9
N00908,2026-09-09 12:11:00,Capital Ledger,JPM,JPMorgan Chase delays digital banking app launch after quality issues,"JPMorgan Chase delays digital banking app launch after quality issues. Investors reacted cautiously, citing uncertainty over near-term outlook.",-0.655,Product Launch,5
N00909,2026-09-09 12:33:00,Capital Ledger,XOM,Exxon Mobil warns of covenant breach as cash flow tightens,"Exxon Mobil warns of covenant breach as cash flow tightens. Investors reacted cautiously, citing uncertainty over near-term outlook.",-0.89,Credit Event,9
N00910,2026-09-09 13:02:00,MarketDesk Wire,CVX,"Chevron overpays for acquisition, analysts warn of dilution, sending shares lower","Chevron overpays for acquisition, analysts warn of dilution, sending shares lower. Analysts flagged downside risks and trimmed their estimates.",-0.732,Merger/Acquisition,7
N00911,2026-09-09 13:49:00,FinTimes Daily,XOM,"Exxon Mobil walks away from $16bn takeover talks, sending shares lower","Exxon Mobil walks away from $16bn takeover talks, sending shares lower. Analysts flagged downside risks and trimmed their estimates.",-0.496,Merger/Acquisition,4
N00912,2026-09-09 14:13:00,Global Markets Brief,AAPL,"Apple raises full-year guidance after a strong quarter, sparking a strong rally","Apple raises full-year guidance after a strong quarter, sparking a strong rally. Investors responded positively, with analysts raising price targets.",0.665,Earnings,7
N00913,2026-09-09 16:01:00,Capital Ledger,KO,"Coca-Cola loses court ruling, appeal expected, sending shares lower","Coca-Cola loses court ruling, appeal expected, sending shares lower. Investors reacted cautiously, citing uncertainty over near-term outlook.",-0.586,Regulatory/Legal,5
N00914,2026-09-09 18:06:00,Global Markets Brief,JNJ,"Johnson & Johnson hit with $1000m fine by regulators, sending shares lower","Johnson & Johnson hit with $1000m fine by regulators, sending shares lower. Analysts flagged downside risks and trimmed their estimates.",-0.744,Regulatory/Legal,8
N00915,2026-09-09 19:46:00,Capital Ledger,MSFT,Microsoft launches AI chip to strong reviews in a landmark result,Microsoft launches AI chip to strong reviews in a landmark result. Traders cited improving fundamentals and strong momentum.,0.569,Product Launch,5
N00916,2026-09-10 06:13:00,Capital Ledger,JPM,JPMorgan Chase bond spreads widen on liquidity concerns in what analysts call a major shock,JPMorgan Chase bond spreads widen on liquidity concerns in what analysts call a major shock. Analysts flagged downside risks and trimmed their estimates.,-0.877,Credit Event,9
N00917,2026-09-10 06:54:00,Capital Ledger,,Central bank minutes due for release on Wednesday,Central bank minutes due for release on Wednesday. Analysts said it was too early to assess any lasting impact.,0.103,Macroeconomic,2
N00918,2026-09-10 07:42:00,FinTimes Daily,JPM,"JPMorgan Chase raises full-year guidance after a strong quarter, lifting shares","JPMorgan Chase raises full-year guidance after a strong quarter, lifting shares. Investors responded positively, with analysts raising price targets.",0.652,Earnings,6
N00919,2026-09-10 07:59:00,MarketDesk Wire,JNJ,"Johnson & Johnson overpays for acquisition, analysts warn of dilution in what analysts call a major shock","Johnson & Johnson overpays for acquisition, analysts warn of dilution in what analysts call a major shock. Investors reacted cautiously, citing uncertainty over near-term outlook.",-0.92,Merger/Acquisition,9
N00920,2026-09-10 08:59:00,FinTimes Daily,GS,"Goldman Sachs settles lawsuit on favourable terms, sparking a strong rally","Goldman Sachs settles lawsuit on favourable terms, sparking a strong rally. Traders cited improving fundamentals and strong momentum.",0.595,Regulatory/Legal,6
N00921,2026-09-10 09:24:00,MarketDesk Wire,JNJ,Johnson & Johnson recalls oncology drug over safety defect,Johnson & Johnson recalls oncology drug over safety defect. Analysts flagged downside risks and trimmed their estimates.,-0.636,Product Launch,6
N00922,2026-09-10 09:31:00,MarketDesk Wire,PFE,"Pfizer recalls oncology drug over safety defect, triggering a sharp selloff","Pfizer recalls oncology drug over safety defect, triggering a sharp selloff. Investors reacted cautiously, citing uncertainty over near-term outlook.",-0.805,Product Launch,8
N00923,2026-09-10 10:29:00,Global Markets Brief,AMZN,"Amazon posts record profit, with earnings per share ahead of consensus in a landmark result","Amazon posts record profit, with earnings per share ahead of consensus in a landmark result. Traders cited improving fundamentals and strong momentum.",0.916,Earnings,10
N00924,2026-09-10 10:47:00,MarketDesk Wire,KO,"Coca-Cola raises full-year guidance after a strong quarter, lifting shares","Coca-Cola raises full-year guidance after a strong quarter, lifting shares. Investors responded positively, with analysts raising price targets.",0.496,Earnings,5
N00925,2026-09-10 11:10:00,MarketDesk Wire,JNJ,Johnson & Johnson earnings come in line with analyst expectations,Johnson & Johnson earnings come in line with analyst expectations. The development was largely expected by market participants.,-0.032,Earnings,3
N00926,2026-09-10 11:52:00,Capital Ledger,MSFT,"Microsoft unveils new software suite, early orders exceed expectations, sparking a strong rally","Microsoft unveils new software suite, early orders exceed expectations, sparking a strong rally. Investors responded positively, with analysts raising price targets.",0.623,Product Launch,5
N00927,2026-09-10 12:10:00,Capital Ledger,JNJ,Johnson & Johnson to report quarterly results next week,Johnson & Johnson to report quarterly results next week. The development was largely expected by market participants.,-0.095,Earnings,3
N00928,2026-09-10 12:28:00,FinTimes Daily,WMT,"Walmart beats quarterly earnings estimates as revenue climbs 3.5%, sparking a strong rally","Walmart beats quarterly earnings estimates as revenue climbs 3.5%, sparking a strong rally. Traders cited improving fundamentals and strong momentum.",0.649,Earnings,6
N00929,2026-09-10 13:07:00,MarketDesk Wire,JPM,JPMorgan Chase bond spreads widen on liquidity concerns in what analysts call a major shock,"JPMorgan Chase bond spreads widen on liquidity concerns in what analysts call a major shock. Investors reacted cautiously, citing uncertainty over near-term outlook.",-0.974,Credit Event,10
N00930,2026-09-10 13:30:00,FinTimes Daily,XOM,"Exxon Mobil posts record profit, with earnings per share ahead of consensus, lifting shares","Exxon Mobil posts record profit, with earnings per share ahead of consensus, lifting shares. Traders cited improving fundamentals and strong momentum.",0.779,Earnings,6
N00931,2026-09-10 14:24:00,FinTimes Daily,WMT,"Walmart loses court ruling, appeal expected in what analysts call a major shock","Walmart loses court ruling, appeal expected in what analysts call a major shock. Analysts flagged downside risks and trimmed their estimates.",-0.723,Regulatory/Legal,7
N00932,2026-09-10 14:48:00,Global Markets Brief,JPM,"JPMorgan Chase overpays for acquisition, analysts warn of dilution in what analysts call a major shock","JPMorgan Chase overpays for acquisition, analysts warn of dilution in what analysts call a major shock. Investors reacted cautiously, citing uncertainty over near-term outlook.",-0.92,Merger/Acquisition,9
N00933,2026-09-10 15:04:00,Capital Ledger,WMT,Walmart raises full-year guidance after a strong quarter in a landmark result,Walmart raises full-year guidance after a strong quarter in a landmark result. Traders cited improving fundamentals and strong momentum.,0.731,Earnings,8
N00934,2026-09-10 15:38:00,FinTimes Daily,META,Meta Platforms misses earnings expectations as margins shrink in what analysts call a major shock,"Meta Platforms misses earnings expectations as margins shrink in what analysts call a major shock. Investors reacted cautiously, citing uncertainty over near-term outlook.",-0.835,Earnings,8
N00935,2026-09-10 18:32:00,Global Markets Brief,AMZN,"Amazon unveils new delivery service, early orders exceed expectations, lifting shares","Amazon unveils new delivery service, early orders exceed expectations, lifting shares. Traders cited improving fundamentals and strong momentum.",0.731,Product Launch,6
N00936,2026-09-10 19:13:00,FinTimes Daily,,"Central bank signals higher rates for longer, triggering a sharp selloff","Central bank signals higher rates for longer, triggering a sharp selloff. Analysts flagged downside risks and trimmed their estimates.",-0.752,Macroeconomic,7
N00937,2026-09-10 19:23:00,Capital Ledger,GS,"Goldman Sachs delays wealth platform launch after quality issues, sending shares lower","Goldman Sachs delays wealth platform launch after quality issues, sending shares lower. Investors reacted cautiously, citing uncertainty over near-term outlook.",-0.608,Product Launch,6
N00938,2026-09-10 20:44:00,Global Markets Brief,GS,Goldman Sachs announces date for its next digital banking app event,Goldman Sachs announces date for its next digital banking app event. Analysts said it was too early to assess any lasting impact.,0.025,Product Launch,2
N00939,2026-09-11 06:03:00,Capital Ledger,GS,Goldman Sachs launches trading platform to strong reviews,Goldman Sachs launches trading platform to strong reviews. Traders cited improving fundamentals and strong momentum.,0.349,Product Launch,2
N00940,2026-09-11 06:30:00,MarketDesk Wire,CVX,"Chevron loses court ruling, appeal expected, sending shares lower","Chevron loses court ruling, appeal expected, sending shares lower. Investors reacted cautiously, citing uncertainty over near-term outlook.",-0.744,Regulatory/Legal,7
N00941,2026-09-11 07:06:00,FinTimes Daily,JPM,JPMorgan Chase wins regulatory approval for its digital banking app,JPMorgan Chase wins regulatory approval for its digital banking app. Traders cited improving fundamentals and strong momentum.,0.544,Regulatory/Legal,4
N00942,2026-09-11 07:35:00,FinTimes Daily,WMT,Walmart launches beverage line to strong reviews in a landmark result,Walmart launches beverage line to strong reviews in a landmark result. Traders cited improving fundamentals and strong momentum.,0.679,Product Launch,6
N00943,2026-09-11 08:30:00,FinTimes Daily,NVDA,"NVIDIA refinances debt at lower rates and extends maturities, sparking a strong rally","NVIDIA refinances debt at lower rates and extends maturities, sparking a strong rally. Traders cited improving fundamentals and strong momentum.",0.711,Credit Event,7
N00944,2026-09-11 08:34:00,MarketDesk Wire,GS,"a major rating agency upgrades Goldman Sachs to AA on improving leverage, lifting shares","a major rating agency upgrades Goldman Sachs to AA on improving leverage, lifting shares. Traders cited improving fundamentals and strong momentum.",0.476,Credit Event,5
N00945,2026-09-11 08:56:00,FinTimes Daily,KO,"Coca-Cola recalls beverage line over safety defect, triggering a sharp selloff","Coca-Cola recalls beverage line over safety defect, triggering a sharp selloff. Analysts flagged downside risks and trimmed their estimates.",-0.916,Product Launch,9
N00946,2026-09-11 09:56:00,Global Markets Brief,JNJ,"Johnson & Johnson hit with $3200m fine by regulators, triggering a sharp selloff","Johnson & Johnson hit with $3200m fine by regulators, triggering a sharp selloff. Investors reacted cautiously, citing uncertainty over near-term outlook.",-0.712,Regulatory/Legal,7
N00947,2026-09-11 13:12:00,FinTimes Daily,GOOGL,Alphabet cuts full-year outlook citing weak demand,Alphabet cuts full-year outlook citing weak demand. Analysts flagged downside risks and trimmed their estimates.,-0.611,Earnings,6
N00948,2026-09-11 13:38:00,Capital Ledger,KO,"Coca-Cola unveils new beverage line, early orders exceed expectations","Coca-Cola unveils new beverage line, early orders exceed expectations. Traders cited improving fundamentals and strong momentum.",0.582,Product Launch,4
N00949,2026-09-11 14:20:00,MarketDesk Wire,MSFT,S&P-style agency affirms Microsoft at BBB+ with a stable outlook,S&P-style agency affirms Microsoft at BBB+ with a stable outlook. Analysts said it was too early to assess any lasting impact.,-0.048,Credit Event,2
N00950,2026-09-11 15:58:00,Capital Ledger,GOOGL,"Alphabet faces new government investigation into its practices, triggering a sharp selloff","Alphabet faces new government investigation into its practices, triggering a sharp selloff. Investors reacted cautiously, citing uncertainty over near-term outlook.",-0.815,Regulatory/Legal,7
N00951,2026-09-11 16:22:00,Capital Ledger,MSFT,"Microsoft posts record profit, with earnings per share ahead of consensus","Microsoft posts record profit, with earnings per share ahead of consensus. Traders cited improving fundamentals and strong momentum.",0.803,Earnings,7
N00952,2026-09-11 16:25:00,Capital Ledger,,Ceasefire in the Red Sea lifts global risk appetite in a landmark result,"Ceasefire in the Red Sea lifts global risk appetite in a landmark result. Investors responded positively, with analysts raising price targets.",0.773,Geopolitical,9
N00953,2026-09-11 16:28:00,Capital Ledger,JNJ,Johnson & Johnson reports revenue decline of 12.3% year over year in what analysts call a major shock,Johnson & Johnson reports revenue decline of 12.3% year over year in what analysts call a major shock. Analysts flagged downside risks and trimmed their estimates.,-0.918,Earnings,9
N00954,2026-09-11 17:13:00,Capital Ledger,NVDA,Moody's-style agency affirms NVIDIA at BBB+ with a stable outlook,Moody's-style agency affirms NVIDIA at BBB+ with a stable outlook. The development was largely expected by market participants.,0.014,Credit Event,1
N00955,2026-09-11 17:20:00,Capital Ledger,GS,"Goldman Sachs raises full-year guidance after a strong quarter, sparking a strong rally","Goldman Sachs raises full-year guidance after a strong quarter, sparking a strong rally. Investors responded positively, with analysts raising price targets.",0.686,Earnings,6
N00956,2026-09-11 18:12:00,Global Markets Brief,KO,"Coca-Cola unveils new delivery service, early orders exceed expectations, sparking a strong rally","Coca-Cola unveils new delivery service, early orders exceed expectations, sparking a strong rally. Investors responded positively, with analysts raising price targets.",0.699,Product Launch,7
N00957,2026-09-11 19:10:00,Global Markets Brief,GOOGL,Moody's-style agency affirms Alphabet at A with a stable outlook,Moody's-style agency affirms Alphabet at A with a stable outlook. The development was largely expected by market participants.,0.013,Credit Event,1
N00958,2026-09-11 19:46:00,FinTimes Daily,BAC,"Bank of America settles lawsuit on favourable terms, lifting shares","Bank of America settles lawsuit on favourable terms, lifting shares. Traders cited improving fundamentals and strong momentum.",0.596,Regulatory/Legal,4
N00959,2026-09-14 08:08:00,FinTimes Daily,MSFT,Microsoft to acquire a rival in a $7bn deal expected to boost margins,Microsoft to acquire a rival in a $7bn deal expected to boost margins. Traders cited improving fundamentals and strong momentum.,0.577,Merger/Acquisition,4
N00960,2026-09-14 08:18:00,MarketDesk Wire,WMT,Walmart launches private-label line to strong reviews,"Walmart launches private-label line to strong reviews. Investors responded positively, with analysts raising price targets.",0.42,Product Launch,4
N00961,2026-09-14 09:12:00,Capital Ledger,BAC,Bank of America to acquire a rival in a $10bn deal expected to boost margins in a landmark result,Bank of America to acquire a rival in a $10bn deal expected to boost margins in a landmark result. Traders cited improving fundamentals and strong momentum.,0.785,Merger/Acquisition,8
N00962,2026-09-14 10:32:00,MarketDesk Wire,NVDA,NVIDIA launches AI chip to strong reviews in a landmark result,NVIDIA launches AI chip to strong reviews in a landmark result. Traders cited improving fundamentals and strong momentum.,0.695,Product Launch,7
N00963,2026-09-14 11:24:00,MarketDesk Wire,AMZN,"Amazon unveils new private-label line, early orders exceed expectations in a landmark result","Amazon unveils new private-label line, early orders exceed expectations in a landmark result. Investors responded positively, with analysts raising price targets.",0.688,Product Launch,8
N00964,2026-09-14 12:28:00,Global Markets Brief,JPM,JPMorgan Chase earnings come in line with analyst expectations,JPMorgan Chase earnings come in line with analyst expectations. The development was largely expected by market participants.,-0.041,Earnings,2
N00965,2026-09-14 13:59:00,Global Markets Brief,NVDA,"a major rating agency downgrades NVIDIA to A+ amid rising debt, triggering a sharp selloff","a major rating agency downgrades NVIDIA to A+ amid rising debt, triggering a sharp selloff. Investors reacted cautiously, citing uncertainty over near-term outlook.",-0.812,Credit Event,9
N00966,2026-09-14 18:29:00,FinTimes Daily,AMZN,"Amazon launches private-label line to strong reviews, lifting shares","Amazon launches private-label line to strong reviews, lifting shares. Investors responded positively, with analysts raising price targets.",0.387,Product Launch,3
N00967,2026-09-14 20:09:00,FinTimes Daily,JPM,JPMorgan Chase confirms it is in talks over a possible acquisition,JPMorgan Chase confirms it is in talks over a possible acquisition. The development was largely expected by market participants.,0.033,Merger/Acquisition,2
N00968,2026-09-15 06:53:00,Capital Ledger,MSFT,Regulators open consultation on rules affecting the Technology sector,Regulators open consultation on rules affecting the Technology sector. Analysts said it was too early to assess any lasting impact.,-0.026,Regulatory/Legal,3
N00969,2026-09-15 07:28:00,Global Markets Brief,,"Trade agreement signed with partners in Eastern Europe cheers markets, sparking a strong rally","Trade agreement signed with partners in Eastern Europe cheers markets, sparking a strong rally. Investors responded positively, with analysts raising price targets.",0.717,Geopolitical,6
N00970,2026-09-15 07:33:00,Global Markets Brief,,Tariffs on imports from the Red Sea spark fears of a trade war,"Tariffs on imports from the Red Sea spark fears of a trade war. Investors reacted cautiously, citing uncertainty over near-term outlook.",-0.825,Geopolitical,8
N00971,2026-09-15 08:04:00,Capital Ledger,BAC,Bank of America beats quarterly earnings estimates as revenue climbs 13.3% in a landmark result,"Bank of America beats quarterly earnings estimates as revenue climbs 13.3% in a landmark result. Investors responded positively, with analysts raising price targets.",0.816,Earnings,8
N00972,2026-09-15 08:15:00,Capital Ledger,AAPL,Apple delays cloud platform launch after quality issues,Apple delays cloud platform launch after quality issues. Analysts flagged downside risks and trimmed their estimates.,-0.598,Product Launch,5
N00973,2026-09-15 09:03:00,Global Markets Brief,GOOGL,Alphabet beats quarterly earnings estimates as revenue climbs 12.7% in a landmark result,"Alphabet beats quarterly earnings estimates as revenue climbs 12.7% in a landmark result. Investors responded positively, with analysts raising price targets.",0.726,Earnings,8
N00974,2026-09-15 09:07:00,FinTimes Daily,META,Meta Platforms misses earnings expectations as margins shrink in what analysts call a major shock,Meta Platforms misses earnings expectations as margins shrink in what analysts call a major shock. Analysts flagged downside risks and trimmed their estimates.,-0.766,Earnings,8
N00975,2026-09-15 09:24:00,Global Markets Brief,JPM,JPMorgan Chase walks away from $36bn takeover talks in what analysts call a major shock,"JPMorgan Chase walks away from $36bn takeover talks in what analysts call a major shock. Investors reacted cautiously, citing uncertainty over near-term outlook.",-0.641,Merger/Acquisition,6
N00976,2026-09-15 09:32:00,FinTimes Daily,AAPL,"Apple raises loan loss provisions by 2.7% as defaults rise, sending shares lower","Apple raises loan loss provisions by 2.7% as defaults rise, sending shares lower. Analysts flagged downside risks and trimmed their estimates.",-0.887,Credit Event,8
N00977,2026-09-15 10:15:00,MarketDesk Wire,AMZN,Amazon settles lawsuit on favourable terms in a landmark result,"Amazon settles lawsuit on favourable terms in a landmark result. Investors responded positively, with analysts raising price targets.",0.655,Regulatory/Legal,5
N00978,2026-09-15 11:58:00,Capital Ledger,JNJ,Johnson & Johnson recalls vaccine over safety defect,Johnson & Johnson recalls vaccine over safety defect. Analysts flagged downside risks and trimmed their estimates.,-0.549,Product Launch,5
N00979,2026-09-15 13:47:00,Global Markets Brief,,"New sanctions disrupt energy supply chains linked to the South China Sea, sending shares lower","New sanctions disrupt energy supply chains linked to the South China Sea, sending shares lower. Investors reacted cautiously, citing uncertainty over near-term outlook.",-0.942,Geopolitical,8
N00980,2026-09-15 13:54:00,Global Markets Brief,JPM,JPMorgan Chase reports revenue decline of 4.6% year over year in what analysts call a major shock,JPMorgan Chase reports revenue decline of 4.6% year over year in what analysts call a major shock. Analysts flagged downside risks and trimmed their estimates.,-0.957,Earnings,9
N00981,2026-09-15 14:38:00,Global Markets Brief,,"GDP contracts by 11.0% in surprise slowdown, sending shares lower","GDP contracts by 11.0% in surprise slowdown, sending shares lower. Investors reacted cautiously, citing uncertainty over near-term outlook.",-1.0,Macroeconomic,10
N00982,2026-09-15 15:11:00,FinTimes Daily,CVX,"Chevron to acquire a rival in a $6bn deal expected to boost margins, sparking a strong rally","Chevron to acquire a rival in a $6bn deal expected to boost margins, sparking a strong rally. Investors responded positively, with analysts raising price targets.",0.859,Merger/Acquisition,8
N00983,2026-09-15 15:24:00,Global Markets Brief,,Central bank minutes due for release on Wednesday,Central bank minutes due for release on Wednesday. The development was largely expected by market participants.,0.072,Macroeconomic,3
N00984,2026-09-15 15:36:00,Capital Ledger,MSFT,S&P-style agency affirms Microsoft at BBB+ with a stable outlook,S&P-style agency affirms Microsoft at BBB+ with a stable outlook. Analysts said it was too early to assess any lasting impact.,0.024,Credit Event,1
N00985,2026-09-15 16:42:00,Capital Ledger,META,Meta Platforms delays streaming service launch after quality issues in what analysts call a major shock,Meta Platforms delays streaming service launch after quality issues in what analysts call a major shock. Analysts flagged downside risks and trimmed their estimates.,-0.754,Product Launch,7
N00986,2026-09-15 17:57:00,Capital Ledger,BAC,Bank of America launches wealth platform to strong reviews in a landmark result,"Bank of America launches wealth platform to strong reviews in a landmark result. Investors responded positively, with analysts raising price targets.",0.544,Product Launch,5
N00987,2026-09-15 20:21:00,FinTimes Daily,WMT,"Walmart beats quarterly earnings estimates as revenue climbs 10.3%, sparking a strong rally","Walmart beats quarterly earnings estimates as revenue climbs 10.3%, sparking a strong rally. Investors responded positively, with analysts raising price targets.",0.765,Earnings,7
N00988,2026-09-15 20:39:00,FinTimes Daily,PFE,"Pfizer refinances debt at lower rates and extends maturities, lifting shares","Pfizer refinances debt at lower rates and extends maturities, lifting shares. Traders cited improving fundamentals and strong momentum.",0.495,Credit Event,4
N00989,2026-09-16 07:23:00,MarketDesk Wire,JPM,JPMorgan Chase to report quarterly results next week,JPMorgan Chase to report quarterly results next week. Analysts said it was too early to assess any lasting impact.,0.029,Earnings,2
N00990,2026-09-16 07:27:00,Capital Ledger,META,Meta Platforms confirms it is in talks over a possible acquisition,Meta Platforms confirms it is in talks over a possible acquisition. Analysts said it was too early to assess any lasting impact.,-0.026,Merger/Acquisition,3
N00991,2026-09-16 08:11:00,FinTimes Daily,JNJ,Johnson & Johnson bond spreads widen on liquidity concerns in what analysts call a major shock,Johnson & Johnson bond spreads widen on liquidity concerns in what analysts call a major shock. Analysts flagged downside risks and trimmed their estimates.,-1.0,Credit Event,10
N00992,2026-09-16 08:33:00,Capital Ledger,CVX,"Chevron unveils new offshore field, early orders exceed expectations, sparking a strong rally","Chevron unveils new offshore field, early orders exceed expectations, sparking a strong rally. Investors responded positively, with analysts raising price targets.",0.651,Product Launch,5
N00993,2026-09-16 08:39:00,FinTimes Daily,KO,Coca-Cola delays delivery service launch after quality issues in what analysts call a major shock,"Coca-Cola delays delivery service launch after quality issues in what analysts call a major shock. Investors reacted cautiously, citing uncertainty over near-term outlook.",-0.696,Product Launch,6
N00994,2026-09-16 09:08:00,Capital Ledger,AAPL,Moody's-style agency affirms Apple at AA with a stable outlook,Moody's-style agency affirms Apple at AA with a stable outlook. Analysts said it was too early to assess any lasting impact.,-0.146,Credit Event,2
N00995,2026-09-16 09:32:00,FinTimes Daily,PFE,"Pfizer settles lawsuit on favourable terms, sparking a strong rally","Pfizer settles lawsuit on favourable terms, sparking a strong rally. Traders cited improving fundamentals and strong momentum.",0.603,Regulatory/Legal,6
N00996,2026-09-16 09:53:00,FinTimes Daily,XOM,"Exxon Mobil wins regulatory approval for its renewables unit, sparking a strong rally","Exxon Mobil wins regulatory approval for its renewables unit, sparking a strong rally. Traders cited improving fundamentals and strong momentum.",0.63,Regulatory/Legal,6
N00997,2026-09-16 09:57:00,Capital Ledger,AAPL,"Apple delays cloud platform launch after quality issues, sending shares lower","Apple delays cloud platform launch after quality issues, sending shares lower. Investors reacted cautiously, citing uncertainty over near-term outlook.",-0.562,Product Launch,4
N00998,2026-09-16 11:08:00,FinTimes Daily,MSFT,"Microsoft completes acquisition ahead of schedule, synergies seen, sparking a strong rally","Microsoft completes acquisition ahead of schedule, synergies seen, sparking a strong rally. Traders cited improving fundamentals and strong momentum.",0.574,Merger/Acquisition,5
N00999,2026-09-16 11:45:00,Global Markets Brief,WMT,Walmart confirms it is in talks over a possible acquisition,Walmart confirms it is in talks over a possible acquisition. Analysts said it was too early to assess any lasting impact.,-0.042,Merger/Acquisition,1
N01000,2026-09-16 14:30:00,Capital Ledger,AAPL,Apple reports revenue decline of 8.3% year over year,"Apple reports revenue decline of 8.3% year over year. Investors reacted cautiously, citing uncertainty over near-term outlook.",-0.688,Earnings,6
N01001,2026-09-16 14:51:00,Global Markets Brief,BAC,"Bank of America settles lawsuit on favourable terms, sparking a strong rally","Bank of America settles lawsuit on favourable terms, sparking a strong rally. Traders cited improving fundamentals and strong momentum.",0.789,Regulatory/Legal,6
N01002,2026-09-16 15:04:00,MarketDesk Wire,PFE,"Pfizer to acquire a rival in a $22bn deal expected to boost margins, lifting shares","Pfizer to acquire a rival in a $22bn deal expected to boost margins, lifting shares. Investors responded positively, with analysts raising price targets.",0.688,Merger/Acquisition,7
N01003,2026-09-16 15:43:00,Global Markets Brief,AAPL,"Apple faces new government investigation into its practices, triggering a sharp selloff","Apple faces new government investigation into its practices, triggering a sharp selloff. Analysts flagged downside risks and trimmed their estimates.",-0.795,Regulatory/Legal,9
N01004,2026-09-16 17:31:00,MarketDesk Wire,CVX,Chevron beats quarterly earnings estimates as revenue climbs 6.0% in a landmark result,"Chevron beats quarterly earnings estimates as revenue climbs 6.0% in a landmark result. Investors responded positively, with analysts raising price targets.",0.676,Earnings,7
N01005,2026-09-16 18:17:00,MarketDesk Wire,KO,"Coca-Cola overpays for acquisition, analysts warn of dilution, sending shares lower","Coca-Cola overpays for acquisition, analysts warn of dilution, sending shares lower. Investors reacted cautiously, citing uncertainty over near-term outlook.",-0.589,Merger/Acquisition,5
N01006,2026-09-16 20:09:00,FinTimes Daily,,Strong jobs report boosts growth outlook,Strong jobs report boosts growth outlook. Traders cited improving fundamentals and strong momentum.,0.536,Macroeconomic,4
N01007,2026-09-16 20:38:00,FinTimes Daily,,Ceasefire in the South China Sea lifts global risk appetite,Ceasefire in the South China Sea lifts global risk appetite. Traders cited improving fundamentals and strong momentum.,0.353,Geopolitical,4
N01008,2026-09-17 06:18:00,Capital Ledger,WMT,Walmart settles lawsuit on favourable terms,"Walmart settles lawsuit on favourable terms. Investors responded positively, with analysts raising price targets.",0.482,Regulatory/Legal,4
N01009,2026-09-17 06:44:00,Capital Ledger,AAPL,"Apple faces new government investigation into its practices, triggering a sharp selloff","Apple faces new government investigation into its practices, triggering a sharp selloff. Analysts flagged downside risks and trimmed their estimates.",-0.807,Regulatory/Legal,7
N01010,2026-09-17 07:15:00,Capital Ledger,CVX,"Chevron posts record profit, with earnings per share ahead of consensus in a landmark result","Chevron posts record profit, with earnings per share ahead of consensus in a landmark result. Traders cited improving fundamentals and strong momentum.",0.865,Earnings,9
N01011,2026-09-17 08:07:00,Capital Ledger,GOOGL,Alphabet reports revenue decline of 8.8% year over year,Alphabet reports revenue decline of 8.8% year over year. Analysts flagged downside risks and trimmed their estimates.,-0.615,Earnings,5
N01012,2026-09-17 10:25:00,MarketDesk Wire,AMZN,"Amazon raises full-year guidance after a strong quarter, lifting shares","Amazon raises full-year guidance after a strong quarter, lifting shares. Traders cited improving fundamentals and strong momentum.",0.651,Earnings,5
N01013,2026-09-17 10:46:00,Capital Ledger,GS,"Goldman Sachs unveils new wealth platform, early orders exceed expectations","Goldman Sachs unveils new wealth platform, early orders exceed expectations. Investors responded positively, with analysts raising price targets.",0.488,Product Launch,4
N01014,2026-09-17 11:01:00,MarketDesk Wire,WMT,Walmart reports revenue decline of 5.2% year over year in what analysts call a major shock,"Walmart reports revenue decline of 5.2% year over year in what analysts call a major shock. Investors reacted cautiously, citing uncertainty over near-term outlook.",-0.843,Earnings,8
N01015,2026-09-17 11:04:00,MarketDesk Wire,,Ceasefire in North Africa lifts global risk appetite in a landmark result,"Ceasefire in North Africa lifts global risk appetite in a landmark result. Investors responded positively, with analysts raising price targets.",0.686,Geopolitical,7
N01016,2026-09-17 11:05:00,Global Markets Brief,CVX,"Chevron unveils new LNG project, early orders exceed expectations, lifting shares","Chevron unveils new LNG project, early orders exceed expectations, lifting shares. Traders cited improving fundamentals and strong momentum.",0.549,Product Launch,4
N01017,2026-09-17 12:00:00,FinTimes Daily,,Trade agreement signed with partners in Eastern Europe cheers markets,"Trade agreement signed with partners in Eastern Europe cheers markets. Investors responded positively, with analysts raising price targets.",0.647,Geopolitical,4
N01018,2026-09-17 12:50:00,Capital Ledger,JNJ,"Johnson & Johnson loses court ruling, appeal expected","Johnson & Johnson loses court ruling, appeal expected. Investors reacted cautiously, citing uncertainty over near-term outlook.",-0.595,Regulatory/Legal,5
N01019,2026-09-17 16:31:00,FinTimes Daily,PFE,Pfizer announces date for its next oncology drug event,Pfizer announces date for its next oncology drug event. Analysts said it was too early to assess any lasting impact.,0.139,Product Launch,2
N01020,2026-09-17 17:24:00,FinTimes Daily,GOOGL,"Alphabet launches AI assistant to strong reviews, lifting shares","Alphabet launches AI assistant to strong reviews, lifting shares. Investors responded positively, with analysts raising price targets.",0.493,Product Launch,3
N01021,2026-09-17 18:25:00,FinTimes Daily,JNJ,"Johnson & Johnson recalls oncology drug over safety defect, triggering a sharp selloff","Johnson & Johnson recalls oncology drug over safety defect, triggering a sharp selloff. Analysts flagged downside risks and trimmed their estimates.",-0.75,Product Launch,8
N01022,2026-09-17 19:30:00,MarketDesk Wire,KO,"Coca-Cola hit with $2100m fine by regulators, triggering a sharp selloff","Coca-Cola hit with $2100m fine by regulators, triggering a sharp selloff. Investors reacted cautiously, citing uncertainty over near-term outlook.",-0.779,Regulatory/Legal,9
N01023,2026-09-17 20:05:00,FinTimes Daily,BAC,"Bank of America misses earnings expectations as margins shrink, triggering a sharp selloff","Bank of America misses earnings expectations as margins shrink, triggering a sharp selloff. Investors reacted cautiously, citing uncertainty over near-term outlook.",-0.686,Earnings,7
N01024,2026-09-17 20:22:00,Global Markets Brief,,"Inflation cools to 13.2%, raising hopes of rate cuts in a landmark result","Inflation cools to 13.2%, raising hopes of rate cuts in a landmark result. Traders cited improving fundamentals and strong momentum.",0.997,Macroeconomic,9
N01025,2026-09-17 20:44:00,Global Markets Brief,XOM,Exxon Mobil misses earnings expectations as margins shrink,"Exxon Mobil misses earnings expectations as margins shrink. Investors reacted cautiously, citing uncertainty over near-term outlook.",-0.76,Earnings,6
N01026,2026-09-18 06:06:00,FinTimes Daily,JPM,JPMorgan Chase cuts full-year outlook citing weak demand in what analysts call a major shock,"JPMorgan Chase cuts full-year outlook citing weak demand in what analysts call a major shock. Investors reacted cautiously, citing uncertainty over near-term outlook.",-0.765,Earnings,8
N01027,2026-09-18 06:09:00,Capital Ledger,XOM,"Exxon Mobil reports revenue decline of 13.5% year over year, sending shares lower","Exxon Mobil reports revenue decline of 13.5% year over year, sending shares lower. Investors reacted cautiously, citing uncertainty over near-term outlook.",-0.698,Earnings,5
N01028,2026-09-18 06:29:00,Capital Ledger,GOOGL,Alphabet recalls streaming service over safety defect,Alphabet recalls streaming service over safety defect. Analysts flagged downside risks and trimmed their estimates.,-0.861,Product Launch,7
N01029,2026-09-18 07:44:00,Global Markets Brief,JNJ,"Johnson & Johnson recalls oncology drug over safety defect, triggering a sharp selloff","Johnson & Johnson recalls oncology drug over safety defect, triggering a sharp selloff. Investors reacted cautiously, citing uncertainty over near-term outlook.",-0.803,Product Launch,7
N01030,2026-09-18 09:31:00,FinTimes Daily,,Ceasefire in North Africa lifts global risk appetite,Ceasefire in North Africa lifts global risk appetite. Traders cited improving fundamentals and strong momentum.,0.519,Geopolitical,4
N01031,2026-09-18 09:35:00,Capital Ledger,MSFT,"Microsoft beats quarterly earnings estimates as revenue climbs 8.6%, sparking a strong rally","Microsoft beats quarterly earnings estimates as revenue climbs 8.6%, sparking a strong rally. Traders cited improving fundamentals and strong momentum.",0.853,Earnings,8
N01032,2026-09-18 11:05:00,Global Markets Brief,WMT,Walmart warns of covenant breach as cash flow tightens in what analysts call a major shock,"Walmart warns of covenant breach as cash flow tightens in what analysts call a major shock. Investors reacted cautiously, citing uncertainty over near-term outlook.",-1.0,Credit Event,10
N01033,2026-09-18 12:21:00,MarketDesk Wire,GOOGL,"Alphabet faces new government investigation into its practices, sending shares lower","Alphabet faces new government investigation into its practices, sending shares lower. Investors reacted cautiously, citing uncertainty over near-term outlook.",-0.959,Regulatory/Legal,8
N01034,2026-09-18 12:57:00,MarketDesk Wire,JPM,"JPMorgan Chase loses court ruling, appeal expected","JPMorgan Chase loses court ruling, appeal expected. Investors reacted cautiously, citing uncertainty over near-term outlook.",-0.681,Regulatory/Legal,6
N01035,2026-09-18 13:46:00,MarketDesk Wire,META,Meta Platforms delays ad platform launch after quality issues in what analysts call a major shock,"Meta Platforms delays ad platform launch after quality issues in what analysts call a major shock. Investors reacted cautiously, citing uncertainty over near-term outlook.",-0.766,Product Launch,7
N01036,2026-09-18 14:00:00,Capital Ledger,PFE,Regulators open consultation on rules affecting the Healthcare sector,Regulators open consultation on rules affecting the Healthcare sector. The development was largely expected by market participants.,-0.15,Regulatory/Legal,1
N01037,2026-09-18 15:31:00,Capital Ledger,JNJ,Johnson & Johnson faces antitrust challenge over proposed $9bn merger in what analysts call a major shock,Johnson & Johnson faces antitrust challenge over proposed $9bn merger in what analysts call a major shock. Analysts flagged downside risks and trimmed their estimates.,-0.775,Merger/Acquisition,8
N01038,2026-09-18 16:02:00,MarketDesk Wire,GS,Goldman Sachs announces date for its next wealth platform event,Goldman Sachs announces date for its next wealth platform event. The development was largely expected by market participants.,0.074,Product Launch,2
N01039,2026-09-18 16:10:00,MarketDesk Wire,XOM,"Exxon Mobil posts record profit, with earnings per share ahead of consensus","Exxon Mobil posts record profit, with earnings per share ahead of consensus. Investors responded positively, with analysts raising price targets.",0.755,Earnings,6
N01040,2026-09-18 16:13:00,Global Markets Brief,GS,"Goldman Sachs wins regulatory approval for its digital banking app, lifting shares","Goldman Sachs wins regulatory approval for its digital banking app, lifting shares. Traders cited improving fundamentals and strong momentum.",0.491,Regulatory/Legal,4
N01041,2026-09-18 18:37:00,Global Markets Brief,JPM,"JPMorgan Chase unveils new trading platform, early orders exceed expectations, sparking a strong rally","JPMorgan Chase unveils new trading platform, early orders exceed expectations, sparking a strong rally. Traders cited improving fundamentals and strong momentum.",0.649,Product Launch,5
N01042,2026-09-18 20:23:00,Capital Ledger,CVX,a major rating agency downgrades Chevron to BBB- amid rising debt,a major rating agency downgrades Chevron to BBB- amid rising debt. Analysts flagged downside risks and trimmed their estimates.,-0.721,Credit Event,7
N01043,2026-09-18 20:59:00,MarketDesk Wire,PFE,"Pfizer raises full-year guidance after a strong quarter, sparking a strong rally","Pfizer raises full-year guidance after a strong quarter, sparking a strong rally. Investors responded positively, with analysts raising price targets.",0.704,Earnings,6
N01044,2026-09-21 08:58:00,Global Markets Brief,NVDA,NVIDIA earnings come in line with analyst expectations,NVIDIA earnings come in line with analyst expectations. Analysts said it was too early to assess any lasting impact.,0.012,Earnings,1
N01045,2026-09-21 09:11:00,FinTimes Daily,PFE,Pfizer to report quarterly results next week,Pfizer to report quarterly results next week. The development was largely expected by market participants.,-0.048,Earnings,1
N01046,2026-09-21 11:12:00,FinTimes Daily,CVX,Chevron recalls LNG project over safety defect in what analysts call a major shock,"Chevron recalls LNG project over safety defect in what analysts call a major shock. Investors reacted cautiously, citing uncertainty over near-term outlook.",-0.903,Product Launch,10
N01047,2026-09-21 12:15:00,Global Markets Brief,KO,Coca-Cola beats quarterly earnings estimates as revenue climbs 9.9% in a landmark result,"Coca-Cola beats quarterly earnings estimates as revenue climbs 9.9% in a landmark result. Investors responded positively, with analysts raising price targets.",0.815,Earnings,8
N01048,2026-09-21 13:53:00,Global Markets Brief,GOOGL,"Alphabet reports revenue decline of 8.2% year over year, sending shares lower","Alphabet reports revenue decline of 8.2% year over year, sending shares lower. Analysts flagged downside risks and trimmed their estimates.",-0.679,Earnings,6
N01049,2026-09-21 14:46:00,FinTimes Daily,META,Meta Platforms settles lawsuit on favourable terms,"Meta Platforms settles lawsuit on favourable terms. Investors responded positively, with analysts raising price targets.",0.513,Regulatory/Legal,3
N01050,2026-09-21 15:51:00,Global Markets Brief,AAPL,"S&P-style agency downgrades Apple to BB+ amid rising debt, triggering a sharp selloff","S&P-style agency downgrades Apple to BB+ amid rising debt, triggering a sharp selloff. Analysts flagged downside risks and trimmed their estimates.",-0.714,Credit Event,8
N01051,2026-09-21 17:47:00,MarketDesk Wire,,Central bank minutes due for release on Wednesday,Central bank minutes due for release on Wednesday. Analysts said it was too early to assess any lasting impact.,0.011,Macroeconomic,3
N01052,2026-09-21 18:06:00,FinTimes Daily,BAC,"S&P-style agency upgrades Bank of America to AA on improving leverage, lifting shares","S&P-style agency upgrades Bank of America to AA on improving leverage, lifting shares. Investors responded positively, with analysts raising price targets.",0.658,Credit Event,7
N01053,2026-09-21 18:12:00,Global Markets Brief,CVX,"Chevron launches offshore field to strong reviews, sparking a strong rally","Chevron launches offshore field to strong reviews, sparking a strong rally. Traders cited improving fundamentals and strong momentum.",0.656,Product Launch,6
N01054,2026-09-21 18:18:00,MarketDesk Wire,PFE,"Pfizer raises full-year guidance after a strong quarter, sparking a strong rally","Pfizer raises full-year guidance after a strong quarter, sparking a strong rally. Investors responded positively, with analysts raising price targets.",0.642,Earnings,6
N01055,2026-09-21 19:24:00,FinTimes Daily,CVX,"Chevron posts record profit, with earnings per share ahead of consensus","Chevron posts record profit, with earnings per share ahead of consensus. Investors responded positively, with analysts raising price targets.",0.562,Earnings,5
N01056,2026-09-21 20:29:00,FinTimes Daily,JNJ,"Johnson & Johnson overpays for acquisition, analysts warn of dilution","Johnson & Johnson overpays for acquisition, analysts warn of dilution. Analysts flagged downside risks and trimmed their estimates.",-0.512,Merger/Acquisition,4
N01057,2026-09-22 08:29:00,FinTimes Daily,WMT,Walmart raises full-year guidance after a strong quarter,Walmart raises full-year guidance after a strong quarter. Traders cited improving fundamentals and strong momentum.,0.513,Earnings,4
N01058,2026-09-22 12:03:00,MarketDesk Wire,AMZN,"Moody's-style agency downgrades Amazon to BB+ amid rising debt, sending shares lower","Moody's-style agency downgrades Amazon to BB+ amid rising debt, sending shares lower. Investors reacted cautiously, citing uncertainty over near-term outlook.",-0.745,Credit Event,7
N01059,2026-09-22 12:05:00,Global Markets Brief,GS,"Goldman Sachs recalls wealth platform over safety defect, sending shares lower","Goldman Sachs recalls wealth platform over safety defect, sending shares lower. Analysts flagged downside risks and trimmed their estimates.",-0.623,Product Launch,6
N01060,2026-09-22 12:16:00,FinTimes Daily,GS,Goldman Sachs raises loan loss provisions by 10.0% as defaults rise,Goldman Sachs raises loan loss provisions by 10.0% as defaults rise. Analysts flagged downside risks and trimmed their estimates.,-0.524,Credit Event,5
N01061,2026-09-22 13:40:00,Capital Ledger,AAPL,Apple hit with $3800m fine by regulators,Apple hit with $3800m fine by regulators. Analysts flagged downside risks and trimmed their estimates.,-0.619,Regulatory/Legal,6
N01062,2026-09-22 14:00:00,FinTimes Daily,,Trade agreement signed with partners in the Middle East cheers markets,"Trade agreement signed with partners in the Middle East cheers markets. Investors responded positively, with analysts raising price targets.",0.575,Geopolitical,5
N01063,2026-09-22 14:36:00,Global Markets Brief,XOM,Exxon Mobil faces antitrust challenge over proposed $14bn merger in what analysts call a major shock,Exxon Mobil faces antitrust challenge over proposed $14bn merger in what analysts call a major shock. Analysts flagged downside risks and trimmed their estimates.,-0.787,Merger/Acquisition,8
N01064,2026-09-22 18:23:00,Capital Ledger,JPM,JPMorgan Chase announces date for its next trading platform event,JPMorgan Chase announces date for its next trading platform event. Analysts said it was too early to assess any lasting impact.,-0.016,Product Launch,2
N01065,2026-09-22 20:07:00,FinTimes Daily,KO,Coca-Cola cuts full-year outlook citing weak demand,"Coca-Cola cuts full-year outlook citing weak demand. Investors reacted cautiously, citing uncertainty over near-term outlook.",-0.78,Earnings,7
N01066,2026-09-23 06:58:00,Capital Ledger,JPM,JPMorgan Chase announces date for its next trading platform event,JPMorgan Chase announces date for its next trading platform event. The development was largely expected by market participants.,0.052,Product Launch,3
N01067,2026-09-23 07:03:00,MarketDesk Wire,,Trade agreement signed with partners in Eastern Europe cheers markets,Trade agreement signed with partners in Eastern Europe cheers markets. Traders cited improving fundamentals and strong momentum.,0.42,Geopolitical,3
N01068,2026-09-23 07:18:00,Capital Ledger,BAC,"Bank of America unveils new digital banking app, early orders exceed expectations","Bank of America unveils new digital banking app, early orders exceed expectations. Investors responded positively, with analysts raising price targets.",0.441,Product Launch,3
N01069,2026-09-23 10:03:00,MarketDesk Wire,GOOGL,"Alphabet delays streaming service launch after quality issues, sending shares lower","Alphabet delays streaming service launch after quality issues, sending shares lower. Investors reacted cautiously, citing uncertainty over near-term outlook.",-0.628,Product Launch,5
N01070,2026-09-23 10:05:00,Global Markets Brief,JPM,JPMorgan Chase announces date for its next trading platform event,JPMorgan Chase announces date for its next trading platform event. Analysts said it was too early to assess any lasting impact.,-0.014,Product Launch,2
N01071,2026-09-23 10:06:00,FinTimes Daily,MSFT,Microsoft settles lawsuit on favourable terms,"Microsoft settles lawsuit on favourable terms. Investors responded positively, with analysts raising price targets.",0.402,Regulatory/Legal,2
N01072,2026-09-23 10:45:00,Capital Ledger,CVX,Chevron misses earnings expectations as margins shrink,Chevron misses earnings expectations as margins shrink. Analysts flagged downside risks and trimmed their estimates.,-0.6,Earnings,5
N01073,2026-09-23 13:43:00,FinTimes Daily,JNJ,Johnson & Johnson cuts full-year outlook citing weak demand,"Johnson & Johnson cuts full-year outlook citing weak demand. Investors reacted cautiously, citing uncertainty over near-term outlook.",-0.646,Earnings,5
N01074,2026-09-23 14:52:00,Global Markets Brief,CVX,Chevron announces date for its next LNG project event,Chevron announces date for its next LNG project event. Analysts said it was too early to assess any lasting impact.,-0.086,Product Launch,3
N01075,2026-09-23 15:13:00,Capital Ledger,META,Regulators open consultation on rules affecting the Communication sector,Regulators open consultation on rules affecting the Communication sector. Analysts said it was too early to assess any lasting impact.,-0.069,Regulatory/Legal,3
N01076,2026-09-23 15:35:00,MarketDesk Wire,WMT,Walmart launches delivery service to strong reviews,Walmart launches delivery service to strong reviews. Traders cited improving fundamentals and strong momentum.,0.395,Product Launch,2
N01077,2026-09-23 15:53:00,MarketDesk Wire,META,Meta Platforms walks away from $32bn takeover talks in what analysts call a major shock,Meta Platforms walks away from $32bn takeover talks in what analysts call a major shock. Analysts flagged downside risks and trimmed their estimates.,-0.892,Merger/Acquisition,7
N01078,2026-09-23 17:29:00,FinTimes Daily,BAC,Bank of America cuts full-year outlook citing weak demand in what analysts call a major shock,"Bank of America cuts full-year outlook citing weak demand in what analysts call a major shock. Investors reacted cautiously, citing uncertainty over near-term outlook.",-0.884,Earnings,9
N01079,2026-09-23 18:15:00,Capital Ledger,NVDA,Regulators open consultation on rules affecting the Technology sector,Regulators open consultation on rules affecting the Technology sector. The development was largely expected by market participants.,-0.079,Regulatory/Legal,1
N01080,2026-09-24 06:15:00,Global Markets Brief,KO,"Coca-Cola faces new government investigation into its practices, sending shares lower","Coca-Cola faces new government investigation into its practices, sending shares lower. Analysts flagged downside risks and trimmed their estimates.",-0.805,Regulatory/Legal,7
N01081,2026-09-24 06:38:00,Global Markets Brief,AMZN,a major rating agency upgrades Amazon to A- on improving leverage in a landmark result,a major rating agency upgrades Amazon to A- on improving leverage in a landmark result. Traders cited improving fundamentals and strong momentum.,0.677,Credit Event,7
N01082,2026-09-24 07:23:00,Global Markets Brief,PFE,"Pfizer completes acquisition ahead of schedule, synergies seen in a landmark result","Pfizer completes acquisition ahead of schedule, synergies seen in a landmark result. Traders cited improving fundamentals and strong momentum.",0.739,Merger/Acquisition,7
N01083,2026-09-24 09:59:00,Global Markets Brief,GOOGL,"Alphabet launches AI assistant to strong reviews, sparking a strong rally","Alphabet launches AI assistant to strong reviews, sparking a strong rally. Investors responded positively, with analysts raising price targets.",0.556,Product Launch,4
N01084,2026-09-24 10:30:00,MarketDesk Wire,,"Trade agreement signed with partners in Eastern Europe cheers markets, lifting shares","Trade agreement signed with partners in Eastern Europe cheers markets, lifting shares. Traders cited improving fundamentals and strong momentum.",0.569,Geopolitical,5
N01085,2026-09-24 11:37:00,MarketDesk Wire,GS,"Goldman Sachs loses court ruling, appeal expected, sending shares lower","Goldman Sachs loses court ruling, appeal expected, sending shares lower. Investors reacted cautiously, citing uncertainty over near-term outlook.",-0.619,Regulatory/Legal,6
N01086,2026-09-24 11:58:00,Capital Ledger,MSFT,"Microsoft launches developer toolkit to strong reviews, lifting shares","Microsoft launches developer toolkit to strong reviews, lifting shares. Investors responded positively, with analysts raising price targets.",0.631,Product Launch,5
N01087,2026-09-24 12:12:00,Capital Ledger,WMT,Walmart earnings come in line with analyst expectations,Walmart earnings come in line with analyst expectations. Analysts said it was too early to assess any lasting impact.,0.022,Earnings,3
N01088,2026-09-24 13:44:00,Global Markets Brief,KO,"Coca-Cola warns of covenant breach as cash flow tightens, triggering a sharp selloff","Coca-Cola warns of covenant breach as cash flow tightens, triggering a sharp selloff. Analysts flagged downside risks and trimmed their estimates.",-0.905,Credit Event,10
N01089,2026-09-24 16:34:00,Global Markets Brief,AMZN,"Amazon launches beverage line to strong reviews, sparking a strong rally","Amazon launches beverage line to strong reviews, sparking a strong rally. Traders cited improving fundamentals and strong momentum.",0.644,Product Launch,6
N01090,2026-09-24 18:21:00,Capital Ledger,JNJ,Johnson & Johnson recalls vaccine over safety defect,"Johnson & Johnson recalls vaccine over safety defect. Investors reacted cautiously, citing uncertainty over near-term outlook.",-0.572,Product Launch,5
N01091,2026-09-24 18:41:00,MarketDesk Wire,,Trade agreement signed with partners in Eastern Europe cheers markets in a landmark result,Trade agreement signed with partners in Eastern Europe cheers markets in a landmark result. Traders cited improving fundamentals and strong momentum.,0.642,Geopolitical,7
N01092,2026-09-24 19:40:00,FinTimes Daily,CVX,"Chevron loses court ruling, appeal expected, sending shares lower","Chevron loses court ruling, appeal expected, sending shares lower. Investors reacted cautiously, citing uncertainty over near-term outlook.",-0.769,Regulatory/Legal,7
N01093,2026-09-24 20:25:00,MarketDesk Wire,XOM,"Exxon Mobil walks away from $19bn takeover talks, sending shares lower","Exxon Mobil walks away from $19bn takeover talks, sending shares lower. Analysts flagged downside risks and trimmed their estimates.",-0.603,Merger/Acquisition,4
N01094,2026-09-25 07:24:00,MarketDesk Wire,,"Inflation cools to 7.3%, raising hopes of rate cuts, sparking a strong rally","Inflation cools to 7.3%, raising hopes of rate cuts, sparking a strong rally. Investors responded positively, with analysts raising price targets.",0.923,Macroeconomic,8
N01095,2026-09-25 08:18:00,FinTimes Daily,JNJ,"Johnson & Johnson bond spreads widen on liquidity concerns, sending shares lower","Johnson & Johnson bond spreads widen on liquidity concerns, sending shares lower. Investors reacted cautiously, citing uncertainty over near-term outlook.",-0.643,Credit Event,6
N01096,2026-09-25 09:28:00,Global Markets Brief,PFE,Pfizer bond spreads widen on liquidity concerns,Pfizer bond spreads widen on liquidity concerns. Analysts flagged downside risks and trimmed their estimates.,-0.669,Credit Event,5
N01097,2026-09-25 10:46:00,FinTimes Daily,KO,Coca-Cola launches delivery service to strong reviews,"Coca-Cola launches delivery service to strong reviews. Investors responded positively, with analysts raising price targets.",0.558,Product Launch,3
N01098,2026-09-25 11:42:00,FinTimes Daily,JNJ,Johnson & Johnson recalls oncology drug over safety defect,"Johnson & Johnson recalls oncology drug over safety defect. Investors reacted cautiously, citing uncertainty over near-term outlook.",-0.693,Product Launch,6
N01099,2026-09-25 12:12:00,Global Markets Brief,META,"Meta Platforms raises full-year guidance after a strong quarter, lifting shares","Meta Platforms raises full-year guidance after a strong quarter, lifting shares. Investors responded positively, with analysts raising price targets.",0.752,Earnings,7
N01100,2026-09-25 12:17:00,Capital Ledger,CVX,"Chevron posts record profit, with earnings per share ahead of consensus, lifting shares","Chevron posts record profit, with earnings per share ahead of consensus, lifting shares. Investors responded positively, with analysts raising price targets.",0.675,Earnings,6
N01101,2026-09-25 12:53:00,MarketDesk Wire,AMZN,Amazon launches delivery service to strong reviews,Amazon launches delivery service to strong reviews. Traders cited improving fundamentals and strong momentum.,0.519,Product Launch,4
N01102,2026-09-25 13:36:00,Global Markets Brief,AMZN,Amazon refinances debt at lower rates and extends maturities in a landmark result,Amazon refinances debt at lower rates and extends maturities in a landmark result. Traders cited improving fundamentals and strong momentum.,0.71,Credit Event,6
N01103,2026-09-25 13:56:00,MarketDesk Wire,NVDA,"NVIDIA raises loan loss provisions by 6.0% as defaults rise, sending shares lower","NVIDIA raises loan loss provisions by 6.0% as defaults rise, sending shares lower. Investors reacted cautiously, citing uncertainty over near-term outlook.",-0.706,Credit Event,7
N01104,2026-09-25 14:19:00,Capital Ledger,,"Inflation cools to 7.7%, raising hopes of rate cuts, lifting shares","Inflation cools to 7.7%, raising hopes of rate cuts, lifting shares. Investors responded positively, with analysts raising price targets.",0.54,Macroeconomic,5
N01105,2026-09-25 14:30:00,Global Markets Brief,BAC,Bank of America announces date for its next digital banking app event,Bank of America announces date for its next digital banking app event. Analysts said it was too early to assess any lasting impact.,-0.08,Product Launch,3
N01106,2026-09-25 14:35:00,Global Markets Brief,META,Meta Platforms settles lawsuit on favourable terms,Meta Platforms settles lawsuit on favourable terms. Traders cited improving fundamentals and strong momentum.,0.493,Regulatory/Legal,3
N01107,2026-09-25 15:45:00,MarketDesk Wire,GOOGL,"Alphabet raises loan loss provisions by 12.5% as defaults rise, sending shares lower","Alphabet raises loan loss provisions by 12.5% as defaults rise, sending shares lower. Investors reacted cautiously, citing uncertainty over near-term outlook.",-0.623,Credit Event,6
N01108,2026-09-25 16:50:00,MarketDesk Wire,AAPL,"Apple overpays for acquisition, analysts warn of dilution, triggering a sharp selloff","Apple overpays for acquisition, analysts warn of dilution, triggering a sharp selloff. Investors reacted cautiously, citing uncertainty over near-term outlook.",-0.644,Merger/Acquisition,6
N01109,2026-09-25 17:05:00,FinTimes Daily,JPM,a major rating agency downgrades JPMorgan Chase to BBB amid rising debt in what analysts call a major shock,"a major rating agency downgrades JPMorgan Chase to BBB amid rising debt in what analysts call a major shock. Investors reacted cautiously, citing uncertainty over near-term outlook.",-0.892,Credit Event,10
N01110,2026-09-25 18:18:00,Capital Ledger,AMZN,Regulators open consultation on rules affecting the Consumer sector,Regulators open consultation on rules affecting the Consumer sector. The development was largely expected by market participants.,-0.001,Regulatory/Legal,3
N01111,2026-09-25 18:28:00,Global Markets Brief,GS,Regulators open consultation on rules affecting the Financials sector,Regulators open consultation on rules affecting the Financials sector. Analysts said it was too early to assess any lasting impact.,0.013,Regulatory/Legal,3
N01112,2026-09-25 18:46:00,Capital Ledger,JPM,"JPMorgan Chase loses court ruling, appeal expected, triggering a sharp selloff","JPMorgan Chase loses court ruling, appeal expected, triggering a sharp selloff. Investors reacted cautiously, citing uncertainty over near-term outlook.",-0.764,Regulatory/Legal,7
N01113,2026-09-25 19:33:00,Global Markets Brief,AAPL,"Apple walks away from $15bn takeover talks, triggering a sharp selloff","Apple walks away from $15bn takeover talks, triggering a sharp selloff. Investors reacted cautiously, citing uncertainty over near-term outlook.",-0.804,Merger/Acquisition,7
N01114,2026-09-25 19:39:00,Global Markets Brief,KO,"Coca-Cola faces antitrust challenge over proposed $10bn merger, sending shares lower","Coca-Cola faces antitrust challenge over proposed $10bn merger, sending shares lower. Analysts flagged downside risks and trimmed their estimates.",-0.816,Merger/Acquisition,8
N01115,2026-09-25 19:46:00,Global Markets Brief,META,"Meta Platforms walks away from $20bn takeover talks, sending shares lower","Meta Platforms walks away from $20bn takeover talks, sending shares lower. Investors reacted cautiously, citing uncertainty over near-term outlook.",-0.503,Merger/Acquisition,5
N01116,2026-09-28 06:12:00,MarketDesk Wire,GS,"Goldman Sachs cuts full-year outlook citing weak demand, triggering a sharp selloff","Goldman Sachs cuts full-year outlook citing weak demand, triggering a sharp selloff. Analysts flagged downside risks and trimmed their estimates.",-0.955,Earnings,9
N01117,2026-09-28 08:14:00,Global Markets Brief,,Central bank minutes due for release on Wednesday,Central bank minutes due for release on Wednesday. The development was largely expected by market participants.,-0.034,Macroeconomic,1
N01118,2026-09-28 09:03:00,Capital Ledger,,Strong jobs report boosts growth outlook,Strong jobs report boosts growth outlook. Traders cited improving fundamentals and strong momentum.,0.445,Macroeconomic,3
N01119,2026-09-28 10:51:00,Global Markets Brief,JPM,Regulators open consultation on rules affecting the Financials sector,Regulators open consultation on rules affecting the Financials sector. The development was largely expected by market participants.,0.052,Regulatory/Legal,3
N01120,2026-09-28 11:12:00,FinTimes Daily,PFE,Pfizer recalls oncology drug over safety defect in what analysts call a major shock,"Pfizer recalls oncology drug over safety defect in what analysts call a major shock. Investors reacted cautiously, citing uncertainty over near-term outlook.",-0.86,Product Launch,9
N01121,2026-09-28 13:27:00,Capital Ledger,AAPL,Regulators open consultation on rules affecting the Technology sector,Regulators open consultation on rules affecting the Technology sector. The development was largely expected by market participants.,-0.0,Regulatory/Legal,3
N01122,2026-09-28 13:44:00,Global Markets Brief,GOOGL,Alphabet reports revenue decline of 11.8% year over year in what analysts call a major shock,"Alphabet reports revenue decline of 11.8% year over year in what analysts call a major shock. Investors reacted cautiously, citing uncertainty over near-term outlook.",-0.866,Earnings,8
N01123,2026-09-28 14:16:00,FinTimes Daily,,Central bank holds rates and signals easing ahead,Central bank holds rates and signals easing ahead. Traders cited improving fundamentals and strong momentum.,0.502,Macroeconomic,4
N01124,2026-09-28 14:46:00,Global Markets Brief,NVDA,"NVIDIA loses court ruling, appeal expected in what analysts call a major shock","NVIDIA loses court ruling, appeal expected in what analysts call a major shock. Investors reacted cautiously, citing uncertainty over near-term outlook.",-0.734,Regulatory/Legal,7
N01125,2026-09-28 16:27:00,Global Markets Brief,META,Meta Platforms refinances debt at lower rates and extends maturities in a landmark result,Meta Platforms refinances debt at lower rates and extends maturities in a landmark result. Traders cited improving fundamentals and strong momentum.,0.816,Credit Event,8
N01126,2026-09-28 16:36:00,MarketDesk Wire,JNJ,"Johnson & Johnson loses court ruling, appeal expected, triggering a sharp selloff","Johnson & Johnson loses court ruling, appeal expected, triggering a sharp selloff. Analysts flagged downside risks and trimmed their estimates.",-0.903,Regulatory/Legal,8
N01127,2026-09-28 16:55:00,Capital Ledger,CVX,S&P-style agency downgrades Chevron to A+ amid rising debt in what analysts call a major shock,S&P-style agency downgrades Chevron to A+ amid rising debt in what analysts call a major shock. Analysts flagged downside risks and trimmed their estimates.,-1.0,Credit Event,10
N01128,2026-09-28 17:08:00,Global Markets Brief,KO,Regulators open consultation on rules affecting the Consumer sector,Regulators open consultation on rules affecting the Consumer sector. The development was largely expected by market participants.,-0.098,Regulatory/Legal,3
N01129,2026-09-28 17:40:00,Global Markets Brief,MSFT,Microsoft confirms it is in talks over a possible acquisition,Microsoft confirms it is in talks over a possible acquisition. The development was largely expected by market participants.,-0.038,Merger/Acquisition,3
N01130,2026-09-28 18:08:00,FinTimes Daily,AAPL,Apple recalls software suite over safety defect,"Apple recalls software suite over safety defect. Investors reacted cautiously, citing uncertainty over near-term outlook.",-0.583,Product Launch,5
N01131,2026-09-28 19:06:00,Capital Ledger,KO,Coca-Cola delays delivery service launch after quality issues in what analysts call a major shock,Coca-Cola delays delivery service launch after quality issues in what analysts call a major shock. Analysts flagged downside risks and trimmed their estimates.,-0.682,Product Launch,6
N01132,2026-09-28 19:41:00,Global Markets Brief,,"Ceasefire in the South China Sea lifts global risk appetite, sparking a strong rally","Ceasefire in the South China Sea lifts global risk appetite, sparking a strong rally. Traders cited improving fundamentals and strong momentum.",0.757,Geopolitical,7
N01133,2026-09-28 19:47:00,Global Markets Brief,CVX,Chevron reports revenue decline of 4.8% year over year,Chevron reports revenue decline of 4.8% year over year. Analysts flagged downside risks and trimmed their estimates.,-0.825,Earnings,6
N01134,2026-09-29 07:29:00,Global Markets Brief,META,Meta Platforms wins regulatory approval for its AI assistant,Meta Platforms wins regulatory approval for its AI assistant. Traders cited improving fundamentals and strong momentum.,0.563,Regulatory/Legal,4
N01135,2026-09-29 08:23:00,Global Markets Brief,,Central bank minutes due for release on Wednesday,Central bank minutes due for release on Wednesday. Analysts said it was too early to assess any lasting impact.,0.046,Macroeconomic,3
N01136,2026-09-29 08:55:00,Global Markets Brief,GOOGL,Alphabet earnings come in line with analyst expectations,Alphabet earnings come in line with analyst expectations. Analysts said it was too early to assess any lasting impact.,0.018,Earnings,2
N01137,2026-09-29 09:12:00,Global Markets Brief,GS,Goldman Sachs settles lawsuit on favourable terms in a landmark result,Goldman Sachs settles lawsuit on favourable terms in a landmark result. Traders cited improving fundamentals and strong momentum.,0.74,Regulatory/Legal,7
N01138,2026-09-29 10:51:00,Global Markets Brief,,Strong jobs report boosts growth outlook,"Strong jobs report boosts growth outlook. Investors responded positively, with analysts raising price targets.",0.619,Macroeconomic,5
N01139,2026-09-29 11:37:00,MarketDesk Wire,NVDA,"a major rating agency downgrades NVIDIA to A- amid rising debt, triggering a sharp selloff","a major rating agency downgrades NVIDIA to A- amid rising debt, triggering a sharp selloff. Investors reacted cautiously, citing uncertainty over near-term outlook.",-0.874,Credit Event,8
N01140,2026-09-29 11:44:00,MarketDesk Wire,WMT,Walmart launches beverage line to strong reviews,Walmart launches beverage line to strong reviews. Traders cited improving fundamentals and strong momentum.,0.454,Product Launch,3
N01141,2026-09-29 14:34:00,FinTimes Daily,CVX,"Chevron delays offshore field launch after quality issues, triggering a sharp selloff","Chevron delays offshore field launch after quality issues, triggering a sharp selloff. Analysts flagged downside risks and trimmed their estimates.",-0.685,Product Launch,5
N01142,2026-09-29 16:25:00,Capital Ledger,AMZN,"Amazon reports revenue decline of 6.0% year over year, triggering a sharp selloff","Amazon reports revenue decline of 6.0% year over year, triggering a sharp selloff. Investors reacted cautiously, citing uncertainty over near-term outlook.",-0.725,Earnings,7
N01143,2026-09-29 17:31:00,MarketDesk Wire,NVDA,NVIDIA settles lawsuit on favourable terms,NVIDIA settles lawsuit on favourable terms. Traders cited improving fundamentals and strong momentum.,0.531,Regulatory/Legal,4
N01144,2026-09-29 17:51:00,FinTimes Daily,JPM,JPMorgan Chase delays trading platform launch after quality issues,JPMorgan Chase delays trading platform launch after quality issues. Analysts flagged downside risks and trimmed their estimates.,-0.479,Product Launch,3
N01145,2026-09-29 18:02:00,Capital Ledger,,Ceasefire in North Africa lifts global risk appetite,"Ceasefire in North Africa lifts global risk appetite. Investors responded positively, with analysts raising price targets.",0.519,Geopolitical,4
N01146,2026-09-29 20:20:00,Capital Ledger,GS,"Goldman Sachs loses court ruling, appeal expected, sending shares lower","Goldman Sachs loses court ruling, appeal expected, sending shares lower. Analysts flagged downside risks and trimmed their estimates.",-0.797,Regulatory/Legal,7
N01147,2026-09-30 07:31:00,Global Markets Brief,AAPL,Apple announces date for its next developer toolkit event,Apple announces date for its next developer toolkit event. The development was largely expected by market participants.,-0.015,Product Launch,1
N01148,2026-09-30 07:59:00,FinTimes Daily,META,Meta Platforms beats quarterly earnings estimates as revenue climbs 4.7%,Meta Platforms beats quarterly earnings estimates as revenue climbs 4.7%. Traders cited improving fundamentals and strong momentum.,0.55,Earnings,5
N01149,2026-09-30 08:08:00,FinTimes Daily,,GDP contracts by 7.6% in surprise slowdown in what analysts call a major shock,GDP contracts by 7.6% in surprise slowdown in what analysts call a major shock. Analysts flagged downside risks and trimmed their estimates.,-0.946,Macroeconomic,10
N01150,2026-09-30 08:23:00,Capital Ledger,GS,Goldman Sachs to acquire a rival in a $2bn deal expected to boost margins in a landmark result,"Goldman Sachs to acquire a rival in a $2bn deal expected to boost margins in a landmark result. Investors responded positively, with analysts raising price targets.",0.929,Merger/Acquisition,9
N01151,2026-09-30 08:30:00,Global Markets Brief,,"Inflation cools to 6.2%, raising hopes of rate cuts, sparking a strong rally","Inflation cools to 6.2%, raising hopes of rate cuts, sparking a strong rally. Traders cited improving fundamentals and strong momentum.",0.774,Macroeconomic,8
N01152,2026-09-30 09:16:00,MarketDesk Wire,AAPL,"Apple wins regulatory approval for its AI chip, sparking a strong rally","Apple wins regulatory approval for its AI chip, sparking a strong rally. Traders cited improving fundamentals and strong momentum.",0.761,Regulatory/Legal,7
N01153,2026-09-30 09:32:00,Capital Ledger,BAC,"Bank of America unveils new wealth platform, early orders exceed expectations","Bank of America unveils new wealth platform, early orders exceed expectations. Investors responded positively, with analysts raising price targets.",0.481,Product Launch,3
N01154,2026-09-30 09:51:00,Global Markets Brief,CVX,Chevron announces date for its next renewables unit event,Chevron announces date for its next renewables unit event. The development was largely expected by market participants.,-0.027,Product Launch,1
N01155,2026-09-30 10:17:00,FinTimes Daily,AAPL,"Apple completes acquisition ahead of schedule, synergies seen, lifting shares","Apple completes acquisition ahead of schedule, synergies seen, lifting shares. Traders cited improving fundamentals and strong momentum.",0.631,Merger/Acquisition,5
N01156,2026-09-30 10:27:00,FinTimes Daily,JNJ,"Johnson & Johnson loses court ruling, appeal expected, triggering a sharp selloff","Johnson & Johnson loses court ruling, appeal expected, triggering a sharp selloff. Investors reacted cautiously, citing uncertainty over near-term outlook.",-0.8,Regulatory/Legal,7
N01157,2026-09-30 10:38:00,FinTimes Daily,AMZN,"Amazon loses court ruling, appeal expected, sending shares lower","Amazon loses court ruling, appeal expected, sending shares lower. Analysts flagged downside risks and trimmed their estimates.",-0.736,Regulatory/Legal,6
N01158,2026-09-30 11:22:00,Global Markets Brief,CVX,Chevron announces date for its next renewables unit event,Chevron announces date for its next renewables unit event. Analysts said it was too early to assess any lasting impact.,-0.037,Product Launch,2
N01159,2026-09-30 12:47:00,Global Markets Brief,MSFT,"Microsoft to acquire a rival in a $32bn deal expected to boost margins, lifting shares","Microsoft to acquire a rival in a $32bn deal expected to boost margins, lifting shares. Traders cited improving fundamentals and strong momentum.",0.641,Merger/Acquisition,5
N01160,2026-09-30 13:01:00,Capital Ledger,GOOGL,"Alphabet bond spreads widen on liquidity concerns, triggering a sharp selloff","Alphabet bond spreads widen on liquidity concerns, triggering a sharp selloff. Investors reacted cautiously, citing uncertainty over near-term outlook.",-0.895,Credit Event,9
N01161,2026-09-30 13:58:00,Capital Ledger,JNJ,"Johnson & Johnson raises full-year guidance after a strong quarter, lifting shares","Johnson & Johnson raises full-year guidance after a strong quarter, lifting shares. Traders cited improving fundamentals and strong momentum.",0.773,Earnings,7
N01162,2026-09-30 15:07:00,FinTimes Daily,META,"Meta Platforms completes acquisition ahead of schedule, synergies seen, lifting shares","Meta Platforms completes acquisition ahead of schedule, synergies seen, lifting shares. Traders cited improving fundamentals and strong momentum.",0.762,Merger/Acquisition,6
N01163,2026-09-30 15:20:00,Capital Ledger,BAC,"Bank of America unveils new trading platform, early orders exceed expectations","Bank of America unveils new trading platform, early orders exceed expectations. Traders cited improving fundamentals and strong momentum.",0.648,Product Launch,5
N01164,2026-09-30 15:42:00,Global Markets Brief,MSFT,Regulators open consultation on rules affecting the Technology sector,Regulators open consultation on rules affecting the Technology sector. The development was largely expected by market participants.,0.049,Regulatory/Legal,2
N01165,2026-09-30 17:35:00,Capital Ledger,JPM,"JPMorgan Chase posts record profit, with earnings per share ahead of consensus in a landmark result","JPMorgan Chase posts record profit, with earnings per share ahead of consensus in a landmark result. Investors responded positively, with analysts raising price targets.",0.946,Earnings,10
N01166,2026-09-30 19:21:00,Capital Ledger,AMZN,Amazon recalls beverage line over safety defect in what analysts call a major shock,"Amazon recalls beverage line over safety defect in what analysts call a major shock. Investors reacted cautiously, citing uncertainty over near-term outlook.",-0.824,Product Launch,8
N01167,2026-09-30 20:00:00,Global Markets Brief,AAPL,"Apple delays developer toolkit launch after quality issues, triggering a sharp selloff","Apple delays developer toolkit launch after quality issues, triggering a sharp selloff. Investors reacted cautiously, citing uncertainty over near-term outlook.",-0.732,Product Launch,7
N01168,2026-09-30 20:02:00,FinTimes Daily,PFE,Pfizer delays oncology drug launch after quality issues,"Pfizer delays oncology drug launch after quality issues. Investors reacted cautiously, citing uncertainty over near-term outlook.",-0.349,Product Launch,3
N01169,2026-09-30 20:06:00,MarketDesk Wire,KO,Moody's-style agency upgrades Coca-Cola to BB+ on improving leverage,Moody's-style agency upgrades Coca-Cola to BB+ on improving leverage. Traders cited improving fundamentals and strong momentum.,0.617,Credit Event,5
N01170,2026-10-01 06:52:00,MarketDesk Wire,XOM,Exxon Mobil walks away from $7bn takeover talks in what analysts call a major shock,Exxon Mobil walks away from $7bn takeover talks in what analysts call a major shock. Analysts flagged downside risks and trimmed their estimates.,-0.612,Merger/Acquisition,6
N01171,2026-10-01 07:03:00,Capital Ledger,,"Central bank holds rates and signals easing ahead, sparking a strong rally","Central bank holds rates and signals easing ahead, sparking a strong rally. Investors responded positively, with analysts raising price targets.",0.755,Macroeconomic,7
N01172,2026-10-01 09:17:00,Capital Ledger,META,Meta Platforms refinances debt at lower rates and extends maturities,Meta Platforms refinances debt at lower rates and extends maturities. Traders cited improving fundamentals and strong momentum.,0.556,Credit Event,5
N01173,2026-10-01 09:40:00,MarketDesk Wire,AAPL,Apple wins regulatory approval for its software suite,Apple wins regulatory approval for its software suite. Traders cited improving fundamentals and strong momentum.,0.538,Regulatory/Legal,4
N01174,2026-10-01 09:59:00,FinTimes Daily,GOOGL,Alphabet cuts full-year outlook citing weak demand in what analysts call a major shock,Alphabet cuts full-year outlook citing weak demand in what analysts call a major shock. Analysts flagged downside risks and trimmed their estimates.,-0.899,Earnings,9
N01175,2026-10-01 10:11:00,MarketDesk Wire,NVDA,"NVIDIA completes acquisition ahead of schedule, synergies seen","NVIDIA completes acquisition ahead of schedule, synergies seen. Traders cited improving fundamentals and strong momentum.",0.685,Merger/Acquisition,5
N01176,2026-10-01 10:45:00,Capital Ledger,AMZN,Amazon announces date for its next delivery service event,Amazon announces date for its next delivery service event. The development was largely expected by market participants.,0.069,Product Launch,2
N01177,2026-10-01 12:08:00,Global Markets Brief,BAC,Bank of America recalls digital banking app over safety defect,"Bank of America recalls digital banking app over safety defect. Investors reacted cautiously, citing uncertainty over near-term outlook.",-0.7,Product Launch,7
N01178,2026-10-01 12:21:00,Capital Ledger,AMZN,"Amazon delays beverage line launch after quality issues, triggering a sharp selloff","Amazon delays beverage line launch after quality issues, triggering a sharp selloff. Investors reacted cautiously, citing uncertainty over near-term outlook.",-0.651,Product Launch,5
N01179,2026-10-01 13:25:00,Capital Ledger,MSFT,"Microsoft overpays for acquisition, analysts warn of dilution, triggering a sharp selloff","Microsoft overpays for acquisition, analysts warn of dilution, triggering a sharp selloff. Investors reacted cautiously, citing uncertainty over near-term outlook.",-0.667,Merger/Acquisition,6
N01180,2026-10-01 13:27:00,Capital Ledger,JPM,JPMorgan Chase delays trading platform launch after quality issues,"JPMorgan Chase delays trading platform launch after quality issues. Investors reacted cautiously, citing uncertainty over near-term outlook.",-0.485,Product Launch,3
N01181,2026-10-01 14:01:00,Global Markets Brief,WMT,"Walmart posts record profit, with earnings per share ahead of consensus, sparking a strong rally","Walmart posts record profit, with earnings per share ahead of consensus, sparking a strong rally. Investors responded positively, with analysts raising price targets.",0.862,Earnings,9
N01182,2026-10-01 14:16:00,FinTimes Daily,GOOGL,"Alphabet warns of covenant breach as cash flow tightens, triggering a sharp selloff","Alphabet warns of covenant breach as cash flow tightens, triggering a sharp selloff. Analysts flagged downside risks and trimmed their estimates.",-0.905,Credit Event,10
N01183,2026-10-01 14:42:00,MarketDesk Wire,BAC,Bank of America delays digital banking app launch after quality issues,"Bank of America delays digital banking app launch after quality issues. Investors reacted cautiously, citing uncertainty over near-term outlook.",-0.483,Product Launch,4
N01184,2026-10-01 15:25:00,FinTimes Daily,JNJ,Johnson & Johnson raises full-year guidance after a strong quarter in a landmark result,"Johnson & Johnson raises full-year guidance after a strong quarter in a landmark result. Investors responded positively, with analysts raising price targets.",0.825,Earnings,8
N01185,2026-10-01 15:28:00,Capital Ledger,META,Meta Platforms to report quarterly results next week,Meta Platforms to report quarterly results next week. The development was largely expected by market participants.,-0.059,Earnings,2
N01186,2026-10-01 16:52:00,Global Markets Brief,,"Trade agreement signed with partners in Eastern Europe cheers markets, sparking a strong rally","Trade agreement signed with partners in Eastern Europe cheers markets, sparking a strong rally. Investors responded positively, with analysts raising price targets.",0.673,Geopolitical,6
N01187,2026-10-01 17:38:00,Global Markets Brief,GS,Goldman Sachs confirms it is in talks over a possible acquisition,Goldman Sachs confirms it is in talks over a possible acquisition. Analysts said it was too early to assess any lasting impact.,-0.037,Merger/Acquisition,2
N01188,2026-10-01 17:46:00,MarketDesk Wire,JPM,JPMorgan Chase cuts full-year outlook citing weak demand,"JPMorgan Chase cuts full-year outlook citing weak demand. Investors reacted cautiously, citing uncertainty over near-term outlook.",-0.687,Earnings,6
N01189,2026-10-01 18:05:00,MarketDesk Wire,GOOGL,"Alphabet misses earnings expectations as margins shrink, triggering a sharp selloff","Alphabet misses earnings expectations as margins shrink, triggering a sharp selloff. Investors reacted cautiously, citing uncertainty over near-term outlook.",-0.727,Earnings,7
N01190,2026-10-01 18:05:00,FinTimes Daily,GS,Goldman Sachs warns of covenant breach as cash flow tightens in what analysts call a major shock,Goldman Sachs warns of covenant breach as cash flow tightens in what analysts call a major shock. Analysts flagged downside risks and trimmed their estimates.,-0.887,Credit Event,10
N01191,2026-10-01 18:59:00,MarketDesk Wire,AAPL,"Apple posts record profit, with earnings per share ahead of consensus, sparking a strong rally","Apple posts record profit, with earnings per share ahead of consensus, sparking a strong rally. Investors responded positively, with analysts raising price targets.",0.737,Earnings,7
N01192,2026-10-01 19:20:00,Global Markets Brief,WMT,"Walmart beats quarterly earnings estimates as revenue climbs 6.8%, sparking a strong rally","Walmart beats quarterly earnings estimates as revenue climbs 6.8%, sparking a strong rally. Traders cited improving fundamentals and strong momentum.",0.749,Earnings,7
N01193,2026-10-01 19:35:00,MarketDesk Wire,NVDA,"NVIDIA completes acquisition ahead of schedule, synergies seen in a landmark result","NVIDIA completes acquisition ahead of schedule, synergies seen in a landmark result. Investors responded positively, with analysts raising price targets.",0.658,Merger/Acquisition,7
N01194,2026-10-01 20:12:00,Global Markets Brief,,"Inflation cools to 12.6%, raising hopes of rate cuts, sparking a strong rally","Inflation cools to 12.6%, raising hopes of rate cuts, sparking a strong rally. Traders cited improving fundamentals and strong momentum.",0.666,Macroeconomic,6
N01195,2026-10-01 20:31:00,Capital Ledger,,"Central bank holds rates and signals easing ahead, lifting shares","Central bank holds rates and signals easing ahead, lifting shares. Traders cited improving fundamentals and strong momentum.",0.713,Macroeconomic,5
N01196,2026-10-02 06:19:00,Global Markets Brief,AMZN,Amazon wins regulatory approval for its beverage line in a landmark result,"Amazon wins regulatory approval for its beverage line in a landmark result. Investors responded positively, with analysts raising price targets.",0.666,Regulatory/Legal,6
N01197,2026-10-02 07:33:00,Capital Ledger,AAPL,Apple to report quarterly results next week,Apple to report quarterly results next week. Analysts said it was too early to assess any lasting impact.,0.001,Earnings,3
N01198,2026-10-02 09:08:00,FinTimes Daily,GOOGL,"Alphabet completes acquisition ahead of schedule, synergies seen in a landmark result","Alphabet completes acquisition ahead of schedule, synergies seen in a landmark result. Traders cited improving fundamentals and strong momentum.",0.721,Merger/Acquisition,8
N01199,2026-10-02 09:15:00,FinTimes Daily,,"Central bank holds rates and signals easing ahead, sparking a strong rally","Central bank holds rates and signals easing ahead, sparking a strong rally. Traders cited improving fundamentals and strong momentum.",0.776,Macroeconomic,8
N01200,2026-10-02 11:58:00,Capital Ledger,XOM,Exxon Mobil beats quarterly earnings estimates as revenue climbs 11.6%,"Exxon Mobil beats quarterly earnings estimates as revenue climbs 11.6%. Investors responded positively, with analysts raising price targets.",0.496,Earnings,4
N01201,2026-10-02 13:18:00,Capital Ledger,JNJ,Johnson & Johnson refinances debt at lower rates and extends maturities in a landmark result,Johnson & Johnson refinances debt at lower rates and extends maturities in a landmark result. Traders cited improving fundamentals and strong momentum.,0.671,Credit Event,6
N01202,2026-10-02 13:21:00,MarketDesk Wire,META,"Meta Platforms cuts full-year outlook citing weak demand, sending shares lower","Meta Platforms cuts full-year outlook citing weak demand, sending shares lower. Investors reacted cautiously, citing uncertainty over near-term outlook.",-0.684,Earnings,7
N01203,2026-10-02 13:47:00,Capital Ledger,GOOGL,"Alphabet overpays for acquisition, analysts warn of dilution","Alphabet overpays for acquisition, analysts warn of dilution. Analysts flagged downside risks and trimmed their estimates.",-0.639,Merger/Acquisition,6
N01204,2026-10-02 16:59:00,Capital Ledger,,"Strong jobs report boosts growth outlook, sparking a strong rally","Strong jobs report boosts growth outlook, sparking a strong rally. Investors responded positively, with analysts raising price targets.",0.586,Macroeconomic,5
N01205,2026-10-02 17:40:00,Capital Ledger,BAC,Bank of America to acquire a rival in a $26bn deal expected to boost margins,"Bank of America to acquire a rival in a $26bn deal expected to boost margins. Investors responded positively, with analysts raising price targets.",0.459,Merger/Acquisition,4
N01206,2026-10-02 18:00:00,MarketDesk Wire,,Trade agreement signed with partners in North Africa cheers markets,"Trade agreement signed with partners in North Africa cheers markets. Investors responded positively, with analysts raising price targets.",0.55,Geopolitical,4
N01207,2026-10-02 18:08:00,FinTimes Daily,AAPL,"Apple raises full-year guidance after a strong quarter, sparking a strong rally","Apple raises full-year guidance after a strong quarter, sparking a strong rally. Traders cited improving fundamentals and strong momentum.",0.785,Earnings,8
N01208,2026-10-02 18:50:00,Global Markets Brief,AAPL,Apple earnings come in line with analyst expectations,Apple earnings come in line with analyst expectations. The development was largely expected by market participants.,-0.055,Earnings,2
N01209,2026-10-02 19:50:00,Global Markets Brief,NVDA,"NVIDIA launches developer toolkit to strong reviews, lifting shares","NVIDIA launches developer toolkit to strong reviews, lifting shares. Investors responded positively, with analysts raising price targets.",0.553,Product Launch,3
N01210,2026-10-02 19:56:00,MarketDesk Wire,CVX,"Chevron beats quarterly earnings estimates as revenue climbs 5.6%, lifting shares","Chevron beats quarterly earnings estimates as revenue climbs 5.6%, lifting shares. Investors responded positively, with analysts raising price targets.",0.731,Earnings,7
N01211,2026-10-02 20:42:00,Global Markets Brief,AAPL,"Apple to acquire a rival in a $10bn deal expected to boost margins, sparking a strong rally","Apple to acquire a rival in a $10bn deal expected to boost margins, sparking a strong rally. Traders cited improving fundamentals and strong momentum.",0.762,Merger/Acquisition,8
