id,timestamp,platform,user,ticker,text,gt_sentiment,gt_event,gt_impact
T00000,2026-07-06 06:04:00,X-sim,user_6299,CVX,"$CVX crushing it, bullish",0.498,Other,4
T00001,2026-07-06 07:25:00,X-sim,user_1794,META,"$META crushing it, bullish",0.55,Other,4
T00002,2026-07-06 08:40:00,X-sim,user_9805,AAPL,$AAPL looking strong today 🚀 👀,0.307,Other,2
T00003,2026-07-06 09:02:00,X-sim,user_2260,JPM,anyone have thoughts on $JPM? #stocks,-0.004,Other,3
T00004,2026-07-06 09:14:00,X-sim,user_9759,,"jobs data strong, soft landing vibes ✅ #macro #stocks",0.806,Macroeconomic,8
T00005,2026-07-06 09:45:00,X-sim,user_6584,,recession signals flashing red 🚨 #macro 📊,-0.566,Macroeconomic,4
T00006,2026-07-06 09:49:00,X-sim,user_8314,,ceasefire!! risk on 🟢 #markets,0.542,Geopolitical,5
T00007,2026-07-06 10:19:00,X-sim,user_9889,META,$META volume is low today #markets,0.017,Other,3
T00008,2026-07-06 10:36:00,X-sim,user_5178,GOOGL,"$GOOGL debt worries growing, bonds selling off #investing",-0.637,Credit Event,6
T00009,2026-07-06 10:38:00,X-sim,user_7650,XOM,"$XOM downgraded, spreads widening ⚠️ #credit",-0.497,Credit Event,3
T00010,2026-07-06 10:48:00,X-sim,user_4149,AAPL,anyone have thoughts on $AAPL? #stocks,0.017,Other,3
T00011,2026-07-06 11:36:00,X-sim,user_4218,JPM,"$JPM flat, nothing happening",0.036,Other,2
T00012,2026-07-06 11:55:00,X-sim,user_4354,JPM,"$JPM crushing it, bullish",0.552,Other,3
T00013,2026-07-06 12:12:00,X-sim,user_6317,WMT,$WMT wins approval 🎉 big relief #trading,0.619,Regulatory/Legal,6
T00014,2026-07-06 12:25:00,X-sim,user_4109,,"cpi cooled, rate cuts soon? 📈 #Fed 🔥",0.755,Macroeconomic,6
T00015,2026-07-06 13:33:00,X-sim,user_3347,AAPL,RT @user_1170: $AAPL LOOKING STRONG TODAY 🚀 #INVESTING,0.327,Other,2
T00016,2026-07-06 15:10:00,X-sim,user_2114,AMZN,"$AMZN downgraded, spreads widening ⚠️ #credit",-0.686,Credit Event,5
T00017,2026-07-06 15:27:00,X-sim,user_7990,PFE,"$PFE debt worries growing, bonds selling off",-0.605,Credit Event,5
T00018,2026-07-06 15:38:00,X-sim,user_1933,NVDA,"$NVDA fined again, regulators not messing around",-0.678,Regulatory/Legal,7
T00019,2026-07-06 15:52:00,X-sim,user_9982,GS,$GS wins approval 🎉 big relief 💬,0.604,Regulatory/Legal,6
T00020,2026-07-06 16:03:00,X-sim,user_8164,WMT,"$WMT smashing guidance, loading up 📈",0.588,Earnings,6
T00021,2026-07-06 16:10:00,X-sim,user_1974,JNJ,$JNJ MISSED EARNINGS AND CUT GUIDE... BRUTAL 📉,-0.604,Earnings,5
T00022,2026-07-06 16:11:00,X-sim,user_5692,MSFT,$MSFT getting hammered rn 📉 #stocks 🔥,-0.5,Other,4
T00023,2026-07-06 16:25:00,X-sim,user_1035,GOOGL,$GOOGL OVERPAYING FOR THIS ACQUISITION IMO,-0.549,Merger/Acquisition,5
T00024,2026-07-06 16:32:00,X-sim,user_3756,JNJ,ANYONE HAVE THOUGHTS ON $JNJ? 💬,-0.098,Other,1
T00025,2026-07-06 16:44:00,X-sim,user_1534,BAC,"$BAC debt worries growing, bonds selling off",-0.442,Credit Event,4
T00026,2026-07-06 16:59:00,X-sim,user_1243,JNJ,"$JNJ product recall, yikes 😬",-0.653,Product Launch,7
T00027,2026-07-06 17:50:00,X-sim,user_9603,PFE,"$PFE under investigation, this could get ugly #stocks",-0.517,Regulatory/Legal,4
T00028,2026-07-06 18:43:00,X-sim,user_4324,,sanctions + tariffs = chaos for stocks 📉 #geopolitics 🔥,-0.472,Geopolitical,4
T00029,2026-07-06 18:57:00,X-sim,user_9922,AMZN,"$AMZN flat, nothing happening #investing",-0.024,Other,1
T00030,2026-07-06 19:15:00,X-sim,user_3238,CVX,$CVX looks bad 😬 bearish #trading 🤔,-0.422,Other,3
T00031,2026-07-06 19:16:00,X-sim,user_6866,JNJ,RT @user_7765: $JNJ wins approval 🎉 big relief,0.677,Regulatory/Legal,7
T00032,2026-07-06 19:35:00,X-sim,user_3750,BAC,$BAC new launch looks 🔥 early demand is huge,0.433,Product Launch,3
T00033,2026-07-06 19:43:00,X-sim,user_8271,META,"$META flat, nothing happening",-0.073,Other,1
T00034,2026-07-06 19:52:00,X-sim,user_3164,AAPL,$AAPL volume is low today #stocks,0.014,Other,3
T00035,2026-07-06 20:00:00,X-sim,user_5523,META,$META overpaying for this acquisition imo,-0.558,Merger/Acquisition,5
T00036,2026-07-06 20:07:00,X-sim,user_6260,,"inflation print hot, fed won't cut 😬 #Fed 🤔",-0.527,Macroeconomic,5
T00037,2026-07-06 20:21:00,X-sim,user_9264,CVX,"$CVX flat, nothing happening",-0.006,Other,2
T00038,2026-07-06 20:48:00,X-sim,user_4834,JPM,$JPM getting hammered rn 📉 🔥,-0.389,Other,2
T00039,2026-07-06 20:57:00,X-sim,user_6539,JPM,"$JPM margins shrinking, earnings were weak",-0.574,Earnings,5
T00040,2026-07-07 06:47:00,X-sim,user_4708,PFE,anyone have thoughts on $PFE? #stocks,0.033,Other,1
T00041,2026-07-07 07:02:00,X-sim,user_5445,GOOGL,"bought more $GOOGL on the dip, feeling good 📈",0.413,Other,3
T00042,2026-07-07 07:40:00,X-sim,user_9784,PFE,RT @user_9136: $PFE LOOKING STRONG TODAY 🚀 #INVESTING,0.406,Other,2
T00043,2026-07-07 08:29:00,X-sim,user_7467,AMZN,$AMZN looks bad 😬 bearish,-0.322,Other,2
T00044,2026-07-07 08:53:00,X-sim,user_3891,BAC,$BAC volume is low today 🔥,-0.105,Other,1
T00045,2026-07-07 08:54:00,X-sim,user_4513,AMZN,WATCHING $AMZN TODAY 🔥,0.088,Other,1
T00046,2026-07-07 09:12:00,X-sim,user_4829,GS,"bought more $GS on the dip, feeling good 📈",0.572,Other,3
T00047,2026-07-07 09:32:00,X-sim,user_8696,CVX,$CVX WINS APPROVAL 🎉 BIG RELIEF #INVESTING,0.378,Regulatory/Legal,3
T00048,2026-07-07 09:42:00,X-sim,user_1027,CVX,$CVX breakout incoming?? 🔥,0.62,Other,4
T00049,2026-07-07 09:43:00,X-sim,user_9708,XOM,"$XOM fined again, regulators not messing around #investing",-0.82,Regulatory/Legal,7
T00050,2026-07-07 10:14:00,X-sim,user_7883,NVDA,"$NVDA flat, nothing happening",-0.009,Other,3
T00051,2026-07-07 10:30:00,X-sim,user_4151,GOOGL,$GOOGL looking strong today 🚀 #investing,0.575,Other,4
T00052,2026-07-07 10:42:00,X-sim,user_8001,GOOGL,$GOOGL acquisition could be a game changer 👀🔥 #investing,0.467,Merger/Acquisition,3
T00053,2026-07-07 10:48:00,X-sim,user_4794,GS,$GS looks bad 😬 bearish #trading 🔥,-0.403,Other,3
T00054,2026-07-07 11:15:00,X-sim,user_8933,KO,RT @user_4699: ugh $KO again... down bad,-0.436,Other,2
T00055,2026-07-07 11:42:00,X-sim,user_4126,PFE,"RT @user_8468: $PFE delaying the launch again, not good 📊",-0.623,Product Launch,5
T00056,2026-07-07 11:43:00,X-sim,user_8290,WMT,"$WMT delaying the launch again, not good",-0.755,Product Launch,7
T00057,2026-07-07 12:09:00,X-sim,user_2997,BAC,"$BAC flat, nothing happening 👀",-0.002,Other,2
T00058,2026-07-07 12:14:00,X-sim,user_3984,JNJ,"$JNJ flat, nothing happening",0.037,Other,3
T00059,2026-07-07 12:52:00,X-sim,user_9485,BAC,"$BAC downgraded, spreads widening ⚠️ #credit",-0.623,Credit Event,5
T00060,2026-07-07 14:59:00,X-sim,user_3558,CVX,anyone have thoughts on $CVX?,-0.041,Other,3
T00061,2026-07-07 15:21:00,X-sim,user_3289,PFE,$PFE acquisition could be a game changer 👀🔥 #stocks,0.628,Merger/Acquisition,5
T00062,2026-07-07 15:42:00,X-sim,user_9689,MSFT,anyone have thoughts on $MSFT? 👀,-0.065,Other,2
T00063,2026-07-07 15:57:00,X-sim,user_5545,META,watching $META today 🔥,0.038,Other,3
T00064,2026-07-07 16:01:00,X-sim,user_8193,WMT,"$WMT flat, nothing happening",-0.084,Other,2
T00065,2026-07-07 16:19:00,X-sim,user_6529,JPM,"$JPM DEBT WORRIES GROWING, BONDS SELLING OFF 👀",-0.595,Credit Event,5
T00066,2026-07-07 17:08:00,X-sim,user_8455,JPM,$JPM breakout incoming?? 🔥 #investing 🔥,0.339,Other,2
T00067,2026-07-07 17:42:00,X-sim,user_7676,GS,$GS looking strong today 🚀 #stocks 🤔,0.337,Other,2
T00068,2026-07-07 17:52:00,X-sim,user_8951,,"INFLATION PRINT HOT, FED WON'T CUT 😬 #FED",-0.723,Macroeconomic,7
T00069,2026-07-07 17:56:00,X-sim,user_5818,PFE,$PFE getting hammered rn 📉 🔥,-0.307,Other,2
T00070,2026-07-07 17:56:00,X-sim,user_2022,WMT,RT @user_7256: $WMT missed earnings and cut guide... brutal 📉,-0.703,Earnings,7
T00071,2026-07-07 19:21:00,X-sim,user_7786,XOM,$XOM overpaying for this acquisition imo #stocks 🤔,-0.698,Merger/Acquisition,6
T00072,2026-07-07 19:44:00,X-sim,user_8318,AMZN,"$AMZN DELAYING THE LAUNCH AGAIN, NOT GOOD 🤔",-0.755,Product Launch,7
T00073,2026-07-07 20:15:00,X-sim,user_2625,KO,anyone have thoughts on $KO?,-0.061,Other,2
T00074,2026-07-07 20:31:00,X-sim,user_1301,XOM,anyone have thoughts on $XOM? #stocks 👀,0.047,Other,3
T00075,2026-07-07 20:35:00,X-sim,user_3753,PFE,$PFE new launch looks 🔥 early demand is huge 💬,0.559,Product Launch,5
T00076,2026-07-07 20:44:00,X-sim,user_6886,JPM,"bought more $JPM on the dip, feeling good 📈",0.543,Other,4
T00077,2026-07-07 20:48:00,X-sim,user_3726,AAPL,"$AAPL DEBT WORRIES GROWING, BONDS SELLING OFF",-0.593,Credit Event,4
T00078,2026-07-08 08:07:00,X-sim,user_7838,CVX,$CVX volume is low today,-0.089,Other,1
T00079,2026-07-08 08:49:00,X-sim,user_9655,WMT,"$WMT product recall, yikes 😬 #markets 💬",-0.781,Product Launch,7
T00080,2026-07-08 09:16:00,X-sim,user_2553,AAPL,"sold my $AAPL, not liking this",-0.442,Other,4
T00081,2026-07-08 09:31:00,X-sim,user_2050,MSFT,"$MSFT product recall, yikes 😬",-0.674,Product Launch,6
T00082,2026-07-08 09:47:00,X-sim,user_7682,PFE,"$PFE smashing guidance, loading up 📈",0.654,Earnings,6
T00083,2026-07-08 09:55:00,X-sim,user_7848,JPM,$JPM WINS APPROVAL 🎉 BIG RELIEF,0.67,Regulatory/Legal,6
T00084,2026-07-08 10:03:00,X-sim,user_9034,JPM,"$JPM fined again, regulators not messing around",-0.664,Regulatory/Legal,6
T00085,2026-07-08 11:07:00,X-sim,user_6860,GS,$GS earnings beat!! EPS way above estimates 🚀,0.591,Earnings,6
T00086,2026-07-08 12:05:00,X-sim,user_4027,KO,ugh $KO again... down bad,-0.388,Other,2
T00087,2026-07-08 14:28:00,X-sim,user_9306,WMT,watching $WMT today,-0.083,Other,2
T00088,2026-07-08 14:57:00,X-sim,user_4392,GOOGL,"sold my $GOOGL, not liking this 📊",-0.388,Other,3
T00089,2026-07-08 15:02:00,X-sim,user_9959,BAC,$BAC volume is low today,-0.018,Other,1
T00090,2026-07-08 15:07:00,X-sim,user_8351,BAC,"$BAC flat, nothing happening #investing 📊",-0.1,Other,2
T00091,2026-07-08 15:10:00,X-sim,user_1318,MSFT,RT @user_4364: $MSFT VOLUME IS LOW TODAY 📊,-0.051,Other,3
T00092,2026-07-08 15:28:00,X-sim,user_8435,JNJ,$JNJ volume is low today #trading,-0.017,Other,2
T00093,2026-07-08 15:57:00,X-sim,user_5059,PFE,watching $PFE today #stocks,-0.072,Other,2
T00094,2026-07-08 16:07:00,X-sim,user_3878,JPM,$JPM breakout incoming?? 🔥 #investing 👀,0.393,Other,3
T00095,2026-07-08 16:52:00,X-sim,user_6036,META,$META looking strong today 🚀 #markets,0.5,Other,3
T00096,2026-07-08 16:54:00,X-sim,user_4783,JNJ,"$JNJ flat, nothing happening",-0.001,Other,3
T00097,2026-07-08 17:35:00,X-sim,user_5325,NVDA,$NVDA looking strong today 🚀,0.336,Other,2
T00098,2026-07-08 17:42:00,X-sim,user_7347,META,RT @user_2269: ugh $META again... down bad #investing 💬,-0.464,Other,2
T00099,2026-07-08 18:28:00,X-sim,user_7586,AMZN,"RT @user_7538: $AMZN flat, nothing happening",0.0,Other,1
T00100,2026-07-08 18:38:00,X-sim,user_2649,META,"$META FLAT, NOTHING HAPPENING",-0.077,Other,3
T00101,2026-07-08 18:39:00,X-sim,user_8017,GOOGL,$GOOGL breakout incoming?? 🔥,0.473,Other,3
T00102,2026-07-08 18:47:00,X-sim,user_5308,,"war escalating, markets gonna bleed 😰 #markets",-0.675,Geopolitical,5
T00103,2026-07-08 19:54:00,X-sim,user_7684,NVDA,$NVDA new launch looks 🔥 early demand is huge,0.562,Product Launch,4
T00104,2026-07-08 19:57:00,X-sim,user_1969,META,anyone have thoughts on $META?,0.039,Other,3
T00105,2026-07-08 20:01:00,X-sim,user_4264,NVDA,ugh $NVDA again... down bad,-0.342,Other,2
T00106,2026-07-08 20:02:00,X-sim,user_1682,META,watching $META today,-0.063,Other,1
T00107,2026-07-08 20:16:00,X-sim,user_9263,CVX,$CVX looks bad 😬 bearish,-0.554,Other,4
T00108,2026-07-08 20:43:00,X-sim,user_4235,,recession signals flashing red 🚨 #macro,-0.73,Macroeconomic,7
T00109,2026-07-09 06:15:00,X-sim,user_2187,,RECESSION SIGNALS FLASHING RED 🚨 #MACRO,-0.497,Macroeconomic,4
T00110,2026-07-09 06:36:00,X-sim,user_1147,GS,"$GS under investigation, this could get ugly #stocks",-0.541,Regulatory/Legal,4
T00111,2026-07-09 06:37:00,X-sim,user_2191,GOOGL,$GOOGL earnings beat!! EPS way above estimates 🚀,0.543,Earnings,4
T00112,2026-07-09 06:46:00,X-sim,user_7888,PFE,"bought more $PFE on the dip, feeling good 📈",0.45,Other,3
T00113,2026-07-09 06:53:00,X-sim,user_9705,AMZN,$AMZN volume is low today #investing,0.026,Other,2
T00114,2026-07-09 07:08:00,X-sim,user_7687,WMT,$WMT breakout incoming?? 🔥 🤔,0.509,Other,3
T00115,2026-07-09 07:31:00,X-sim,user_6068,XOM,$XOM acquisition could be a game changer 👀🔥 #markets 📊,0.384,Merger/Acquisition,3
T00116,2026-07-09 07:55:00,X-sim,user_6242,KO,anyone have thoughts on $KO? #stocks,-0.016,Other,3
T00117,2026-07-09 08:47:00,X-sim,user_8563,MSFT,$MSFT looking strong today 🚀,0.535,Other,4
T00118,2026-07-09 08:56:00,X-sim,user_8698,PFE,"$PFE smashing guidance, loading up 📈 #markets",0.476,Earnings,3
T00119,2026-07-09 08:57:00,X-sim,user_1561,,"war escalating, markets gonna bleed 😰 #markets #markets",-0.57,Geopolitical,5
T00120,2026-07-09 09:09:00,X-sim,user_6978,JNJ,WATCHING $JNJ TODAY,-0.057,Other,1
T00121,2026-07-09 09:20:00,X-sim,user_9798,JNJ,$JNJ volume is low today,-0.057,Other,2
T00122,2026-07-09 09:37:00,X-sim,user_1129,MSFT,UGH $MSFT AGAIN... DOWN BAD,-0.458,Other,4
T00123,2026-07-09 10:21:00,X-sim,user_7043,XOM,$XOM volume is low today #stocks,-0.037,Other,1
T00124,2026-07-09 11:01:00,X-sim,user_4086,NVDA,"$NVDA crushing it, bullish #trading",0.456,Other,3
T00125,2026-07-09 11:16:00,X-sim,user_2418,WMT,$WMT looking strong today 🚀,0.531,Other,4
T00126,2026-07-09 11:21:00,X-sim,user_6496,META,$META getting hammered rn 📉 #trading,-0.473,Other,3
T00127,2026-07-09 11:24:00,X-sim,user_1383,GS,$GS new launch looks 🔥 early demand is huge 👀,0.45,Product Launch,3
T00128,2026-07-09 11:50:00,X-sim,user_5279,MSFT,$MSFT overpaying for this acquisition imo,-0.46,Merger/Acquisition,3
T00129,2026-07-09 12:03:00,X-sim,user_3408,CVX,"$CVX flat, nothing happening #trading 🔥",-0.059,Other,3
T00130,2026-07-09 12:21:00,X-sim,user_1359,MSFT,"$MSFT FINED AGAIN, REGULATORS NOT MESSING AROUND",-0.424,Regulatory/Legal,4
T00131,2026-07-09 12:34:00,X-sim,user_2336,JPM,$JPM breakout incoming?? 🔥,0.589,Other,4
T00132,2026-07-09 12:35:00,X-sim,user_5911,WMT,"bought more $WMT on the dip, feeling good 📈 #trading",0.652,Other,4
T00133,2026-07-09 12:44:00,X-sim,user_4950,BAC,"sold my $BAC, not liking this #markets 👀",-0.566,Other,4
T00134,2026-07-09 12:53:00,X-sim,user_4413,AAPL,$AAPL volume is low today,0.073,Other,2
T00135,2026-07-09 12:54:00,X-sim,user_8660,JPM,RT @user_7886: $JPM breakout incoming?? 🔥,0.668,Other,4
T00136,2026-07-09 13:39:00,X-sim,user_6493,GS,RT @user_3729: $GS volume is low today,-0.049,Other,3
T00137,2026-07-09 13:42:00,X-sim,user_5754,AMZN,UGH $AMZN AGAIN... DOWN BAD,-0.401,Other,2
T00138,2026-07-09 13:53:00,X-sim,user_2287,AAPL,"$AAPL margins shrinking, earnings were weak #investing",-0.854,Earnings,7
T00139,2026-07-09 14:33:00,X-sim,user_1330,BAC,$BAC missed earnings and cut guide... brutal 📉,-0.736,Earnings,6
T00140,2026-07-09 14:57:00,X-sim,user_7311,CVX,UGH $CVX AGAIN... DOWN BAD #INVESTING 👀,-0.512,Other,4
T00141,2026-07-09 15:25:00,X-sim,user_1985,AAPL,"$AAPL crushing it, bullish #stocks",0.626,Other,4
T00142,2026-07-09 15:26:00,X-sim,user_3472,GS,"$GS margins shrinking, earnings were weak 📊",-0.666,Earnings,6
T00143,2026-07-09 15:31:00,X-sim,user_7876,JPM,$JPM VOLUME IS LOW TODAY,0.022,Other,2
T00144,2026-07-09 15:38:00,X-sim,user_7002,GS,"bought more $GS on the dip, feeling good 📈",0.307,Other,2
T00145,2026-07-09 15:56:00,X-sim,user_9525,KO,"sold my $KO, not liking this",-0.444,Other,3
T00146,2026-07-09 16:12:00,X-sim,user_5162,NVDA,"$NVDA CRUSHING IT, BULLISH",0.372,Other,2
T00147,2026-07-09 16:18:00,X-sim,user_5030,JNJ,"$JNJ crushing it, bullish",0.516,Other,4
T00148,2026-07-09 16:31:00,X-sim,user_5012,AAPL,$AAPL new launch looks 🔥 early demand is huge,0.399,Product Launch,4
T00149,2026-07-09 16:47:00,X-sim,user_1363,META,RT @user_7717: $META volume is low today #investing,0.075,Other,1
T00150,2026-07-09 17:45:00,X-sim,user_5952,AAPL,$AAPL wins approval 🎉 big relief,0.495,Regulatory/Legal,4
T00151,2026-07-09 17:48:00,X-sim,user_3042,GS,"$GS CRUSHING IT, BULLISH 🤔",0.294,Other,2
T00152,2026-07-09 18:57:00,X-sim,user_1553,AAPL,RT @user_7484: watching $AAPL today,-0.048,Other,1
T00153,2026-07-09 18:58:00,X-sim,user_5577,JNJ,"bought more $JNJ on the dip, feeling good 📈 🤔",0.561,Other,4
T00154,2026-07-09 19:26:00,X-sim,user_3743,GS,$GS wins approval 🎉 big relief,0.61,Regulatory/Legal,5
T00155,2026-07-09 19:34:00,X-sim,user_1488,MSFT,"$MSFT margins shrinking, earnings were weak",-0.771,Earnings,7
T00156,2026-07-09 19:39:00,X-sim,user_9267,WMT,$WMT wins approval 🎉 big relief,0.521,Regulatory/Legal,3
T00157,2026-07-09 20:16:00,X-sim,user_9029,JNJ,$JNJ BREAKOUT INCOMING?? 🔥 #STOCKS 🤔,0.438,Other,3
T00158,2026-07-09 20:47:00,X-sim,user_7767,PFE,"$PFE FLAT, NOTHING HAPPENING",0.054,Other,1
T00159,2026-07-10 06:03:00,X-sim,user_5589,AAPL,anyone have thoughts on $AAPL? #markets,0.023,Other,3
T00160,2026-07-10 06:06:00,X-sim,user_5767,META,"$META under investigation, this could get ugly #markets",-0.814,Regulatory/Legal,7
T00161,2026-07-10 06:13:00,X-sim,user_3540,JPM,"SOLD MY $JPM, NOT LIKING THIS",-0.473,Other,2
T00162,2026-07-10 06:14:00,X-sim,user_2835,,recession signals flashing red 🚨 #macro #markets,-0.847,Macroeconomic,7
T00163,2026-07-10 06:33:00,X-sim,user_3437,JNJ,"bought more $JNJ on the dip, feeling good 📈",0.414,Other,4
T00164,2026-07-10 06:37:00,X-sim,user_9777,PFE,$PFE BREAKOUT INCOMING?? 🔥,0.389,Other,4
T00165,2026-07-10 06:38:00,X-sim,user_2330,META,anyone have thoughts on $META? #investing,0.141,Other,3
T00166,2026-07-10 06:41:00,X-sim,user_9674,GOOGL,$GOOGL volume is low today,-0.101,Other,1
T00167,2026-07-10 06:51:00,X-sim,user_4934,GOOGL,"RT @user_5793: $GOOGL crushing it, bullish",0.444,Other,3
T00168,2026-07-10 07:35:00,X-sim,user_6658,META,$META looks bad 😬 bearish,-0.427,Other,3
T00169,2026-07-10 07:36:00,X-sim,user_7705,GS,"RT @user_9785: bought more $GS on the dip, feeling good 📈",0.482,Other,4
T00170,2026-07-10 07:52:00,X-sim,user_1976,NVDA,$NVDA volume is low today,-0.042,Other,1
T00171,2026-07-10 08:51:00,X-sim,user_2613,CVX,"$CVX merger facing antitrust heat, deal at risk",-0.747,Merger/Acquisition,6
T00172,2026-07-10 09:06:00,X-sim,user_1568,,"WAR ESCALATING, MARKETS GONNA BLEED 😰 #MARKETS",-0.864,Geopolitical,8
T00173,2026-07-10 09:12:00,X-sim,user_6450,KO,RT @user_6898: $KO missed earnings and cut guide... brutal 📉 #stocks,-0.511,Earnings,4
T00174,2026-07-10 09:30:00,X-sim,user_1179,MSFT,UGH $MSFT AGAIN... DOWN BAD #TRADING,-0.46,Other,4
T00175,2026-07-10 10:23:00,X-sim,user_3322,JPM,$JPM looking strong today 🚀 #investing,0.527,Other,3
T00176,2026-07-10 11:11:00,X-sim,user_4137,KO,"RT @user_8946: sold my $KO, not liking this",-0.446,Other,4
T00177,2026-07-10 11:42:00,X-sim,user_4232,AMZN,"RT @user_7833: $AMZN downgraded, spreads widening ⚠️ #credit",-0.778,Credit Event,7
T00178,2026-07-10 11:53:00,X-sim,user_3882,BAC,RT @user_3093: $BAC looking strong today 🚀 #trading,0.357,Other,3
T00179,2026-07-10 12:37:00,X-sim,user_7571,BAC,$BAC looks bad 😬 bearish,-0.567,Other,4
T00180,2026-07-10 12:45:00,X-sim,user_9843,AAPL,anyone have thoughts on $AAPL? #stocks,0.021,Other,3
T00181,2026-07-10 13:14:00,X-sim,user_9361,WMT,"$WMT CRUSHING IT, BULLISH",0.476,Other,3
T00182,2026-07-10 13:19:00,X-sim,user_9125,JPM,$JPM getting hammered rn 📉,-0.37,Other,3
T00183,2026-07-10 14:08:00,X-sim,user_6061,XOM,ANYONE HAVE THOUGHTS ON $XOM?,0.022,Other,3
T00184,2026-07-10 14:10:00,X-sim,user_5937,AMZN,ANYONE HAVE THOUGHTS ON $AMZN?,0.008,Other,2
T00185,2026-07-10 14:11:00,X-sim,user_8593,BAC,$BAC new launch looks 🔥 early demand is huge 📊,0.825,Product Launch,7
T00186,2026-07-10 14:21:00,X-sim,user_3268,PFE,anyone have thoughts on $PFE?,-0.03,Other,1
T00187,2026-07-10 14:38:00,X-sim,user_7102,JPM,watching $JPM today,0.023,Other,3
T00188,2026-07-10 15:21:00,X-sim,user_2848,PFE,"$PFE crushing it, bullish #markets",0.54,Other,2
T00189,2026-07-10 15:55:00,X-sim,user_9380,GS,"$GS MARGINS SHRINKING, EARNINGS WERE WEAK",-0.523,Earnings,4
T00190,2026-07-10 15:59:00,X-sim,user_9136,BAC,$BAC wins approval 🎉 big relief,0.626,Regulatory/Legal,6
T00191,2026-07-10 17:06:00,X-sim,user_1410,BAC,$BAC acquisition could be a game changer 👀🔥 🤔,0.628,Merger/Acquisition,5
T00192,2026-07-10 17:46:00,X-sim,user_4089,KO,"$KO flat, nothing happening #investing",0.028,Other,2
T00193,2026-07-10 18:10:00,X-sim,user_9294,BAC,watching $BAC today,0.0,Other,1
T00194,2026-07-10 18:48:00,X-sim,user_6825,JNJ,$JNJ breakout incoming?? 🔥,0.571,Other,4
T00195,2026-07-10 19:16:00,X-sim,user_2084,BAC,$BAC LOOKING STRONG TODAY 🚀 👀,0.411,Other,2
T00196,2026-07-10 19:24:00,X-sim,user_1744,WMT,"bought more $WMT on the dip, feeling good 📈",0.398,Other,2
T00197,2026-07-10 19:31:00,X-sim,user_4375,NVDA,"bought more $NVDA on the dip, feeling good 📈",0.442,Other,2
T00198,2026-07-10 19:48:00,X-sim,user_5296,GS,"$GS flat, nothing happening",0.012,Other,3
T00199,2026-07-10 20:28:00,X-sim,user_4345,JPM,$JPM overpaying for this acquisition imo 🔥,-0.598,Merger/Acquisition,5
T00200,2026-07-10 20:42:00,X-sim,user_5286,GOOGL,$GOOGL breakout incoming?? 🔥 #investing,0.479,Other,2
T00201,2026-07-13 06:12:00,X-sim,user_8282,PFE,$PFE wins approval 🎉 big relief,0.614,Regulatory/Legal,5
T00202,2026-07-13 06:20:00,X-sim,user_1175,KO,anyone have thoughts on $KO?,0.085,Other,1
T00203,2026-07-13 06:37:00,X-sim,user_3266,GS,ugh $GS again... down bad,-0.449,Other,3
T00204,2026-07-13 06:46:00,X-sim,user_9045,KO,anyone have thoughts on $KO? #markets 🔥,0.103,Other,2
T00205,2026-07-13 07:08:00,X-sim,user_6086,NVDA,anyone have thoughts on $NVDA? 👀,0.07,Other,2
T00206,2026-07-13 07:28:00,X-sim,user_1010,JNJ,$JNJ missed earnings and cut guide... brutal 📉,-0.839,Earnings,7
T00207,2026-07-13 07:52:00,X-sim,user_7399,XOM,$XOM GETTING HAMMERED RN 📉,-0.431,Other,3
T00208,2026-07-13 08:04:00,X-sim,user_5133,JPM,$JPM getting hammered rn 📉 #investing,-0.273,Other,2
T00209,2026-07-13 08:26:00,X-sim,user_9102,GOOGL,$GOOGL breakout incoming?? 🔥,0.521,Other,3
T00210,2026-07-13 08:30:00,X-sim,user_3633,PFE,"$PFE flat, nothing happening",0.024,Other,2
T00211,2026-07-13 09:02:00,X-sim,user_1282,JPM,"sold my $JPM, not liking this",-0.522,Other,4
T00212,2026-07-13 09:30:00,X-sim,user_1331,GOOGL,"$GOOGL flat, nothing happening #markets 💬",0.018,Other,3
T00213,2026-07-13 09:57:00,X-sim,user_4260,JPM,ugh $JPM again... down bad 🤔,-0.452,Other,4
T00214,2026-07-13 10:24:00,X-sim,user_3663,JPM,anyone have thoughts on $JPM?,-0.024,Other,2
T00215,2026-07-13 10:41:00,X-sim,user_5952,JPM,"$JPM delaying the launch again, not good",-0.78,Product Launch,7
T00216,2026-07-13 11:09:00,X-sim,user_9279,GS,"sold my $GS, not liking this #investing",-0.617,Other,4
T00217,2026-07-13 11:16:00,X-sim,user_5912,,recession signals flashing red 🚨 #macro #investing,-0.871,Macroeconomic,8
T00218,2026-07-13 12:02:00,X-sim,user_5865,BAC,$BAC volume is low today #investing,-0.079,Other,3
T00219,2026-07-13 12:05:00,X-sim,user_2741,NVDA,"$NVDA crushing it, bullish",0.235,Other,2
T00220,2026-07-13 12:12:00,X-sim,user_5869,JPM,$JPM breakout incoming?? 🔥 #stocks 👀,0.523,Other,4
T00221,2026-07-13 12:19:00,X-sim,user_5492,AAPL,$AAPL breakout incoming?? 🔥,0.503,Other,4
T00222,2026-07-13 12:24:00,X-sim,user_1316,NVDA,$NVDA looking strong today 🚀,0.426,Other,3
T00223,2026-07-13 12:25:00,X-sim,user_8504,,"war escalating, markets gonna bleed 😰 #markets",-0.66,Geopolitical,5
T00224,2026-07-13 12:28:00,X-sim,user_2008,MSFT,$MSFT NEW LAUNCH LOOKS 🔥 EARLY DEMAND IS HUGE #TRADING,0.705,Product Launch,7
T00225,2026-07-13 13:20:00,X-sim,user_6980,WMT,"$WMT fined again, regulators not messing around",-0.689,Regulatory/Legal,4
T00226,2026-07-13 13:54:00,X-sim,user_3138,,"inflation print hot, fed won't cut 😬 #Fed #trading",-0.789,Macroeconomic,8
T00227,2026-07-13 14:25:00,X-sim,user_5788,CVX,anyone have thoughts on $CVX? 📊,-0.025,Other,2
T00228,2026-07-13 14:28:00,X-sim,user_9266,,ceasefire!! risk on 🟢 #markets,0.88,Geopolitical,8
T00229,2026-07-13 14:49:00,X-sim,user_6581,BAC,"bought more $BAC on the dip, feeling good 📈 💬",0.494,Other,3
T00230,2026-07-13 14:57:00,X-sim,user_7809,PFE,"$PFE smashing guidance, loading up 📈 #markets",0.717,Earnings,7
T00231,2026-07-13 15:20:00,X-sim,user_2958,MSFT,$MSFT volume is low today #trading 🔥,-0.009,Other,1
T00232,2026-07-13 15:40:00,X-sim,user_1879,GOOGL,"$GOOGL credit upgrade, balance sheet looking healthier ✅",0.711,Credit Event,7
T00233,2026-07-13 15:46:00,X-sim,user_8545,JNJ,"$JNJ crushing it, bullish",0.388,Other,2
T00234,2026-07-13 15:50:00,X-sim,user_6353,,ceasefire!! risk on 🟢 #markets 🤔,0.641,Geopolitical,4
T00235,2026-07-13 16:28:00,X-sim,user_9887,NVDA,$NVDA LOOKING STRONG TODAY 🚀 #TRADING 🔥,0.422,Other,2
T00236,2026-07-13 16:30:00,X-sim,user_7940,XOM,$XOM earnings beat!! EPS way above estimates 🚀,0.564,Earnings,3
T00237,2026-07-13 16:56:00,X-sim,user_5230,NVDA,$NVDA wins approval 🎉 big relief #trading,0.794,Regulatory/Legal,7
T00238,2026-07-13 17:10:00,X-sim,user_5472,JNJ,$JNJ looking strong today 🚀 🤔,0.465,Other,2
T00239,2026-07-13 17:11:00,X-sim,user_4714,PFE,"$PFE flat, nothing happening 🔥",-0.066,Other,3
T00240,2026-07-13 17:38:00,X-sim,user_2297,WMT,$WMT getting hammered rn 📉,-0.395,Other,3
T00241,2026-07-13 17:40:00,X-sim,user_1028,AAPL,watching $AAPL today #markets,0.093,Other,2
T00242,2026-07-13 17:49:00,X-sim,user_6326,AMZN,ANYONE HAVE THOUGHTS ON $AMZN?,0.06,Other,2
T00243,2026-07-13 17:55:00,X-sim,user_5754,PFE,$PFE wins approval 🎉 big relief #stocks,0.757,Regulatory/Legal,6
T00244,2026-07-13 18:00:00,X-sim,user_9371,,sanctions + tariffs = chaos for stocks 📉 #geopolitics #trading,-0.666,Geopolitical,5
T00245,2026-07-13 18:16:00,X-sim,user_7067,,"jobs data strong, soft landing vibes ✅ #macro 🤔",0.606,Macroeconomic,5
T00246,2026-07-13 18:33:00,X-sim,user_1179,GS,"RT @user_1462: $GS margins shrinking, earnings were weak",-0.723,Earnings,7
T00247,2026-07-13 19:12:00,X-sim,user_3092,GS,watching $GS today,-0.03,Other,2
T00248,2026-07-13 20:00:00,X-sim,user_5122,JPM,"$JPM crushing it, bullish 🔥",0.308,Other,3
T00249,2026-07-13 20:38:00,X-sim,user_1174,,"trade deal signed, finally good news 🎉 #stocks 🤔",0.505,Geopolitical,5
T00250,2026-07-14 06:24:00,X-sim,user_5153,PFE,"RT @user_7982: $PFE merger facing antitrust heat, deal at risk",-0.554,Merger/Acquisition,4
T00251,2026-07-14 07:04:00,X-sim,user_9692,PFE,"$PFE fined again, regulators not messing around",-0.603,Regulatory/Legal,4
T00252,2026-07-14 07:30:00,X-sim,user_1011,GOOGL,ugh $GOOGL again... down bad,-0.412,Other,2
T00253,2026-07-14 07:42:00,X-sim,user_1119,BAC,"RT @user_3049: $BAC credit upgrade, balance sheet looking healthier ✅",0.717,Credit Event,7
T00254,2026-07-14 07:44:00,X-sim,user_2995,AMZN,ugh $AMZN again... down bad,-0.438,Other,2
T00255,2026-07-14 09:13:00,X-sim,user_4502,,sanctions + tariffs = chaos for stocks 📉 #geopolitics 📊,-0.545,Geopolitical,5
T00256,2026-07-14 09:27:00,X-sim,user_8999,BAC,watching $BAC today,0.106,Other,2
T00257,2026-07-14 09:42:00,X-sim,user_2650,XOM,"$XOM flat, nothing happening",-0.123,Other,3
T00258,2026-07-14 09:53:00,X-sim,user_7434,MSFT,"sold my $MSFT, not liking this",-0.508,Other,3
T00259,2026-07-14 09:54:00,X-sim,user_1963,CVX,watching $CVX today,0.038,Other,2
T00260,2026-07-14 11:36:00,X-sim,user_4778,PFE,"$PFE credit upgrade, balance sheet looking healthier ✅ #trading",0.559,Credit Event,3
T00261,2026-07-14 12:39:00,X-sim,user_6807,GS,RT @user_2950: $GS looks bad 😬 bearish 👀,-0.409,Other,4
T00262,2026-07-14 12:46:00,X-sim,user_4340,MSFT,ugh $MSFT again... down bad,-0.486,Other,3
T00263,2026-07-14 13:03:00,X-sim,user_4301,PFE,ugh $PFE again... down bad 👀,-0.486,Other,3
T00264,2026-07-14 13:43:00,X-sim,user_4230,NVDA,"RT @user_9484: $NVDA crushing it, bullish",0.569,Other,4
T00265,2026-07-14 14:41:00,X-sim,user_6816,XOM,"$XOM credit upgrade, balance sheet looking healthier ✅",0.672,Credit Event,6
T00266,2026-07-14 15:10:00,X-sim,user_4259,META,"$META debt worries growing, bonds selling off",-0.663,Credit Event,7
T00267,2026-07-14 16:02:00,X-sim,user_4963,JNJ,RT @user_1426: $JNJ looking strong today 🚀 #trading,0.356,Other,2
T00268,2026-07-14 16:12:00,X-sim,user_1692,XOM,$XOM new launch looks 🔥 early demand is huge 💬,0.512,Product Launch,4
T00269,2026-07-14 17:04:00,X-sim,user_4771,MSFT,"$MSFT smashing guidance, loading up 📈",0.518,Earnings,3
T00270,2026-07-14 17:15:00,X-sim,user_3511,META,"$META flat, nothing happening",-0.077,Other,2
T00271,2026-07-14 17:46:00,X-sim,user_7654,JNJ,"bought more $JNJ on the dip, feeling good 📈",0.474,Other,3
T00272,2026-07-14 17:50:00,X-sim,user_1324,WMT,$WMT new launch looks 🔥 early demand is huge,0.609,Product Launch,5
T00273,2026-07-14 18:00:00,X-sim,user_8138,WMT,anyone have thoughts on $WMT?,0.004,Other,2
T00274,2026-07-14 18:57:00,X-sim,user_9388,KO,ugh $KO again... down bad #trading,-0.363,Other,2
T00275,2026-07-14 18:59:00,X-sim,user_7753,MSFT,ugh $MSFT again... down bad,-0.373,Other,2
T00276,2026-07-14 19:03:00,X-sim,user_8211,GS,WATCHING $GS TODAY #INVESTING,0.025,Other,3
T00277,2026-07-14 20:32:00,X-sim,user_4420,CVX,"$CVX credit upgrade, balance sheet looking healthier ✅",0.545,Credit Event,4
T00278,2026-07-15 06:18:00,X-sim,user_7194,META,$META LOOKS BAD 😬 BEARISH,-0.46,Other,2
T00279,2026-07-15 06:33:00,X-sim,user_8914,JNJ,"sold my $JNJ, not liking this",-0.467,Other,3
T00280,2026-07-15 06:34:00,X-sim,user_4394,META,ugh $META again... down bad,-0.428,Other,3
T00281,2026-07-15 06:57:00,X-sim,user_2064,KO,"RT @user_2525: bought more $KO on the dip, feeling good 📈 #markets",0.418,Other,2
T00282,2026-07-15 07:09:00,X-sim,user_1045,BAC,$BAC wins approval 🎉 big relief,0.6,Regulatory/Legal,6
T00283,2026-07-15 07:12:00,X-sim,user_9899,META,"$META MERGER FACING ANTITRUST HEAT, DEAL AT RISK",-0.785,Merger/Acquisition,7
T00284,2026-07-15 07:27:00,X-sim,user_5004,AMZN,$AMZN ACQUISITION COULD BE A GAME CHANGER 👀🔥,0.513,Merger/Acquisition,4
T00285,2026-07-15 07:58:00,X-sim,user_6762,BAC,"$BAC crushing it, bullish",0.585,Other,4
T00286,2026-07-15 08:02:00,X-sim,user_9815,JNJ,$JNJ breakout incoming?? 🔥,0.489,Other,3
T00287,2026-07-15 08:36:00,X-sim,user_4285,BAC,$BAC earnings beat!! EPS way above estimates 🚀,0.824,Earnings,6
T00288,2026-07-15 09:42:00,X-sim,user_7517,KO,"$KO debt worries growing, bonds selling off",-0.712,Credit Event,6
T00289,2026-07-15 10:42:00,X-sim,user_6887,,"jobs data strong, soft landing vibes ✅ #macro #investing",0.818,Macroeconomic,8
T00290,2026-07-15 11:23:00,X-sim,user_2689,CVX,"$CVX fined again, regulators not messing around 📊",-0.713,Regulatory/Legal,6
T00291,2026-07-15 12:08:00,X-sim,user_1366,PFE,watching $PFE today,0.041,Other,2
T00292,2026-07-15 14:36:00,X-sim,user_7305,CVX,$CVX volume is low today #markets,0.12,Other,3
T00293,2026-07-15 14:38:00,X-sim,user_5595,JPM,"$JPM under investigation, this could get ugly 👀",-0.443,Regulatory/Legal,3
T00294,2026-07-15 15:30:00,X-sim,user_3444,AAPL,"$AAPL crushing it, bullish",0.581,Other,3
T00295,2026-07-15 15:48:00,X-sim,user_6407,JPM,"$JPM downgraded, spreads widening ⚠️ #credit",-0.467,Credit Event,3
T00296,2026-07-15 16:13:00,X-sim,user_2027,WMT,$WMT volume is low today,-0.022,Other,3
T00297,2026-07-15 16:53:00,X-sim,user_9505,PFE,"bought more $PFE on the dip, feeling good 📈 #investing",0.4,Other,2
T00298,2026-07-15 16:59:00,X-sim,user_4362,MSFT,$MSFT wins approval 🎉 big relief 📊,0.58,Regulatory/Legal,5
T00299,2026-07-15 17:02:00,X-sim,user_7401,XOM,anyone have thoughts on $XOM? #stocks,0.05,Other,2
T00300,2026-07-15 17:21:00,X-sim,user_9621,AAPL,"$AAPL credit upgrade, balance sheet looking healthier ✅",0.638,Credit Event,7
T00301,2026-07-15 17:24:00,X-sim,user_7629,WMT,"sold my $WMT, not liking this",-0.385,Other,2
T00302,2026-07-15 18:11:00,X-sim,user_2682,GS,ugh $GS again... down bad 👀,-0.371,Other,2
T00303,2026-07-15 18:33:00,X-sim,user_1462,WMT,$WMT LOOKS BAD 😬 BEARISH #STOCKS,-0.401,Other,2
T00304,2026-07-15 18:38:00,X-sim,user_9998,JNJ,"$JNJ under investigation, this could get ugly 🤔",-0.638,Regulatory/Legal,7
T00305,2026-07-15 18:43:00,X-sim,user_8543,JPM,"$JPM crushing it, bullish",0.352,Other,2
T00306,2026-07-15 18:49:00,X-sim,user_9152,AMZN,watching $AMZN today,-0.013,Other,3
T00307,2026-07-15 19:06:00,X-sim,user_1197,,recession signals flashing red 🚨 #macro,-0.506,Macroeconomic,5
T00308,2026-07-15 19:16:00,X-sim,user_5996,WMT,$WMT overpaying for this acquisition imo,-0.55,Merger/Acquisition,5
T00309,2026-07-15 19:28:00,X-sim,user_1043,,"WAR ESCALATING, MARKETS GONNA BLEED 😰 #MARKETS",-0.819,Geopolitical,8
T00310,2026-07-15 20:30:00,X-sim,user_6888,WMT,$WMT VOLUME IS LOW TODAY,-0.004,Other,1
T00311,2026-07-15 20:51:00,X-sim,user_4961,,"WAR ESCALATING, MARKETS GONNA BLEED 😰 #MARKETS",-0.518,Geopolitical,5
T00312,2026-07-16 06:04:00,X-sim,user_1057,GOOGL,$GOOGL overpaying for this acquisition imo #trading,-0.63,Merger/Acquisition,6
T00313,2026-07-16 06:06:00,X-sim,user_4879,PFE,$PFE breakout incoming?? 🔥 #investing,0.532,Other,4
T00314,2026-07-16 06:31:00,X-sim,user_4696,AAPL,"$AAPL margins shrinking, earnings were weak",-0.646,Earnings,5
T00315,2026-07-16 06:58:00,X-sim,user_5759,MSFT,$MSFT looks bad 😬 bearish,-0.397,Other,2
T00316,2026-07-16 07:12:00,X-sim,user_6458,KO,"$KO merger facing antitrust heat, deal at risk #trading",-0.545,Merger/Acquisition,4
T00317,2026-07-16 07:20:00,X-sim,user_1319,META,"$META crushing it, bullish",0.345,Other,3
T00318,2026-07-16 08:00:00,X-sim,user_3900,JNJ,"$JNJ merger facing antitrust heat, deal at risk",-0.769,Merger/Acquisition,6
T00319,2026-07-16 08:00:00,X-sim,user_6035,WMT,$WMT getting hammered rn 📉 👀,-0.414,Other,3
T00320,2026-07-16 08:13:00,X-sim,user_4280,AMZN,RT @user_4905: anyone have thoughts on $AMZN? 🤔,0.018,Other,1
T00321,2026-07-16 08:34:00,X-sim,user_6802,PFE,"$PFE credit upgrade, balance sheet looking healthier ✅",0.712,Credit Event,5
T00322,2026-07-16 08:43:00,X-sim,user_3892,BAC,"bought more $BAC on the dip, feeling good 📈",0.423,Other,2
T00323,2026-07-16 09:32:00,X-sim,user_1535,NVDA,$NVDA volume is low today #markets,0.008,Other,1
T00324,2026-07-16 09:49:00,X-sim,user_9745,KO,$KO missed earnings and cut guide... brutal 📉 #investing,-0.429,Earnings,3
T00325,2026-07-16 10:00:00,X-sim,user_6972,MSFT,"RT @user_3871: $MSFT debt worries growing, bonds selling off",-0.466,Credit Event,4
T00326,2026-07-16 10:06:00,X-sim,user_6026,KO,RT @user_8027: $KO volume is low today,0.04,Other,3
T00327,2026-07-16 10:15:00,X-sim,user_7024,XOM,"RT @user_3832: $XOM crushing it, bullish #markets",0.529,Other,4
T00328,2026-07-16 10:46:00,X-sim,user_1958,CVX,ugh $CVX again... down bad,-0.566,Other,4
T00329,2026-07-16 11:46:00,X-sim,user_8677,JPM,"$JPM product recall, yikes 😬",-0.548,Product Launch,5
T00330,2026-07-16 11:49:00,X-sim,user_7519,AMZN,$AMZN LOOKING STRONG TODAY 🚀 #STOCKS 🔥,0.326,Other,3
T00331,2026-07-16 12:24:00,X-sim,user_1048,META,"$META MERGER FACING ANTITRUST HEAT, DEAL AT RISK",-0.785,Merger/Acquisition,7
T00332,2026-07-16 12:26:00,X-sim,user_1170,JPM,$JPM overpaying for this acquisition imo,-0.575,Merger/Acquisition,4
T00333,2026-07-16 13:34:00,X-sim,user_2225,JNJ,"SOLD MY $JNJ, NOT LIKING THIS",-0.383,Other,2
T00334,2026-07-16 13:51:00,X-sim,user_1104,GOOGL,"$GOOGL credit upgrade, balance sheet looking healthier ✅ 🤔",0.584,Credit Event,5
T00335,2026-07-16 13:58:00,X-sim,user_5449,JPM,$JPM volume is low today,-0.002,Other,3
T00336,2026-07-16 14:02:00,X-sim,user_2831,CVX,"bought more $CVX on the dip, feeling good 📈",0.503,Other,4
T00337,2026-07-16 14:13:00,X-sim,user_5716,PFE,"RT @user_5609: $PFE crushing it, bullish",0.489,Other,4
T00338,2026-07-16 14:49:00,X-sim,user_4435,JPM,"$JPM credit upgrade, balance sheet looking healthier ✅",0.475,Credit Event,3
T00339,2026-07-16 14:50:00,X-sim,user_1500,BAC,$BAC looking strong today 🚀 🔥,0.564,Other,4
T00340,2026-07-16 14:54:00,X-sim,user_4955,,sanctions + tariffs = chaos for stocks 📉 #geopolitics,-0.86,Geopolitical,8
T00341,2026-07-16 15:15:00,X-sim,user_6229,XOM,$XOM volume is low today,0.101,Other,1
T00342,2026-07-16 15:33:00,X-sim,user_9752,GOOGL,$GOOGL getting hammered rn 📉 #markets,-0.511,Other,3
T00343,2026-07-16 15:39:00,X-sim,user_2703,KO,$KO looks bad 😬 bearish,-0.562,Other,3
T00344,2026-07-16 15:44:00,X-sim,user_1580,GS,"sold my $GS, not liking this #investing",-0.256,Other,2
T00345,2026-07-16 16:38:00,X-sim,user_9861,CVX,"$CVX crushing it, bullish",0.316,Other,2
T00346,2026-07-16 16:55:00,X-sim,user_1400,AMZN,"$AMZN credit upgrade, balance sheet looking healthier ✅",0.403,Credit Event,3
T00347,2026-07-16 16:57:00,X-sim,user_2070,AMZN,anyone have thoughts on $AMZN?,0.036,Other,1
T00348,2026-07-16 17:31:00,X-sim,user_1592,META,$META LOOKS BAD 😬 BEARISH,-0.443,Other,3
T00349,2026-07-16 17:41:00,X-sim,user_7812,NVDA,"$NVDA flat, nothing happening 👀",-0.046,Other,2
T00350,2026-07-16 18:01:00,X-sim,user_5043,PFE,"$PFE flat, nothing happening #stocks",-0.007,Other,2
T00351,2026-07-16 18:25:00,X-sim,user_6339,,ceasefire!! risk on 🟢 #markets #stocks,0.821,Geopolitical,8
T00352,2026-07-16 18:34:00,X-sim,user_9119,JPM,"RT @user_8621: $JPM merger facing antitrust heat, deal at risk #investing",-0.613,Merger/Acquisition,4
T00353,2026-07-16 18:35:00,X-sim,user_8633,GOOGL,$GOOGL overpaying for this acquisition imo,-0.54,Merger/Acquisition,5
T00354,2026-07-16 18:38:00,X-sim,user_1465,XOM,anyone have thoughts on $XOM?,-0.035,Other,2
T00355,2026-07-16 19:22:00,X-sim,user_9264,JNJ,ugh $JNJ again... down bad,-0.427,Other,2
T00356,2026-07-16 19:49:00,X-sim,user_9605,AMZN,$AMZN looking strong today 🚀 #trading,0.452,Other,3
T00357,2026-07-16 20:05:00,X-sim,user_6769,,sanctions + tariffs = chaos for stocks 📉 #geopolitics,-0.735,Geopolitical,7
T00358,2026-07-16 20:11:00,X-sim,user_1312,JNJ,$JNJ getting hammered rn 📉,-0.662,Other,4
T00359,2026-07-16 20:15:00,X-sim,user_7173,CVX,$CVX getting hammered rn 📉,-0.533,Other,4
T00360,2026-07-16 20:24:00,X-sim,user_7918,KO,ugh $KO again... down bad,-0.54,Other,4
T00361,2026-07-16 20:31:00,X-sim,user_8834,CVX,$CVX getting hammered rn 📉,-0.62,Other,4
T00362,2026-07-17 06:24:00,X-sim,user_7426,WMT,"$WMT crushing it, bullish",0.47,Other,4
T00363,2026-07-17 06:26:00,X-sim,user_1017,NVDA,"$NVDA flat, nothing happening #trading",-0.111,Other,1
T00364,2026-07-17 07:17:00,X-sim,user_7838,,"war escalating, markets gonna bleed 😰 #markets #trading",-0.9,Geopolitical,8
T00365,2026-07-17 07:18:00,X-sim,user_1136,GOOGL,UGH $GOOGL AGAIN... DOWN BAD,-0.402,Other,4
T00366,2026-07-17 07:35:00,X-sim,user_5608,,"RT @user_3722: cpi cooled, rate cuts soon? 📈 #Fed #trading 🤔",0.559,Macroeconomic,5
T00367,2026-07-17 07:39:00,X-sim,user_6241,META,$META volume is low today,0.15,Other,1
T00368,2026-07-17 07:55:00,X-sim,user_5659,,"war escalating, markets gonna bleed 😰 #markets #investing",-0.792,Geopolitical,7
T00369,2026-07-17 08:18:00,X-sim,user_4118,XOM,"bought more $XOM on the dip, feeling good 📈 #stocks",0.418,Other,3
T00370,2026-07-17 08:27:00,X-sim,user_7068,NVDA,$NVDA ACQUISITION COULD BE A GAME CHANGER 👀🔥,0.631,Merger/Acquisition,5
T00371,2026-07-17 08:36:00,X-sim,user_3473,WMT,"$WMT downgraded, spreads widening ⚠️ #credit #investing 💬",-0.696,Credit Event,7
T00372,2026-07-17 08:59:00,X-sim,user_2017,GOOGL,$GOOGL missed earnings and cut guide... brutal 📉 #markets,-0.734,Earnings,7
T00373,2026-07-17 09:21:00,X-sim,user_2930,GOOGL,"sold my $GOOGL, not liking this #markets",-0.347,Other,2
T00374,2026-07-17 09:34:00,X-sim,user_7044,MSFT,"RT @user_8635: $MSFT margins shrinking, earnings were weak",-0.846,Earnings,6
T00375,2026-07-17 09:47:00,X-sim,user_6218,AAPL,"sold my $AAPL, not liking this",-0.474,Other,3
T00376,2026-07-17 09:48:00,X-sim,user_5270,GOOGL,$GOOGL getting hammered rn 📉 💬,-0.473,Other,2
T00377,2026-07-17 10:03:00,X-sim,user_7371,WMT,ANYONE HAVE THOUGHTS ON $WMT? #MARKETS,-0.044,Other,1
T00378,2026-07-17 10:11:00,X-sim,user_4862,XOM,$XOM breakout incoming?? 🔥 #stocks,0.457,Other,3
T00379,2026-07-17 10:40:00,X-sim,user_7581,XOM,"bought more $XOM on the dip, feeling good 📈 #stocks",0.369,Other,3
T00380,2026-07-17 11:12:00,X-sim,user_9671,AAPL,$AAPL overpaying for this acquisition imo #stocks 🤔,-0.542,Merger/Acquisition,3
T00381,2026-07-17 11:41:00,X-sim,user_9705,,recession signals flashing red 🚨 #macro #trading,-0.742,Macroeconomic,7
T00382,2026-07-17 12:00:00,X-sim,user_2503,CVX,$CVX looking strong today 🚀 #trading 👀,0.572,Other,3
T00383,2026-07-17 12:13:00,X-sim,user_3195,JPM,$JPM getting hammered rn 📉,-0.304,Other,2
T00384,2026-07-17 12:36:00,X-sim,user_3217,,recession signals flashing red 🚨 #macro 🤔,-0.745,Macroeconomic,5
T00385,2026-07-17 12:50:00,X-sim,user_2194,XOM,$XOM looking strong today 🚀,0.529,Other,4
T00386,2026-07-17 14:12:00,X-sim,user_6596,XOM,$XOM looking strong today 🚀 #investing,0.424,Other,3
T00387,2026-07-17 15:00:00,X-sim,user_9423,,"trade deal signed, finally good news 🎉 🔥",0.536,Geopolitical,5
T00388,2026-07-17 15:15:00,X-sim,user_8022,MSFT,RT @user_8670: $MSFT looks bad 😬 bearish #markets,-0.45,Other,3
T00389,2026-07-17 15:16:00,X-sim,user_2088,PFE,anyone have thoughts on $PFE? #stocks,0.066,Other,1
T00390,2026-07-17 15:27:00,X-sim,user_6773,PFE,RT @user_9863: $PFE wins approval 🎉 big relief,0.586,Regulatory/Legal,3
T00391,2026-07-17 15:42:00,X-sim,user_3188,XOM,"bought more $XOM on the dip, feeling good 📈",0.308,Other,4
T00392,2026-07-17 16:05:00,X-sim,user_3704,GOOGL,RT @user_6943: $GOOGL getting hammered rn 📉,-0.493,Other,2
T00393,2026-07-17 16:58:00,X-sim,user_3260,GOOGL,ANYONE HAVE THOUGHTS ON $GOOGL?,0.015,Other,2
T00394,2026-07-17 17:14:00,X-sim,user_8027,AMZN,"$AMZN credit upgrade, balance sheet looking healthier ✅ #investing 👀",0.778,Credit Event,7
T00395,2026-07-17 17:41:00,X-sim,user_6985,CVX,$CVX breakout incoming?? 🔥 #trading,0.431,Other,2
T00396,2026-07-17 17:49:00,X-sim,user_5848,NVDA,"sold my $NVDA, not liking this",-0.391,Other,2
T00397,2026-07-17 18:20:00,X-sim,user_7954,AMZN,$AMZN breakout incoming?? 🔥 #trading,0.465,Other,4
T00398,2026-07-17 18:26:00,X-sim,user_3860,CVX,"bought more $CVX on the dip, feeling good 📈",0.582,Other,4
T00399,2026-07-17 18:33:00,X-sim,user_2865,JPM,anyone have thoughts on $JPM?,0.023,Other,1
T00400,2026-07-17 18:37:00,X-sim,user_3618,MSFT,ugh $MSFT again... down bad,-0.684,Other,4
T00401,2026-07-17 18:44:00,X-sim,user_8295,MSFT,watching $MSFT today #trading,-0.009,Other,2
T00402,2026-07-17 18:44:00,X-sim,user_2788,WMT,$WMT getting hammered rn 📉 🔥,-0.381,Other,2
T00403,2026-07-17 18:51:00,X-sim,user_3293,WMT,$WMT volume is low today 💬,0.026,Other,3
T00404,2026-07-17 18:58:00,X-sim,user_3695,META,RT @user_1472: $META volume is low today,0.051,Other,1
T00405,2026-07-17 19:34:00,X-sim,user_2939,JPM,"sold my $JPM, not liking this #markets",-0.547,Other,3
T00406,2026-07-17 20:38:00,X-sim,user_8065,PFE,watching $PFE today,0.126,Other,2
T00407,2026-07-20 06:08:00,X-sim,user_9100,GOOGL,$GOOGL getting hammered rn 📉 👀,-0.543,Other,4
T00408,2026-07-20 06:21:00,X-sim,user_3382,KO,$KO volume is low today,0.037,Other,1
T00409,2026-07-20 06:36:00,X-sim,user_3610,MSFT,$MSFT looks bad 😬 bearish,-0.467,Other,3
T00410,2026-07-20 06:46:00,X-sim,user_3896,,sanctions + tariffs = chaos for stocks 📉 #geopolitics #markets,-0.784,Geopolitical,8
T00411,2026-07-20 07:04:00,X-sim,user_5832,,recession signals flashing red 🚨 #macro 📊,-0.721,Macroeconomic,6
T00412,2026-07-20 07:08:00,X-sim,user_4691,NVDA,WATCHING $NVDA TODAY,0.003,Other,1
T00413,2026-07-20 07:23:00,X-sim,user_7977,CVX,RT @user_4029: $CVX getting hammered rn 📉 #trading,-0.47,Other,4
T00414,2026-07-20 07:30:00,X-sim,user_4033,NVDA,ANYONE HAVE THOUGHTS ON $NVDA? #TRADING,0.007,Other,3
T00415,2026-07-20 07:45:00,X-sim,user_1543,XOM,"$XOM smashing guidance, loading up 📈",0.761,Earnings,7
T00416,2026-07-20 07:48:00,X-sim,user_6675,XOM,RT @user_2808: watching $XOM today 🔥,-0.042,Other,2
T00417,2026-07-20 07:50:00,X-sim,user_7627,BAC,$BAC LOOKS BAD 😬 BEARISH,-0.411,Other,4
T00418,2026-07-20 08:04:00,X-sim,user_4912,GOOGL,RT @user_4965: $GOOGL getting hammered rn 📉,-0.344,Other,4
T00419,2026-07-20 08:08:00,X-sim,user_3064,MSFT,ugh $MSFT again... down bad,-0.274,Other,2
T00420,2026-07-20 08:11:00,X-sim,user_6215,CVX,watching $CVX today 🔥,0.035,Other,1
T00421,2026-07-20 08:35:00,X-sim,user_7455,AAPL,RT @user_3405: anyone have thoughts on $AAPL?,-0.0,Other,1
T00422,2026-07-20 08:36:00,X-sim,user_3037,XOM,"$XOM crushing it, bullish",0.486,Other,3
T00423,2026-07-20 09:06:00,X-sim,user_9110,GOOGL,$GOOGL looking strong today 🚀,0.579,Other,4
T00424,2026-07-20 09:32:00,X-sim,user_6820,AMZN,$AMZN looking strong today 🚀 #trading,0.312,Other,2
T00425,2026-07-20 09:39:00,X-sim,user_4716,JNJ,"$JNJ flat, nothing happening #investing",-0.036,Other,2
T00426,2026-07-20 10:31:00,X-sim,user_6185,,recession signals flashing red 🚨 #macro 💬,-0.543,Macroeconomic,4
T00427,2026-07-20 10:49:00,X-sim,user_6906,NVDA,RT @user_9252: $NVDA new launch looks 🔥 early demand is huge 📊,0.438,Product Launch,4
T00428,2026-07-20 11:01:00,X-sim,user_3390,META,watching $META today,-0.022,Other,1
T00429,2026-07-20 11:22:00,X-sim,user_4593,GS,"$GS flat, nothing happening",0.019,Other,3
T00430,2026-07-20 11:35:00,X-sim,user_7120,GS,$GS looking strong today 🚀,0.486,Other,3
T00431,2026-07-20 11:44:00,X-sim,user_4160,GS,$GS getting hammered rn 📉,-0.43,Other,2
T00432,2026-07-20 11:50:00,X-sim,user_4658,JPM,RT @user_8781: watching $JPM today,0.027,Other,2
T00433,2026-07-20 11:58:00,X-sim,user_2599,GOOGL,"$GOOGL under investigation, this could get ugly",-0.494,Regulatory/Legal,3
T00434,2026-07-20 12:04:00,X-sim,user_7384,JNJ,anyone have thoughts on $JNJ? #stocks,0.016,Other,2
T00435,2026-07-20 12:33:00,X-sim,user_6575,,sanctions + tariffs = chaos for stocks 📉 #geopolitics #trading,-0.863,Geopolitical,8
T00436,2026-07-20 13:26:00,X-sim,user_5047,CVX,$CVX NEW LAUNCH LOOKS 🔥 EARLY DEMAND IS HUGE,0.713,Product Launch,6
T00437,2026-07-20 13:30:00,X-sim,user_7093,AMZN,$AMZN getting hammered rn 📉 👀,-0.405,Other,3
T00438,2026-07-20 13:34:00,X-sim,user_4437,JNJ,$JNJ new launch looks 🔥 early demand is huge,0.655,Product Launch,6
T00439,2026-07-20 13:52:00,X-sim,user_8769,AAPL,anyone have thoughts on $AAPL? #stocks,-0.015,Other,3
T00440,2026-07-20 14:10:00,X-sim,user_1323,NVDA,$NVDA volume is low today,0.036,Other,2
T00441,2026-07-20 14:26:00,X-sim,user_2606,GOOGL,"$GOOGL flat, nothing happening #trading",-0.026,Other,2
T00442,2026-07-20 14:46:00,X-sim,user_7975,JNJ,$JNJ NEW LAUNCH LOOKS 🔥 EARLY DEMAND IS HUGE,0.765,Product Launch,7
T00443,2026-07-20 14:59:00,X-sim,user_7510,GS,$GS missed earnings and cut guide... brutal 📉 #stocks,-0.502,Earnings,4
T00444,2026-07-20 15:41:00,X-sim,user_1335,GOOGL,"$GOOGL delaying the launch again, not good",-0.713,Product Launch,7
T00445,2026-07-20 15:57:00,X-sim,user_9942,META,"bought more $META on the dip, feeling good 📈",0.413,Other,2
T00446,2026-07-20 16:03:00,X-sim,user_5357,GS,$GS looking strong today 🚀,0.569,Other,4
T00447,2026-07-20 16:39:00,X-sim,user_3430,,"war escalating, markets gonna bleed 😰 #markets #stocks",-0.844,Geopolitical,8
T00448,2026-07-20 16:50:00,X-sim,user_2957,AAPL,ugh $AAPL again... down bad,-0.451,Other,3
T00449,2026-07-20 17:25:00,X-sim,user_3426,META,$META breakout incoming?? 🔥,0.376,Other,2
T00450,2026-07-20 18:10:00,X-sim,user_3307,JPM,"RT @user_8571: $JPM UNDER INVESTIGATION, THIS COULD GET UGLY",-0.792,Regulatory/Legal,6
T00451,2026-07-20 18:51:00,X-sim,user_5417,,ceasefire!! risk on 🟢 #markets #investing 🤔,0.63,Geopolitical,5
T00452,2026-07-20 18:57:00,X-sim,user_3680,AAPL,"$AAPL FINED AGAIN, REGULATORS NOT MESSING AROUND #TRADING",-0.69,Regulatory/Legal,6
T00453,2026-07-20 19:23:00,X-sim,user_3641,,"war escalating, markets gonna bleed 😰 #markets",-0.492,Geopolitical,4
T00454,2026-07-20 19:33:00,X-sim,user_9779,AMZN,RT @user_7447: watching $AMZN today,-0.026,Other,2
T00455,2026-07-20 19:49:00,X-sim,user_8909,XOM,"$XOM flat, nothing happening",-0.03,Other,1
T00456,2026-07-20 19:57:00,X-sim,user_5032,JNJ,anyone have thoughts on $JNJ?,-0.129,Other,2
T00457,2026-07-20 20:13:00,X-sim,user_7160,JPM,"$JPM flat, nothing happening",0.019,Other,2
T00458,2026-07-20 20:17:00,X-sim,user_5285,AAPL,$AAPL volume is low today,-0.078,Other,3
T00459,2026-07-20 20:40:00,X-sim,user_3661,,"inflation print hot, fed won't cut 😬 #Fed #stocks",-0.735,Macroeconomic,6
T00460,2026-07-20 20:59:00,X-sim,user_2477,AMZN,watching $AMZN today,-0.044,Other,3
T00461,2026-07-21 06:23:00,X-sim,user_1489,NVDA,"bought more $NVDA on the dip, feeling good 📈",0.478,Other,2
T00462,2026-07-21 06:35:00,X-sim,user_3348,NVDA,$NVDA earnings beat!! EPS way above estimates 🚀,0.738,Earnings,7
T00463,2026-07-21 07:37:00,X-sim,user_4269,PFE,"$PFE crushing it, bullish",0.488,Other,3
T00464,2026-07-21 07:50:00,X-sim,user_2561,META,RT @user_9992: $META wins approval 🎉 big relief,0.681,Regulatory/Legal,5
T00465,2026-07-21 08:12:00,X-sim,user_3694,JPM,ugh $JPM again... down bad,-0.516,Other,4
T00466,2026-07-21 08:19:00,X-sim,user_6234,NVDA,$NVDA looking strong today 🚀,0.445,Other,3
T00467,2026-07-21 08:36:00,X-sim,user_2711,GS,$GS breakout incoming?? 🔥,0.379,Other,2
T00468,2026-07-21 08:51:00,X-sim,user_1098,NVDA,$NVDA volume is low today,0.023,Other,2
T00469,2026-07-21 09:09:00,X-sim,user_9294,AMZN,$AMZN missed earnings and cut guide... brutal 📉,-0.743,Earnings,7
T00470,2026-07-21 09:20:00,X-sim,user_1242,BAC,"bought more $BAC on the dip, feeling good 📈",0.451,Other,2
T00471,2026-07-21 09:30:00,X-sim,user_8616,,"war escalating, markets gonna bleed 😰 #markets #markets 🤔",-0.757,Geopolitical,7
T00472,2026-07-21 09:46:00,X-sim,user_1392,JNJ,$JNJ looks bad 😬 bearish,-0.383,Other,3
T00473,2026-07-21 10:12:00,X-sim,user_4064,JNJ,$JNJ looks bad 😬 bearish #investing,-0.481,Other,3
T00474,2026-07-21 10:24:00,X-sim,user_8088,JNJ,"$JNJ product recall, yikes 😬 #markets 🔥",-0.729,Product Launch,7
T00475,2026-07-21 10:57:00,X-sim,user_8183,JNJ,"$JNJ product recall, yikes 😬 #stocks",-0.618,Product Launch,7
T00476,2026-07-21 11:13:00,X-sim,user_6504,META,"RT @user_9830: $META flat, nothing happening",-0.098,Other,3
T00477,2026-07-21 11:40:00,X-sim,user_5814,META,$META getting hammered rn 📉,-0.414,Other,3
T00478,2026-07-21 12:19:00,X-sim,user_7164,CVX,$CVX breakout incoming?? 🔥,0.456,Other,3
T00479,2026-07-21 12:40:00,X-sim,user_4837,WMT,anyone have thoughts on $WMT?,-0.024,Other,2
T00480,2026-07-21 13:10:00,X-sim,user_3613,,"war escalating, markets gonna bleed 😰 #markets #trading",-0.553,Geopolitical,5
T00481,2026-07-21 13:26:00,X-sim,user_4198,GS,"bought more $GS on the dip, feeling good 📈",0.539,Other,4
T00482,2026-07-21 13:41:00,X-sim,user_9207,GOOGL,"RT @user_1981: $GOOGL DEBT WORRIES GROWING, BONDS SELLING OFF #STOCKS",-0.638,Credit Event,3
T00483,2026-07-21 13:47:00,X-sim,user_9916,,sanctions + tariffs = chaos for stocks 📉 #geopolitics,-0.764,Geopolitical,7
T00484,2026-07-21 13:49:00,X-sim,user_7999,GOOGL,watching $GOOGL today,-0.078,Other,3
T00485,2026-07-21 13:50:00,X-sim,user_1862,JNJ,"$JNJ MARGINS SHRINKING, EARNINGS WERE WEAK",-0.535,Earnings,5
T00486,2026-07-21 13:56:00,X-sim,user_2044,,"cpi cooled, rate cuts soon? 📈 #Fed",0.519,Macroeconomic,5
T00487,2026-07-21 14:23:00,X-sim,user_9546,,recession signals flashing red 🚨 #macro,-0.782,Macroeconomic,8
T00488,2026-07-21 14:26:00,X-sim,user_1163,AAPL,"$AAPL crushing it, bullish #trading",0.411,Other,4
T00489,2026-07-21 14:42:00,X-sim,user_6390,AAPL,"$AAPL flat, nothing happening #investing",0.039,Other,2
T00490,2026-07-21 14:43:00,X-sim,user_7203,CVX,"$CVX crushing it, bullish",0.371,Other,2
T00491,2026-07-21 15:03:00,X-sim,user_9009,AAPL,ugh $AAPL again... down bad,-0.457,Other,3
T00492,2026-07-21 15:24:00,X-sim,user_8860,META,$META breakout incoming?? 🔥 #stocks,0.558,Other,4
T00493,2026-07-21 15:25:00,X-sim,user_9391,META,"$META flat, nothing happening #markets",-0.004,Other,1
T00494,2026-07-21 16:04:00,X-sim,user_6412,XOM,$XOM acquisition could be a game changer 👀🔥,0.66,Merger/Acquisition,4
T00495,2026-07-21 16:19:00,X-sim,user_7744,NVDA,$NVDA breakout incoming?? 🔥,0.566,Other,3
T00496,2026-07-21 16:28:00,X-sim,user_5534,XOM,$XOM looking strong today 🚀,0.52,Other,4
T00497,2026-07-21 16:53:00,X-sim,user_3502,GS,"sold my $GS, not liking this #trading 💬",-0.363,Other,2
T00498,2026-07-21 16:55:00,X-sim,user_8721,NVDA,$NVDA volume is low today,0.115,Other,3
T00499,2026-07-21 17:04:00,X-sim,user_7105,AAPL,$AAPL looks bad 😬 bearish #investing,-0.422,Other,3
T00500,2026-07-21 17:38:00,X-sim,user_8513,AMZN,RT @user_5590: $AMZN new launch looks 🔥 early demand is huge,0.78,Product Launch,7
T00501,2026-07-21 17:47:00,X-sim,user_4227,GOOGL,$GOOGL LOOKING STRONG TODAY 🚀 #MARKETS,0.521,Other,4
T00502,2026-07-21 18:00:00,X-sim,user_2045,GS,$GS looking strong today 🚀 #markets 🤔,0.424,Other,3
T00503,2026-07-21 18:19:00,X-sim,user_1701,XOM,$XOM looking strong today 🚀,0.388,Other,2
T00504,2026-07-21 18:23:00,X-sim,user_2090,PFE,ugh $PFE again... down bad 📊,-0.459,Other,4
T00505,2026-07-21 19:30:00,X-sim,user_4822,JPM,RT @user_3288: anyone have thoughts on $JPM?,0.013,Other,2
T00506,2026-07-21 19:39:00,X-sim,user_7726,XOM,"RT @user_9895: bought more $XOM on the dip, feeling good 📈 #trading",0.471,Other,4
T00507,2026-07-21 19:47:00,X-sim,user_7818,XOM,"$XOM crushing it, bullish #investing",0.375,Other,2
T00508,2026-07-21 19:58:00,X-sim,user_8769,JPM,"$JPM flat, nothing happening",-0.092,Other,3
T00509,2026-07-21 20:04:00,X-sim,user_1682,NVDA,"$NVDA merger facing antitrust heat, deal at risk #stocks",-0.715,Merger/Acquisition,6
T00510,2026-07-21 20:10:00,X-sim,user_5009,GOOGL,$GOOGL getting hammered rn 📉 #trading,-0.373,Other,3
T00511,2026-07-21 20:15:00,X-sim,user_9245,,"RT @user_8120: jobs data strong, soft landing vibes ✅ #macro #markets",0.891,Macroeconomic,8
T00512,2026-07-21 20:49:00,X-sim,user_5271,,"inflation print hot, fed won't cut 😬 #Fed",-0.891,Macroeconomic,8
T00513,2026-07-21 20:56:00,X-sim,user_2316,,sanctions + tariffs = chaos for stocks 📉 #geopolitics,-0.605,Geopolitical,5
T00514,2026-07-22 06:20:00,X-sim,user_8647,CVX,watching $CVX today,-0.039,Other,1
T00515,2026-07-22 08:00:00,X-sim,user_3927,KO,ugh $KO again... down bad,-0.365,Other,2
T00516,2026-07-22 08:15:00,X-sim,user_8308,WMT,$WMT BREAKOUT INCOMING?? 🔥 #TRADING,0.344,Other,2
T00517,2026-07-22 08:28:00,X-sim,user_2310,,"RT @user_3814: inflation print hot, fed won't cut 😬 #Fed #investing 🤔",-0.705,Macroeconomic,6
T00518,2026-07-22 08:28:00,X-sim,user_3117,XOM,"bought more $XOM on the dip, feeling good 📈 #stocks",0.502,Other,4
T00519,2026-07-22 08:30:00,X-sim,user_9255,,"inflation print hot, fed won't cut 😬 #Fed #markets",-0.705,Macroeconomic,6
T00520,2026-07-22 08:50:00,X-sim,user_8420,WMT,$WMT new launch looks 🔥 early demand is huge,0.527,Product Launch,4
T00521,2026-07-22 08:54:00,X-sim,user_4648,,"war escalating, markets gonna bleed 😰 #markets 👀",-0.734,Geopolitical,6
T00522,2026-07-22 09:12:00,X-sim,user_9621,KO,"$KO delaying the launch again, not good #investing",-0.651,Product Launch,6
T00523,2026-07-22 09:29:00,X-sim,user_3451,XOM,"$XOM crushing it, bullish #markets",0.493,Other,3
T00524,2026-07-22 10:16:00,X-sim,user_5099,KO,"$KO FLAT, NOTHING HAPPENING",0.017,Other,1
T00525,2026-07-22 10:44:00,X-sim,user_5779,META,watching $META today,-0.008,Other,1
T00526,2026-07-22 11:25:00,X-sim,user_5780,META,"$META credit upgrade, balance sheet looking healthier ✅",0.795,Credit Event,7
T00527,2026-07-22 12:40:00,X-sim,user_9070,GOOGL,"$GOOGL delaying the launch again, not good",-0.803,Product Launch,7
T00528,2026-07-22 12:46:00,X-sim,user_8199,AMZN,"RT @user_1744: $AMZN flat, nothing happening #markets",0.011,Other,3
T00529,2026-07-22 12:59:00,X-sim,user_9989,GS,"RT @user_2609: $GS delaying the launch again, not good",-0.395,Product Launch,3
T00530,2026-07-22 13:28:00,X-sim,user_9882,BAC,$BAC earnings beat!! EPS way above estimates 🚀,0.633,Earnings,5
T00531,2026-07-22 13:31:00,X-sim,user_6433,AMZN,watching $AMZN today #stocks,-0.041,Other,1
T00532,2026-07-22 13:31:00,X-sim,user_5481,JNJ,anyone have thoughts on $JNJ?,-0.003,Other,3
T00533,2026-07-22 14:10:00,X-sim,user_2998,,"INFLATION PRINT HOT, FED WON'T CUT 😬 #FED",-0.72,Macroeconomic,8
T00534,2026-07-22 15:24:00,X-sim,user_8331,AAPL,$AAPL acquisition could be a game changer 👀🔥 #markets,0.615,Merger/Acquisition,5
T00535,2026-07-22 15:35:00,X-sim,user_7532,CVX,$CVX looks bad 😬 bearish,-0.569,Other,4
T00536,2026-07-22 16:07:00,X-sim,user_3832,AAPL,$AAPL looking strong today 🚀,0.548,Other,4
T00537,2026-07-22 16:17:00,X-sim,user_7671,GOOGL,watching $GOOGL today,0.053,Other,2
T00538,2026-07-22 16:22:00,X-sim,user_2019,PFE,$PFE breakout incoming?? 🔥 #stocks,0.384,Other,2
T00539,2026-07-22 16:23:00,X-sim,user_3897,KO,$KO volume is low today,-0.1,Other,3
T00540,2026-07-22 17:10:00,X-sim,user_5542,,"inflation print hot, fed won't cut 😬 #Fed",-0.789,Macroeconomic,7
T00541,2026-07-22 17:13:00,X-sim,user_4022,AAPL,$AAPL acquisition could be a game changer 👀🔥 🤔,0.573,Merger/Acquisition,5
T00542,2026-07-22 17:56:00,X-sim,user_8987,XOM,"RT @user_8563: $XOM flat, nothing happening",-0.035,Other,1
T00543,2026-07-22 18:11:00,X-sim,user_5315,,"inflation print hot, fed won't cut 😬 #Fed #stocks",-0.757,Macroeconomic,7
T00544,2026-07-22 18:20:00,X-sim,user_1601,AAPL,$AAPL LOOKS BAD 😬 BEARISH,-0.529,Other,4
T00545,2026-07-22 19:34:00,X-sim,user_9020,MSFT,anyone have thoughts on $MSFT? 📊,0.008,Other,2
T00546,2026-07-22 19:39:00,X-sim,user_8456,GOOGL,"$GOOGL flat, nothing happening 🔥",-0.026,Other,3
T00547,2026-07-22 19:46:00,X-sim,user_8259,JNJ,$JNJ BREAKOUT INCOMING?? 🔥,0.498,Other,3
T00548,2026-07-22 20:08:00,X-sim,user_7188,NVDA,watching $NVDA today #investing,-0.02,Other,1
T00549,2026-07-22 20:36:00,X-sim,user_5356,JNJ,$JNJ LOOKS BAD 😬 BEARISH,-0.517,Other,3
T00550,2026-07-22 20:50:00,X-sim,user_5442,GS,$GS looks bad 😬 bearish #stocks,-0.501,Other,3
T00551,2026-07-23 06:12:00,X-sim,user_1072,,recession signals flashing red 🚨 #macro 👀,-0.752,Macroeconomic,7
T00552,2026-07-23 06:26:00,X-sim,user_6892,CVX,"$CVX margins shrinking, earnings were weak",-0.569,Earnings,5
T00553,2026-07-23 06:27:00,X-sim,user_4181,KO,$KO wins approval 🎉 big relief,0.348,Regulatory/Legal,3
T00554,2026-07-23 06:49:00,X-sim,user_5293,KO,$KO getting hammered rn 📉,-0.505,Other,3
T00555,2026-07-23 07:44:00,X-sim,user_1409,XOM,RT @user_5913: $XOM acquisition could be a game changer 👀🔥,0.585,Merger/Acquisition,6
T00556,2026-07-23 07:59:00,X-sim,user_7315,META,$META looking strong today 🚀 🤔,0.459,Other,3
T00557,2026-07-23 08:09:00,X-sim,user_4348,WMT,"$WMT flat, nothing happening",0.016,Other,1
T00558,2026-07-23 08:38:00,X-sim,user_5262,JNJ,anyone have thoughts on $JNJ?,-0.15,Other,3
T00559,2026-07-23 08:43:00,X-sim,user_1226,META,"$META CREDIT UPGRADE, BALANCE SHEET LOOKING HEALTHIER ✅ #INVESTING 🔥",0.502,Credit Event,3
T00560,2026-07-23 09:22:00,X-sim,user_5355,JPM,$JPM looks bad 😬 bearish,-0.586,Other,4
T00561,2026-07-23 09:38:00,X-sim,user_4526,AAPL,$AAPL volume is low today,-0.112,Other,2
T00562,2026-07-23 09:45:00,X-sim,user_7819,,"war escalating, markets gonna bleed 😰 #markets #trading",-0.75,Geopolitical,7
T00563,2026-07-23 09:49:00,X-sim,user_3017,BAC,"$BAC crushing it, bullish 💬",0.422,Other,2
T00564,2026-07-23 09:58:00,X-sim,user_8407,META,$META getting hammered rn 📉 #markets,-0.452,Other,3
T00565,2026-07-23 11:09:00,X-sim,user_5247,JNJ,$JNJ getting hammered rn 📉 📊,-0.464,Other,4
T00566,2026-07-23 11:34:00,X-sim,user_4953,AMZN,$AMZN looks bad 😬 bearish,-0.27,Other,2
T00567,2026-07-23 11:53:00,X-sim,user_7938,GS,anyone have thoughts on $GS?,0.003,Other,2
T00568,2026-07-23 12:47:00,X-sim,user_5934,GOOGL,"$GOOGL downgraded, spreads widening ⚠️ #credit #investing",-0.668,Credit Event,6
T00569,2026-07-23 13:11:00,X-sim,user_5176,AMZN,"$AMZN credit upgrade, balance sheet looking healthier ✅ #investing 📊",0.614,Credit Event,5
T00570,2026-07-23 13:34:00,X-sim,user_5831,,recession signals flashing red 🚨 #macro,-0.721,Macroeconomic,6
T00571,2026-07-23 13:50:00,X-sim,user_2703,GS,$GS volume is low today #stocks,-0.023,Other,2
T00572,2026-07-23 13:55:00,X-sim,user_4437,GOOGL,$GOOGL looking strong today 🚀 #stocks,0.513,Other,3
T00573,2026-07-23 14:08:00,X-sim,user_4611,META,"bought more $META on the dip, feeling good 📈",0.595,Other,4
T00574,2026-07-23 14:14:00,X-sim,user_9410,GOOGL,"sold my $GOOGL, not liking this #trading",-0.614,Other,4
T00575,2026-07-23 14:21:00,X-sim,user_4744,META,$META breakout incoming?? 🔥 👀,0.561,Other,4
T00576,2026-07-23 14:26:00,X-sim,user_5436,CVX,anyone have thoughts on $CVX?,-0.13,Other,3
T00577,2026-07-23 15:09:00,X-sim,user_2040,NVDA,RT @user_6422: watching $NVDA today,0.133,Other,3
T00578,2026-07-23 16:15:00,X-sim,user_6464,GOOGL,watching $GOOGL today,-0.01,Other,3
T00579,2026-07-23 17:15:00,X-sim,user_3059,GOOGL,$GOOGL looks bad 😬 bearish,-0.349,Other,2
T00580,2026-07-23 17:18:00,X-sim,user_6664,XOM,$XOM volume is low today,0.031,Other,3
T00581,2026-07-23 17:29:00,X-sim,user_2690,BAC,anyone have thoughts on $BAC?,0.062,Other,1
T00582,2026-07-23 18:29:00,X-sim,user_4366,XOM,$XOM looking strong today 🚀,0.547,Other,4
T00583,2026-07-23 19:31:00,X-sim,user_9215,GOOGL,$GOOGL looks bad 😬 bearish #markets,-0.402,Other,2
T00584,2026-07-23 20:26:00,X-sim,user_2254,META,$META GETTING HAMMERED RN 📉,-0.263,Other,2
T00585,2026-07-23 20:27:00,X-sim,user_4091,CVX,"RT @user_8272: $CVX flat, nothing happening",0.067,Other,2
T00586,2026-07-23 20:32:00,X-sim,user_9293,AMZN,$AMZN acquisition could be a game changer 👀🔥,0.657,Merger/Acquisition,7
T00587,2026-07-23 20:40:00,X-sim,user_9826,XOM,"bought more $XOM on the dip, feeling good 📈",0.636,Other,4
T00588,2026-07-23 20:50:00,X-sim,user_3244,META,anyone have thoughts on $META?,0.049,Other,1
T00589,2026-07-24 06:03:00,X-sim,user_9147,XOM,"$XOM credit upgrade, balance sheet looking healthier ✅ 📊",0.506,Credit Event,3
T00590,2026-07-24 06:14:00,X-sim,user_6069,CVX,RT @user_2435: $CVX GETTING HAMMERED RN 📉 #INVESTING,-0.447,Other,3
T00591,2026-07-24 06:21:00,X-sim,user_9317,CVX,"sold my $CVX, not liking this",-0.405,Other,3
T00592,2026-07-24 06:31:00,X-sim,user_6519,CVX,$CVX looks bad 😬 bearish,-0.349,Other,2
T00593,2026-07-24 07:06:00,X-sim,user_8159,XOM,$XOM LOOKING STRONG TODAY 🚀,0.48,Other,4
T00594,2026-07-24 07:40:00,X-sim,user_4529,META,$META acquisition could be a game changer 👀🔥,0.452,Merger/Acquisition,3
T00595,2026-07-24 08:32:00,X-sim,user_8144,MSFT,$MSFT looks bad 😬 bearish,-0.542,Other,4
T00596,2026-07-24 08:38:00,X-sim,user_1111,NVDA,watching $NVDA today,-0.017,Other,3
T00597,2026-07-24 08:41:00,X-sim,user_1461,MSFT,$MSFT looks bad 😬 bearish,-0.387,Other,2
T00598,2026-07-24 08:51:00,X-sim,user_2955,PFE,RT @user_2862: $PFE new launch looks 🔥 early demand is huge,0.517,Product Launch,4
T00599,2026-07-24 08:55:00,X-sim,user_3678,WMT,"$WMT downgraded, spreads widening ⚠️ #credit",-0.72,Credit Event,6
T00600,2026-07-24 09:03:00,X-sim,user_4443,XOM,$XOM missed earnings and cut guide... brutal 📉,-0.677,Earnings,7
T00601,2026-07-24 09:26:00,X-sim,user_5053,JPM,ugh $JPM again... down bad,-0.47,Other,3
T00602,2026-07-24 10:11:00,X-sim,user_4769,KO,"BOUGHT MORE $KO ON THE DIP, FEELING GOOD 📈",0.486,Other,4
T00603,2026-07-24 10:12:00,X-sim,user_4346,MSFT,RT @user_1325: $MSFT looking strong today 🚀 #investing,0.521,Other,4
T00604,2026-07-24 10:35:00,X-sim,user_1163,GS,$GS looking strong today 🚀,0.353,Other,2
T00605,2026-07-24 11:27:00,X-sim,user_1977,,sanctions + tariffs = chaos for stocks 📉 #geopolitics,-0.786,Geopolitical,8
T00606,2026-07-24 11:30:00,X-sim,user_3638,AMZN,"RT @user_4407: $AMZN delaying the launch again, not good #stocks",-0.506,Product Launch,4
T00607,2026-07-24 12:07:00,X-sim,user_1205,BAC,$BAC new launch looks 🔥 early demand is huge,0.821,Product Launch,7
T00608,2026-07-24 12:11:00,X-sim,user_1659,JPM,$JPM volume is low today #stocks,-0.029,Other,2
T00609,2026-07-24 12:20:00,X-sim,user_7162,,recession signals flashing red 🚨 #macro #trading,-0.861,Macroeconomic,8
T00610,2026-07-24 12:32:00,X-sim,user_2385,NVDA,"$NVDA crushing it, bullish 📊",0.475,Other,4
T00611,2026-07-24 13:01:00,X-sim,user_8191,AAPL,$AAPL volume is low today,-0.013,Other,1
T00612,2026-07-24 13:35:00,X-sim,user_6711,NVDA,$NVDA looking strong today 🚀,0.446,Other,3
T00613,2026-07-24 13:45:00,X-sim,user_4598,GOOGL,"$GOOGL DOWNGRADED, SPREADS WIDENING ⚠️ #CREDIT",-0.508,Credit Event,4
T00614,2026-07-24 14:24:00,X-sim,user_8016,WMT,$WMT getting hammered rn 📉,-0.56,Other,3
T00615,2026-07-24 15:24:00,X-sim,user_9956,KO,$KO looks bad 😬 bearish,-0.383,Other,4
T00616,2026-07-24 15:55:00,X-sim,user_8842,WMT,"SOLD MY $WMT, NOT LIKING THIS",-0.495,Other,3
T00617,2026-07-24 15:58:00,X-sim,user_2903,MSFT,anyone have thoughts on $MSFT? #markets,0.001,Other,1
T00618,2026-07-24 16:13:00,X-sim,user_7829,,"war escalating, markets gonna bleed 😰 #markets #stocks 🤔",-0.466,Geopolitical,5
T00619,2026-07-24 16:21:00,X-sim,user_7679,AAPL,"$AAPL under investigation, this could get ugly",-0.506,Regulatory/Legal,5
T00620,2026-07-24 16:28:00,X-sim,user_6178,JNJ,$JNJ looking strong today 🚀,0.371,Other,3
T00621,2026-07-24 16:51:00,X-sim,user_3605,,RT @user_6608: recession signals flashing red 🚨 #macro,-0.38,Macroeconomic,4
T00622,2026-07-24 17:06:00,X-sim,user_5274,KO,$KO wins approval 🎉 big relief,0.755,Regulatory/Legal,7
T00623,2026-07-24 18:25:00,X-sim,user_1502,GOOGL,"$GOOGL margins shrinking, earnings were weak 🔥",-0.418,Earnings,3
T00624,2026-07-24 18:47:00,X-sim,user_8569,GS,RT @user_8677: ugh $GS again... down bad #investing,-0.438,Other,4
T00625,2026-07-24 19:09:00,X-sim,user_6616,KO,$KO VOLUME IS LOW TODAY #STOCKS,-0.018,Other,1
T00626,2026-07-24 19:19:00,X-sim,user_1989,,"jobs data strong, soft landing vibes ✅ #macro #trading",0.77,Macroeconomic,6
T00627,2026-07-24 19:39:00,X-sim,user_3635,AAPL,"$AAPL downgraded, spreads widening ⚠️ #credit",-0.604,Credit Event,7
T00628,2026-07-24 19:45:00,X-sim,user_5138,PFE,$PFE breakout incoming?? 🔥,0.569,Other,4
T00629,2026-07-24 20:15:00,X-sim,user_6866,,"war escalating, markets gonna bleed 😰 #markets",-0.866,Geopolitical,8
T00630,2026-07-24 20:37:00,X-sim,user_7407,AMZN,$AMZN missed earnings and cut guide... brutal 📉,-0.607,Earnings,6
T00631,2026-07-24 20:43:00,X-sim,user_9544,KO,"bought more $KO on the dip, feeling good 📈",0.463,Other,4
T00632,2026-07-24 20:59:00,X-sim,user_6510,GS,WATCHING $GS TODAY 🤔,0.01,Other,1
T00633,2026-07-27 06:02:00,X-sim,user_9261,NVDA,$NVDA wins approval 🎉 big relief,0.567,Regulatory/Legal,5
T00634,2026-07-27 06:09:00,X-sim,user_5311,GOOGL,RT @user_4656: $GOOGL wins approval 🎉 big relief #stocks 🤔,0.511,Regulatory/Legal,4
T00635,2026-07-27 06:27:00,X-sim,user_4045,JPM,$JPM volume is low today,-0.065,Other,1
T00636,2026-07-27 07:23:00,X-sim,user_3059,GS,"bought more $GS on the dip, feeling good 📈",0.364,Other,2
T00637,2026-07-27 07:24:00,X-sim,user_7395,,"inflation print hot, fed won't cut 😬 #Fed 📊",-0.686,Macroeconomic,6
T00638,2026-07-27 07:46:00,X-sim,user_4905,KO,"$KO crushing it, bullish",0.449,Other,2
T00639,2026-07-27 07:58:00,X-sim,user_3092,GS,$GS earnings beat!! EPS way above estimates 🚀,0.606,Earnings,6
T00640,2026-07-27 08:56:00,X-sim,user_5254,JNJ,"$JNJ flat, nothing happening",-0.038,Other,1
T00641,2026-07-27 08:56:00,X-sim,user_2773,PFE,anyone have thoughts on $PFE? 🤔,0.112,Other,2
T00642,2026-07-27 09:06:00,X-sim,user_4677,,"war escalating, markets gonna bleed 😰 #markets #trading 📊",-0.556,Geopolitical,5
T00643,2026-07-27 09:09:00,X-sim,user_1970,BAC,RT @user_7631: anyone have thoughts on $BAC?,-0.15,Other,3
T00644,2026-07-27 09:10:00,X-sim,user_9375,,"war escalating, markets gonna bleed 😰 #markets #markets",-0.519,Geopolitical,4
T00645,2026-07-27 09:41:00,X-sim,user_1190,MSFT,ugh $MSFT again... down bad,-0.383,Other,4
T00646,2026-07-27 09:45:00,X-sim,user_7899,AMZN,$AMZN getting hammered rn 📉,-0.511,Other,4
T00647,2026-07-27 09:58:00,X-sim,user_9605,WMT,$WMT wins approval 🎉 big relief,0.696,Regulatory/Legal,7
T00648,2026-07-27 11:00:00,X-sim,user_7301,KO,"BOUGHT MORE $KO ON THE DIP, FEELING GOOD 📈 #STOCKS",0.564,Other,3
T00649,2026-07-27 11:36:00,X-sim,user_5201,PFE,anyone have thoughts on $PFE?,-0.025,Other,2
T00650,2026-07-27 11:40:00,X-sim,user_4888,JPM,"$JPM product recall, yikes 😬",-0.823,Product Launch,6
T00651,2026-07-27 12:19:00,X-sim,user_4677,,"war escalating, markets gonna bleed 😰 #markets",-0.76,Geopolitical,6
T00652,2026-07-27 12:22:00,X-sim,user_8671,NVDA,"$NVDA crushing it, bullish",0.499,Other,2
T00653,2026-07-27 12:25:00,X-sim,user_1362,,"RT @user_7383: inflation print hot, fed won't cut 😬 #Fed",-0.573,Macroeconomic,4
T00654,2026-07-27 12:43:00,X-sim,user_8137,AMZN,"sold my $AMZN, not liking this",-0.386,Other,2
T00655,2026-07-27 12:49:00,X-sim,user_3611,WMT,"$WMT flat, nothing happening 🔥",0.073,Other,2
T00656,2026-07-27 13:12:00,X-sim,user_8274,JPM,$JPM overpaying for this acquisition imo,-0.651,Merger/Acquisition,6
T00657,2026-07-27 13:28:00,X-sim,user_5500,META,ugh $META again... down bad,-0.441,Other,3
T00658,2026-07-27 13:33:00,X-sim,user_4575,WMT,"$WMT product recall, yikes 😬",-0.738,Product Launch,7
T00659,2026-07-27 13:41:00,X-sim,user_1726,AAPL,$AAPL volume is low today 📊,-0.059,Other,3
T00660,2026-07-27 13:57:00,X-sim,user_9751,XOM,"$XOM flat, nothing happening #trading 📊",0.01,Other,2
T00661,2026-07-27 14:43:00,X-sim,user_6355,,recession signals flashing red 🚨 #macro #trading,-0.501,Macroeconomic,4
T00662,2026-07-27 15:02:00,X-sim,user_4794,NVDA,"$NVDA credit upgrade, balance sheet looking healthier ✅ #stocks",0.663,Credit Event,6
T00663,2026-07-27 15:17:00,X-sim,user_7161,,"inflation print hot, fed won't cut 😬 #Fed",-0.585,Macroeconomic,6
T00664,2026-07-27 15:33:00,X-sim,user_1649,JNJ,"$JNJ flat, nothing happening 🔥",0.005,Other,3
T00665,2026-07-27 15:35:00,X-sim,user_2561,AMZN,"$AMZN under investigation, this could get ugly",-0.534,Regulatory/Legal,3
T00666,2026-07-27 16:31:00,X-sim,user_9574,AAPL,$AAPL LOOKS BAD 😬 BEARISH #INVESTING,-0.478,Other,3
T00667,2026-07-27 16:43:00,X-sim,user_3552,AMZN,"$AMZN product recall, yikes 😬",-0.47,Product Launch,3
T00668,2026-07-27 16:47:00,X-sim,user_3930,CVX,$CVX getting hammered rn 📉,-0.39,Other,2
T00669,2026-07-27 16:52:00,X-sim,user_3095,PFE,"bought more $PFE on the dip, feeling good 📈",0.37,Other,2
T00670,2026-07-27 17:20:00,X-sim,user_5282,,"INFLATION PRINT HOT, FED WON'T CUT 😬 #FED 🤔",-0.641,Macroeconomic,6
T00671,2026-07-27 17:27:00,X-sim,user_6443,AMZN,RT @user_3648: watching $AMZN today #trading,0.083,Other,1
T00672,2026-07-27 17:35:00,X-sim,user_6237,META,$META OVERPAYING FOR THIS ACQUISITION IMO,-0.366,Merger/Acquisition,3
T00673,2026-07-27 18:00:00,X-sim,user_3070,CVX,$CVX getting hammered rn 📉 #markets,-0.393,Other,2
T00674,2026-07-27 18:15:00,X-sim,user_3620,KO,"$KO delaying the launch again, not good",-0.683,Product Launch,7
T00675,2026-07-27 18:15:00,X-sim,user_3957,,"inflation print hot, fed won't cut 😬 #Fed #trading",-0.683,Macroeconomic,7
T00676,2026-07-27 18:16:00,X-sim,user_9671,AAPL,"$AAPL crushing it, bullish",0.408,Other,2
T00677,2026-07-27 18:23:00,X-sim,user_2719,WMT,"sold my $WMT, not liking this",-0.455,Other,4
T00678,2026-07-27 19:05:00,X-sim,user_9700,CVX,ugh $CVX again... down bad #investing,-0.519,Other,2
T00679,2026-07-27 19:16:00,X-sim,user_8961,JNJ,$JNJ acquisition could be a game changer 👀🔥 #investing,0.617,Merger/Acquisition,5
T00680,2026-07-27 19:25:00,X-sim,user_8355,CVX,"$CVX debt worries growing, bonds selling off",-0.426,Credit Event,3
T00681,2026-07-27 19:46:00,X-sim,user_3826,AAPL,"$AAPL delaying the launch again, not good",-0.675,Product Launch,6
T00682,2026-07-27 19:52:00,X-sim,user_2297,GOOGL,UGH $GOOGL AGAIN... DOWN BAD,-0.385,Other,2
T00683,2026-07-27 19:57:00,X-sim,user_6037,XOM,$XOM missed earnings and cut guide... brutal 📉 #trading,-0.482,Earnings,5
T00684,2026-07-27 20:27:00,X-sim,user_7605,JNJ,$JNJ missed earnings and cut guide... brutal 📉 #trading,-0.576,Earnings,5
T00685,2026-07-27 20:32:00,X-sim,user_1866,WMT,"RT @user_3523: bought more $WMT on the dip, feeling good 📈 📊",0.52,Other,4
T00686,2026-07-27 20:45:00,X-sim,user_2478,JPM,anyone have thoughts on $JPM? #investing 🤔,0.026,Other,3
T00687,2026-07-27 20:48:00,X-sim,user_2978,MSFT,$MSFT overpaying for this acquisition imo #trading,-0.677,Merger/Acquisition,6
T00688,2026-07-28 06:11:00,X-sim,user_2346,PFE,"sold my $PFE, not liking this 🔥",-0.398,Other,2
T00689,2026-07-28 06:17:00,X-sim,user_3359,MSFT,ugh $MSFT again... down bad #trading,-0.409,Other,3
T00690,2026-07-28 06:26:00,X-sim,user_6939,,"cpi cooled, rate cuts soon? 📈 #Fed 💬",0.533,Macroeconomic,4
T00691,2026-07-28 06:38:00,X-sim,user_6414,GOOGL,"$GOOGL delaying the launch again, not good",-0.683,Product Launch,7
T00692,2026-07-28 06:49:00,X-sim,user_6361,,"inflation print hot, fed won't cut 😬 #Fed #investing 🤔",-0.695,Macroeconomic,7
T00693,2026-07-28 07:46:00,X-sim,user_3808,BAC,$BAC new launch looks 🔥 early demand is huge #trading,0.592,Product Launch,5
T00694,2026-07-28 07:50:00,X-sim,user_4408,AMZN,"$AMZN downgraded, spreads widening ⚠️ #credit",-0.713,Credit Event,7
T00695,2026-07-28 07:51:00,X-sim,user_3279,CVX,RT @user_4262: $CVX getting hammered rn 📉,-0.467,Other,4
T00696,2026-07-28 07:54:00,X-sim,user_8682,AMZN,"$AMZN merger facing antitrust heat, deal at risk",-0.618,Merger/Acquisition,5
T00697,2026-07-28 08:58:00,X-sim,user_5406,NVDA,watching $NVDA today #trading,0.084,Other,3
T00698,2026-07-28 09:02:00,X-sim,user_1353,JNJ,"$JNJ smashing guidance, loading up 📈",0.657,Earnings,7
T00699,2026-07-28 09:04:00,X-sim,user_5235,CVX,watching $CVX today,0.071,Other,1
T00700,2026-07-28 09:20:00,X-sim,user_7557,,"inflation print hot, fed won't cut 😬 #Fed #stocks",-0.75,Macroeconomic,8
T00701,2026-07-28 09:31:00,X-sim,user_8176,MSFT,"$MSFT UNDER INVESTIGATION, THIS COULD GET UGLY #TRADING",-0.591,Regulatory/Legal,6
T00702,2026-07-28 09:32:00,X-sim,user_9107,CVX,"$CVX fined again, regulators not messing around 💬",-0.613,Regulatory/Legal,5
T00703,2026-07-28 09:34:00,X-sim,user_5902,CVX,$CVX getting hammered rn 📉 🤔,-0.505,Other,3
T00704,2026-07-28 10:07:00,X-sim,user_6981,BAC,"$BAC flat, nothing happening",-0.04,Other,1
T00705,2026-07-28 10:08:00,X-sim,user_6118,AMZN,"SOLD MY $AMZN, NOT LIKING THIS #TRADING 🤔",-0.449,Other,4
T00706,2026-07-28 10:23:00,X-sim,user_1836,META,$META new launch looks 🔥 early demand is huge,0.659,Product Launch,7
T00707,2026-07-28 10:27:00,X-sim,user_5030,,"war escalating, markets gonna bleed 😰 #markets",-0.508,Geopolitical,4
T00708,2026-07-28 10:29:00,X-sim,user_5772,AAPL,$AAPL looks bad 😬 bearish 🔥,-0.46,Other,3
T00709,2026-07-28 10:53:00,X-sim,user_4795,,RT @user_6612: recession signals flashing red 🚨 #macro,-0.705,Macroeconomic,6
T00710,2026-07-28 10:59:00,X-sim,user_6995,GS,watching $GS today #investing,0.02,Other,3
T00711,2026-07-28 11:46:00,X-sim,user_8984,,"war escalating, markets gonna bleed 😰 #markets",-0.731,Geopolitical,7
T00712,2026-07-28 11:52:00,X-sim,user_5683,,"jobs data strong, soft landing vibes ✅ #macro",0.606,Macroeconomic,5
T00713,2026-07-28 11:52:00,X-sim,user_5279,CVX,$CVX getting hammered rn 📉,-0.515,Other,3
T00714,2026-07-28 11:57:00,X-sim,user_9873,META,watching $META today,-0.043,Other,3
T00715,2026-07-28 12:08:00,X-sim,user_6705,JPM,$JPM wins approval 🎉 big relief,0.67,Regulatory/Legal,6
T00716,2026-07-28 12:35:00,X-sim,user_3634,NVDA,$NVDA looks bad 😬 bearish #markets,-0.578,Other,4
T00717,2026-07-28 12:44:00,X-sim,user_3409,WMT,"$WMT product recall, yikes 😬 #trading",-0.753,Product Launch,7
T00718,2026-07-28 13:13:00,X-sim,user_7581,KO,anyone have thoughts on $KO?,0.012,Other,2
T00719,2026-07-28 13:56:00,X-sim,user_5843,AMZN,$AMZN missed earnings and cut guide... brutal 📉 #markets,-0.507,Earnings,3
T00720,2026-07-28 14:24:00,X-sim,user_5340,BAC,$BAC breakout incoming?? 🔥,0.287,Other,2
T00721,2026-07-28 15:14:00,X-sim,user_6260,CVX,"$CVX merger facing antitrust heat, deal at risk",-0.519,Merger/Acquisition,3
T00722,2026-07-28 15:40:00,X-sim,user_3829,MSFT,"RT @user_8016: $MSFT credit upgrade, balance sheet looking healthier ✅",0.788,Credit Event,7
T00723,2026-07-28 15:59:00,X-sim,user_8017,META,$META acquisition could be a game changer 👀🔥,0.664,Merger/Acquisition,4
T00724,2026-07-28 16:08:00,X-sim,user_7771,,recession signals flashing red 🚨 #macro #investing,-0.806,Macroeconomic,8
T00725,2026-07-28 16:32:00,X-sim,user_1490,JNJ,ANYONE HAVE THOUGHTS ON $JNJ?,0.003,Other,3
T00726,2026-07-28 16:35:00,X-sim,user_6323,KO,$KO wins approval 🎉 big relief,0.596,Regulatory/Legal,5
T00727,2026-07-28 17:10:00,X-sim,user_8494,CVX,"$CVX debt worries growing, bonds selling off #stocks",-0.448,Credit Event,3
T00728,2026-07-28 17:37:00,X-sim,user_5597,JPM,"$JPM DELAYING THE LAUNCH AGAIN, NOT GOOD",-0.505,Product Launch,4
T00729,2026-07-28 18:27:00,X-sim,user_9584,,sanctions + tariffs = chaos for stocks 📉 #geopolitics #markets,-0.513,Geopolitical,5
T00730,2026-07-28 18:55:00,X-sim,user_4668,JNJ,"$JNJ crushing it, bullish",0.427,Other,2
T00731,2026-07-28 19:03:00,X-sim,user_8614,,sanctions + tariffs = chaos for stocks 📉 #geopolitics,-0.579,Geopolitical,5
T00732,2026-07-28 19:55:00,X-sim,user_7549,GS,$GS wins approval 🎉 big relief #stocks,0.548,Regulatory/Legal,4
T00733,2026-07-29 06:05:00,X-sim,user_2520,GS,"$GS FINED AGAIN, REGULATORS NOT MESSING AROUND",-0.644,Regulatory/Legal,7
T00734,2026-07-29 06:31:00,X-sim,user_9856,AMZN,$AMZN looking strong today 🚀 👀,0.575,Other,4
T00735,2026-07-29 06:36:00,X-sim,user_9521,CVX,ugh $CVX again... down bad 📊,-0.342,Other,3
T00736,2026-07-29 06:51:00,X-sim,user_6485,,"war escalating, markets gonna bleed 😰 #markets 📊",-0.668,Geopolitical,7
T00737,2026-07-29 06:51:00,X-sim,user_9403,META,$META BREAKOUT INCOMING?? 🔥,0.476,Other,3
T00738,2026-07-29 06:59:00,X-sim,user_3366,WMT,"sold my $WMT, not liking this #markets",-0.548,Other,4
T00739,2026-07-29 07:55:00,X-sim,user_2544,AAPL,"$AAPL under investigation, this could get ugly #stocks 🔥",-0.694,Regulatory/Legal,7
T00740,2026-07-29 08:08:00,X-sim,user_3371,META,$META looking strong today 🚀 #trading,0.478,Other,4
T00741,2026-07-29 08:09:00,X-sim,user_4660,META,"$META credit upgrade, balance sheet looking healthier ✅",0.745,Credit Event,7
T00742,2026-07-29 08:57:00,X-sim,user_7339,AMZN,$AMZN getting hammered rn 📉,-0.668,Other,4
T00743,2026-07-29 08:58:00,X-sim,user_3716,CVX,"sold my $CVX, not liking this #markets 👀",-0.467,Other,3
T00744,2026-07-29 09:35:00,X-sim,user_4401,META,RT @user_9777: $META overpaying for this acquisition imo,-0.589,Merger/Acquisition,5
T00745,2026-07-29 10:06:00,X-sim,user_2083,AMZN,"$AMZN debt worries growing, bonds selling off",-0.692,Credit Event,7
T00746,2026-07-29 10:11:00,X-sim,user_9196,KO,$KO breakout incoming?? 🔥 #investing 💬,0.33,Other,2
T00747,2026-07-29 10:19:00,X-sim,user_1600,WMT,"sold my $WMT, not liking this #markets",-0.406,Other,2
T00748,2026-07-29 10:23:00,X-sim,user_4906,XOM,$XOM looking strong today 🚀 #investing,0.381,Other,3
T00749,2026-07-29 10:35:00,X-sim,user_8109,JNJ,$JNJ looks bad 😬 bearish #markets,-0.543,Other,3
T00750,2026-07-29 10:47:00,X-sim,user_5105,AAPL,watching $AAPL today,-0.094,Other,3
T00751,2026-07-29 11:10:00,X-sim,user_9681,PFE,"$PFE downgraded, spreads widening ⚠️ #credit",-0.542,Credit Event,5
T00752,2026-07-29 11:44:00,X-sim,user_6857,JPM,$JPM wins approval 🎉 big relief,0.459,Regulatory/Legal,4
T00753,2026-07-29 12:19:00,X-sim,user_1305,WMT,"$WMT fined again, regulators not messing around 👀",-0.523,Regulatory/Legal,3
T00754,2026-07-29 12:28:00,X-sim,user_8869,MSFT,$MSFT getting hammered rn 📉,-0.477,Other,3
T00755,2026-07-29 12:32:00,X-sim,user_1658,AAPL,$AAPL VOLUME IS LOW TODAY #TRADING,0.131,Other,3
T00756,2026-07-29 12:35:00,X-sim,user_2955,GOOGL,$GOOGL looks bad 😬 bearish,-0.467,Other,2
T00757,2026-07-29 12:39:00,X-sim,user_7367,AMZN,$AMZN breakout incoming?? 🔥,0.491,Other,3
T00758,2026-07-29 13:12:00,X-sim,user_5661,NVDA,ugh $NVDA again... down bad #markets,-0.489,Other,3
T00759,2026-07-29 13:58:00,X-sim,user_6663,AAPL,anyone have thoughts on $AAPL? #stocks,-0.091,Other,1
T00760,2026-07-29 14:28:00,X-sim,user_6939,JPM,RT @user_4177: $JPM looking strong today 🚀,0.385,Other,2
T00761,2026-07-29 15:15:00,X-sim,user_4402,NVDA,$NVDA looking strong today 🚀 📊,0.332,Other,2
T00762,2026-07-29 15:48:00,X-sim,user_4253,JNJ,$JNJ breakout incoming?? 🔥,0.4,Other,2
T00763,2026-07-29 16:47:00,X-sim,user_1829,MSFT,$MSFT looks bad 😬 bearish #stocks,-0.562,Other,4
T00764,2026-07-29 17:15:00,X-sim,user_2847,META,watching $META today #investing,0.012,Other,1
T00765,2026-07-29 17:18:00,X-sim,user_6319,GS,"$GS UNDER INVESTIGATION, THIS COULD GET UGLY",-0.695,Regulatory/Legal,6
T00766,2026-07-29 17:19:00,X-sim,user_8349,KO,"bought more $KO on the dip, feeling good 📈 #trading",0.452,Other,3
T00767,2026-07-29 17:23:00,X-sim,user_7193,AAPL,$AAPL getting hammered rn 📉,-0.434,Other,2
T00768,2026-07-29 17:41:00,X-sim,user_4859,,"war escalating, markets gonna bleed 😰 #markets",-0.706,Geopolitical,8
T00769,2026-07-29 17:50:00,X-sim,user_1347,NVDA,$NVDA earnings beat!! EPS way above estimates 🚀 👀,0.664,Earnings,7
T00770,2026-07-29 17:53:00,X-sim,user_4221,XOM,ANYONE HAVE THOUGHTS ON $XOM?,0.033,Other,2
T00771,2026-07-29 17:57:00,X-sim,user_1493,GS,"$GS flat, nothing happening 🔥",-0.033,Other,1
T00772,2026-07-29 18:04:00,X-sim,user_5757,JNJ,anyone have thoughts on $JNJ?,-0.054,Other,2
T00773,2026-07-29 18:16:00,X-sim,user_7209,WMT,$WMT wins approval 🎉 big relief,0.767,Regulatory/Legal,7
T00774,2026-07-29 18:37:00,X-sim,user_6630,XOM,RT @user_4621: $XOM acquisition could be a game changer 👀🔥,0.502,Merger/Acquisition,3
T00775,2026-07-29 18:38:00,X-sim,user_8353,CVX,"sold my $CVX, not liking this",-0.396,Other,2
T00776,2026-07-29 18:47:00,X-sim,user_2857,GOOGL,"$GOOGL under investigation, this could get ugly",-0.462,Regulatory/Legal,4
T00777,2026-07-29 20:14:00,X-sim,user_7676,JNJ,watching $JNJ today,-0.069,Other,1
T00778,2026-07-29 20:17:00,X-sim,user_2931,NVDA,RT @user_4374: $NVDA acquisition could be a game changer 👀🔥 🤔,0.673,Merger/Acquisition,4
T00779,2026-07-29 20:30:00,X-sim,user_8037,,sanctions + tariffs = chaos for stocks 📉 #geopolitics,-0.621,Geopolitical,6
T00780,2026-07-30 06:15:00,X-sim,user_8920,AMZN,"$AMZN UNDER INVESTIGATION, THIS COULD GET UGLY #STOCKS",-0.735,Regulatory/Legal,7
T00781,2026-07-30 06:45:00,X-sim,user_8386,AMZN,$AMZN MISSED EARNINGS AND CUT GUIDE... BRUTAL 📉 #STOCKS,-0.737,Earnings,7
T00782,2026-07-30 06:50:00,X-sim,user_5536,XOM,$XOM breakout incoming?? 🔥 💬,0.449,Other,2
T00783,2026-07-30 07:33:00,X-sim,user_3055,AMZN,watching $AMZN today,0.013,Other,1
T00784,2026-07-30 08:32:00,X-sim,user_5686,GS,"sold my $GS, not liking this #stocks",-0.387,Other,2
T00785,2026-07-30 08:56:00,X-sim,user_7355,XOM,$XOM NEW LAUNCH LOOKS 🔥 EARLY DEMAND IS HUGE,0.738,Product Launch,7
T00786,2026-07-30 09:19:00,X-sim,user_1386,META,$META acquisition could be a game changer 👀🔥 #markets 👀,0.682,Merger/Acquisition,6
T00787,2026-07-30 09:26:00,X-sim,user_4239,MSFT,"$MSFT flat, nothing happening",-0.057,Other,3
T00788,2026-07-30 09:38:00,X-sim,user_2763,BAC,$BAC new launch looks 🔥 early demand is huge,0.705,Product Launch,5
T00789,2026-07-30 09:40:00,X-sim,user_2210,GS,WATCHING $GS TODAY 🔥,-0.055,Other,3
T00790,2026-07-30 10:12:00,X-sim,user_1573,PFE,$PFE breakout incoming?? 🔥 📊,0.465,Other,3
T00791,2026-07-30 10:14:00,X-sim,user_2998,WMT,"$WMT fined again, regulators not messing around 👀",-0.548,Regulatory/Legal,5
T00792,2026-07-30 10:17:00,X-sim,user_9128,PFE,"$PFE flat, nothing happening #trading",0.048,Other,3
T00793,2026-07-30 10:19:00,X-sim,user_5911,AMZN,watching $AMZN today,0.15,Other,2
T00794,2026-07-30 10:33:00,X-sim,user_4986,AAPL,"sold my $AAPL, not liking this",-0.497,Other,3
T00795,2026-07-30 10:58:00,X-sim,user_8219,AAPL,$AAPL overpaying for this acquisition imo,-0.693,Merger/Acquisition,6
T00796,2026-07-30 11:06:00,X-sim,user_2972,CVX,"sold my $CVX, not liking this #investing 🤔",-0.392,Other,2
T00797,2026-07-30 11:12:00,X-sim,user_2779,GS,$GS looks bad 😬 bearish 📊,-0.447,Other,2
T00798,2026-07-30 11:59:00,X-sim,user_1754,NVDA,"RT @user_2322: $NVDA credit upgrade, balance sheet looking healthier ✅ #investing",0.59,Credit Event,4
T00799,2026-07-30 12:12:00,X-sim,user_9215,WMT,$WMT breakout incoming?? 🔥,0.515,Other,4
T00800,2026-07-30 12:24:00,X-sim,user_7503,CVX,ugh $CVX again... down bad #trading,-0.48,Other,2
T00801,2026-07-30 12:42:00,X-sim,user_6742,GOOGL,$GOOGL MISSED EARNINGS AND CUT GUIDE... BRUTAL 📉,-0.644,Earnings,4
T00802,2026-07-30 13:14:00,X-sim,user_8386,,sanctions + tariffs = chaos for stocks 📉 #geopolitics,-0.797,Geopolitical,8
T00803,2026-07-30 13:17:00,X-sim,user_6850,JPM,$JPM wins approval 🎉 big relief,0.648,Regulatory/Legal,5
T00804,2026-07-30 13:35:00,X-sim,user_5931,BAC,RT @user_4117: $BAC acquisition could be a game changer 👀🔥,0.452,Merger/Acquisition,4
T00805,2026-07-30 14:46:00,X-sim,user_5321,KO,$KO breakout incoming?? 🔥 #trading,0.519,Other,2
T00806,2026-07-30 15:03:00,X-sim,user_9734,XOM,$XOM looks bad 😬 bearish #trading,-0.507,Other,4
T00807,2026-07-30 15:20:00,X-sim,user_9964,WMT,$WMT acquisition could be a game changer 👀🔥,0.587,Merger/Acquisition,3
T00808,2026-07-30 15:25:00,X-sim,user_2288,AAPL,"$AAPL downgraded, spreads widening ⚠️ #credit",-0.607,Credit Event,5
T00809,2026-07-30 15:29:00,X-sim,user_3978,,"inflation print hot, fed won't cut 😬 #Fed 💬",-0.485,Macroeconomic,4
T00810,2026-07-30 15:34:00,X-sim,user_7291,XOM,$XOM GETTING HAMMERED RN 📉,-0.345,Other,2
T00811,2026-07-30 15:44:00,X-sim,user_9038,XOM,$XOM wins approval 🎉 big relief #markets,0.558,Regulatory/Legal,4
T00812,2026-07-30 15:52:00,X-sim,user_9359,WMT,"$WMT smashing guidance, loading up 📈 #investing",0.613,Earnings,5
T00813,2026-07-30 16:38:00,X-sim,user_3009,META,"$META crushing it, bullish",0.502,Other,3
T00814,2026-07-30 16:43:00,X-sim,user_6043,KO,"$KO crushing it, bullish",0.35,Other,2
T00815,2026-07-30 17:35:00,X-sim,user_5597,PFE,$PFE volume is low today,0.014,Other,2
T00816,2026-07-30 18:57:00,X-sim,user_1548,GS,"$GS product recall, yikes 😬 #stocks",-0.678,Product Launch,5
T00817,2026-07-30 19:15:00,X-sim,user_2090,AAPL,$AAPL volume is low today,0.147,Other,1
T00818,2026-07-30 19:36:00,X-sim,user_3063,WMT,$WMT BREAKOUT INCOMING?? 🔥 #MARKETS,0.368,Other,2
T00819,2026-07-30 19:42:00,X-sim,user_3596,KO,$KO LOOKING STRONG TODAY 🚀,0.343,Other,2
T00820,2026-07-30 20:53:00,X-sim,user_6076,XOM,"$XOM flat, nothing happening 🤔",-0.006,Other,2
T00821,2026-07-31 06:23:00,X-sim,user_2605,PFE,$PFE volume is low today,-0.089,Other,3
T00822,2026-07-31 06:27:00,X-sim,user_4460,,"war escalating, markets gonna bleed 😰 #markets",-0.559,Geopolitical,4
T00823,2026-07-31 07:07:00,X-sim,user_7590,BAC,$BAC acquisition could be a game changer 👀🔥 💬,0.681,Merger/Acquisition,6
T00824,2026-07-31 07:11:00,X-sim,user_1062,PFE,"$PFE credit upgrade, balance sheet looking healthier ✅ #markets 💬",0.469,Credit Event,3
T00825,2026-07-31 07:18:00,X-sim,user_2039,NVDA,$NVDA looking strong today 🚀 #trading,0.526,Other,3
T00826,2026-07-31 07:33:00,X-sim,user_3414,META,$META breakout incoming?? 🔥,0.518,Other,4
T00827,2026-07-31 07:37:00,X-sim,user_8357,BAC,"RT @user_7319: $BAC under investigation, this could get ugly",-0.598,Regulatory/Legal,5
T00828,2026-07-31 07:58:00,X-sim,user_7537,WMT,$WMT looking strong today 🚀 🤔,0.468,Other,3
T00829,2026-07-31 08:14:00,X-sim,user_1107,BAC,"$BAC crushing it, bullish",0.342,Other,2
T00830,2026-07-31 08:44:00,X-sim,user_5630,PFE,"bought more $PFE on the dip, feeling good 📈 #investing 💬",0.441,Other,3
T00831,2026-07-31 10:19:00,X-sim,user_4264,CVX,"$CVX CREDIT UPGRADE, BALANCE SHEET LOOKING HEALTHIER ✅",0.627,Credit Event,6
T00832,2026-07-31 10:36:00,X-sim,user_2285,CVX,$CVX BREAKOUT INCOMING?? 🔥,0.539,Other,4
T00833,2026-07-31 11:10:00,X-sim,user_2731,XOM,$XOM breakout incoming?? 🔥,0.478,Other,2
T00834,2026-07-31 11:24:00,X-sim,user_8969,NVDA,"bought more $NVDA on the dip, feeling good 📈",0.325,Other,2
T00835,2026-07-31 11:43:00,X-sim,user_3835,WMT,$WMT overpaying for this acquisition imo,-0.678,Merger/Acquisition,5
T00836,2026-07-31 11:45:00,X-sim,user_6730,NVDA,"bought more $NVDA on the dip, feeling good 📈 #trading",0.486,Other,2
T00837,2026-07-31 12:50:00,X-sim,user_9536,AAPL,$AAPL getting hammered rn 📉,-0.467,Other,2
T00838,2026-07-31 13:23:00,X-sim,user_3265,JNJ,$JNJ looks bad 😬 bearish 👀,-0.64,Other,4
T00839,2026-07-31 13:33:00,X-sim,user_6956,GOOGL,"sold my $GOOGL, not liking this",-0.474,Other,2
T00840,2026-07-31 13:42:00,X-sim,user_5449,GOOGL,RT @user_7510: anyone have thoughts on $GOOGL?,-0.006,Other,1
T00841,2026-07-31 14:22:00,X-sim,user_2151,PFE,"sold my $PFE, not liking this",-0.359,Other,2
T00842,2026-07-31 14:34:00,X-sim,user_2433,AMZN,"$AMZN merger facing antitrust heat, deal at risk 💬",-0.435,Merger/Acquisition,3
T00843,2026-07-31 14:49:00,X-sim,user_1594,MSFT,$MSFT breakout incoming?? 🔥,0.415,Other,3
T00844,2026-07-31 15:02:00,X-sim,user_3105,KO,$KO breakout incoming?? 🔥 #trading,0.443,Other,3
T00845,2026-07-31 15:12:00,X-sim,user_1419,AAPL,RT @user_1831: $AAPL volume is low today 🔥,0.024,Other,1
T00846,2026-07-31 15:39:00,X-sim,user_1864,AAPL,"$AAPL flat, nothing happening",-0.114,Other,3
T00847,2026-07-31 16:34:00,X-sim,user_3301,CVX,"$CVX under investigation, this could get ugly 🤔",-0.486,Regulatory/Legal,3
T00848,2026-07-31 16:57:00,X-sim,user_8506,KO,ugh $KO again... down bad #investing 🔥,-0.648,Other,4
T00849,2026-07-31 17:00:00,X-sim,user_4136,XOM,$XOM breakout incoming?? 🔥 #stocks,0.375,Other,3
T00850,2026-07-31 17:09:00,X-sim,user_4992,KO,anyone have thoughts on $KO?,-0.094,Other,3
T00851,2026-07-31 17:16:00,X-sim,user_4794,JPM,$JPM volume is low today 💬,0.027,Other,1
T00852,2026-07-31 17:25:00,X-sim,user_8729,NVDA,$NVDA volume is low today #markets,0.128,Other,1
T00853,2026-07-31 17:35:00,X-sim,user_9168,NVDA,"$NVDA merger facing antitrust heat, deal at risk #trading",-0.414,Merger/Acquisition,4
T00854,2026-07-31 18:46:00,X-sim,user_3715,JNJ,$JNJ looks bad 😬 bearish 💬,-0.53,Other,3
T00855,2026-07-31 18:57:00,X-sim,user_1997,BAC,"bought more $BAC on the dip, feeling good 📈",0.456,Other,3
T00856,2026-07-31 19:15:00,X-sim,user_5847,NVDA,$NVDA earnings beat!! EPS way above estimates 🚀 #trading,0.715,Earnings,7
T00857,2026-07-31 19:32:00,X-sim,user_4353,PFE,"$PFE under investigation, this could get ugly",-0.452,Regulatory/Legal,3
T00858,2026-07-31 19:52:00,X-sim,user_4184,AAPL,"$AAPL flat, nothing happening #stocks",-0.045,Other,2
T00859,2026-07-31 19:54:00,X-sim,user_9217,CVX,"RT @user_3071: $CVX credit upgrade, balance sheet looking healthier ✅",0.572,Credit Event,3
T00860,2026-07-31 19:57:00,X-sim,user_8511,JNJ,"$JNJ product recall, yikes 😬",-0.554,Product Launch,4
T00861,2026-07-31 19:59:00,X-sim,user_1599,JPM,$JPM breakout incoming?? 🔥 #markets,0.3,Other,2
T00862,2026-07-31 20:01:00,X-sim,user_5767,BAC,"$BAC margins shrinking, earnings were weak 🤔",-0.722,Earnings,7
T00863,2026-07-31 20:58:00,X-sim,user_5952,META,anyone have thoughts on $META?,-0.019,Other,1
T00864,2026-08-03 06:00:00,X-sim,user_7110,MSFT,"bought more $MSFT on the dip, feeling good 📈 💬",0.578,Other,4
T00865,2026-08-03 06:38:00,X-sim,user_8326,KO,RT @user_1743: $KO acquisition could be a game changer 👀🔥,0.572,Merger/Acquisition,4
T00866,2026-08-03 06:48:00,X-sim,user_1352,PFE,$PFE looking strong today 🚀,0.44,Other,4
T00867,2026-08-03 08:10:00,X-sim,user_1448,PFE,watching $PFE today #markets,0.018,Other,3
T00868,2026-08-03 08:14:00,X-sim,user_9102,WMT,"$WMT crushing it, bullish",0.56,Other,4
T00869,2026-08-03 08:58:00,X-sim,user_8735,KO,$KO acquisition could be a game changer 👀🔥 #investing 👀,0.613,Merger/Acquisition,5
T00870,2026-08-03 09:09:00,X-sim,user_3617,AAPL,anyone have thoughts on $AAPL? 📊,0.043,Other,2
T00871,2026-08-03 09:14:00,X-sim,user_1306,JPM,$JPM earnings beat!! EPS way above estimates 🚀 #markets,0.597,Earnings,4
T00872,2026-08-03 10:21:00,X-sim,user_8307,META,RT @user_2322: $META looking strong today 🚀 #trading,0.405,Other,2
T00873,2026-08-03 10:49:00,X-sim,user_1147,AMZN,watching $AMZN today,0.02,Other,3
T00874,2026-08-03 11:28:00,X-sim,user_7288,WMT,"$WMT merger facing antitrust heat, deal at risk",-0.547,Merger/Acquisition,4
T00875,2026-08-03 11:32:00,X-sim,user_3382,KO,RT @user_4713: $KO volume is low today #trading,0.086,Other,3
T00876,2026-08-03 12:36:00,X-sim,user_8801,AAPL,"$AAPL under investigation, this could get ugly",-0.742,Regulatory/Legal,7
T00877,2026-08-03 12:40:00,X-sim,user_5581,CVX,"RT @user_8934: $CVX crushing it, bullish",0.539,Other,4
T00878,2026-08-03 12:49:00,X-sim,user_3977,MSFT,$MSFT looks bad 😬 bearish,-0.469,Other,4
T00879,2026-08-03 12:52:00,X-sim,user_8006,MSFT,"$MSFT merger facing antitrust heat, deal at risk #stocks",-0.392,Merger/Acquisition,3
T00880,2026-08-03 12:56:00,X-sim,user_2398,JNJ,ugh $JNJ again... down bad,-0.564,Other,3
T00881,2026-08-03 13:24:00,X-sim,user_8881,JNJ,$JNJ getting hammered rn 📉,-0.657,Other,4
T00882,2026-08-03 15:03:00,X-sim,user_8193,AAPL,$AAPL wins approval 🎉 big relief 💬,0.427,Regulatory/Legal,3
T00883,2026-08-03 15:19:00,X-sim,user_4551,AMZN,"$AMZN flat, nothing happening",-0.15,Other,1
T00884,2026-08-03 15:35:00,X-sim,user_3107,XOM,"bought more $XOM on the dip, feeling good 📈 #stocks",0.552,Other,2
T00885,2026-08-03 16:08:00,X-sim,user_6690,GS,$GS getting hammered rn 📉,-0.478,Other,4
T00886,2026-08-03 16:41:00,X-sim,user_8789,XOM,anyone have thoughts on $XOM? #investing,-0.06,Other,2
T00887,2026-08-03 16:47:00,X-sim,user_6662,MSFT,anyone have thoughts on $MSFT?,-0.033,Other,2
T00888,2026-08-03 16:58:00,X-sim,user_4539,MSFT,$MSFT looking strong today 🚀 #trading 🔥,0.429,Other,3
T00889,2026-08-03 17:01:00,X-sim,user_4302,AAPL,$AAPL looks bad 😬 bearish,-0.517,Other,4
T00890,2026-08-03 17:30:00,X-sim,user_4936,AMZN,"$AMZN flat, nothing happening 🔥",0.146,Other,1
T00891,2026-08-03 17:34:00,X-sim,user_7319,PFE,"bought more $PFE on the dip, feeling good 📈",0.605,Other,4
T00892,2026-08-03 17:51:00,X-sim,user_8298,KO,watching $KO today,-0.054,Other,3
T00893,2026-08-03 18:16:00,X-sim,user_8325,BAC,$BAC wins approval 🎉 big relief,0.536,Regulatory/Legal,4
T00894,2026-08-03 19:21:00,X-sim,user_6632,CVX,ugh $CVX again... down bad #markets 📊,-0.371,Other,2
T00895,2026-08-03 19:34:00,X-sim,user_8393,WMT,"$WMT flat, nothing happening #stocks",0.05,Other,3
T00896,2026-08-03 20:58:00,X-sim,user_7416,GOOGL,"$GOOGL product recall, yikes 😬",-0.355,Product Launch,3
T00897,2026-08-04 06:39:00,X-sim,user_2371,GOOGL,$GOOGL getting hammered rn 📉,-0.452,Other,3
T00898,2026-08-04 07:07:00,X-sim,user_5368,MSFT,$MSFT earnings beat!! EPS way above estimates 🚀,0.525,Earnings,3
T00899,2026-08-04 07:12:00,X-sim,user_4942,META,$META breakout incoming?? 🔥,0.38,Other,2
T00900,2026-08-04 07:18:00,X-sim,user_8501,WMT,RT @user_1008: $WMT looks bad 😬 bearish #stocks,-0.36,Other,2
T00901,2026-08-04 07:28:00,X-sim,user_6291,JNJ,WATCHING $JNJ TODAY,0.023,Other,1
T00902,2026-08-04 07:56:00,X-sim,user_3310,PFE,"bought more $PFE on the dip, feeling good 📈",0.457,Other,3
T00903,2026-08-04 08:09:00,X-sim,user_3166,JNJ,$JNJ getting hammered rn 📉 🤔,-0.474,Other,2
T00904,2026-08-04 08:23:00,X-sim,user_7848,XOM,$XOM looking strong today 🚀,0.423,Other,2
T00905,2026-08-04 08:39:00,X-sim,user_9466,,"war escalating, markets gonna bleed 😰 #markets",-0.635,Geopolitical,6
T00906,2026-08-04 09:03:00,X-sim,user_6590,MSFT,$MSFT new launch looks 🔥 early demand is huge,0.679,Product Launch,5
T00907,2026-08-04 09:31:00,X-sim,user_1064,AMZN,"$AMZN crushing it, bullish",0.348,Other,3
T00908,2026-08-04 09:37:00,X-sim,user_9140,NVDA,"$NVDA crushing it, bullish",0.465,Other,3
T00909,2026-08-04 09:46:00,X-sim,user_3576,META,"$META credit upgrade, balance sheet looking healthier ✅",0.555,Credit Event,4
T00910,2026-08-04 10:15:00,X-sim,user_4082,JNJ,"$JNJ PRODUCT RECALL, YIKES 😬",-0.587,Product Launch,5
T00911,2026-08-04 10:33:00,X-sim,user_4085,GS,"bought more $GS on the dip, feeling good 📈 #stocks",0.415,Other,3
T00912,2026-08-04 11:16:00,X-sim,user_4688,PFE,watching $PFE today,0.019,Other,2
T00913,2026-08-04 12:00:00,X-sim,user_2301,WMT,$WMT earnings beat!! EPS way above estimates 🚀,0.659,Earnings,6
T00914,2026-08-04 12:14:00,X-sim,user_7933,CVX,"$CVX crushing it, bullish #investing 👀",0.393,Other,3
T00915,2026-08-04 12:29:00,X-sim,user_4439,,"war escalating, markets gonna bleed 😰 #markets",-0.828,Geopolitical,8
T00916,2026-08-04 12:34:00,X-sim,user_6765,MSFT,$MSFT new launch looks 🔥 early demand is huge,0.639,Product Launch,6
T00917,2026-08-04 12:44:00,X-sim,user_9928,MSFT,RT @user_3269: watching $MSFT today,0.07,Other,2
T00918,2026-08-04 12:46:00,X-sim,user_9848,,"inflation print hot, fed won't cut 😬 #Fed",-0.619,Macroeconomic,5
T00919,2026-08-04 13:27:00,X-sim,user_8026,BAC,$BAC volume is low today 👀,0.061,Other,3
T00920,2026-08-04 14:46:00,X-sim,user_5033,JNJ,$JNJ getting hammered rn 📉 🤔,-0.513,Other,3
T00921,2026-08-04 16:55:00,X-sim,user_2734,AMZN,"sold my $AMZN, not liking this #stocks",-0.369,Other,2
T00922,2026-08-04 17:09:00,X-sim,user_1245,,recession signals flashing red 🚨 #macro #trading,-0.571,Macroeconomic,4
T00923,2026-08-04 18:19:00,X-sim,user_4668,BAC,"$BAC FLAT, NOTHING HAPPENING",-0.019,Other,2
T00924,2026-08-04 18:47:00,X-sim,user_6858,AAPL,"bought more $AAPL on the dip, feeling good 📈 🤔",0.365,Other,2
T00925,2026-08-04 19:28:00,X-sim,user_5694,AAPL,"$AAPL margins shrinking, earnings were weak",-0.669,Earnings,5
T00926,2026-08-04 20:23:00,X-sim,user_2103,GOOGL,"$GOOGL fined again, regulators not messing around",-0.649,Regulatory/Legal,5
T00927,2026-08-04 20:35:00,X-sim,user_4926,GOOGL,$GOOGL volume is low today,-0.081,Other,2
T00928,2026-08-05 06:00:00,X-sim,user_2058,GS,$GS breakout incoming?? 🔥 #trading,0.346,Other,3
T00929,2026-08-05 06:24:00,X-sim,user_4972,META,"$META flat, nothing happening #markets",-0.064,Other,1
T00930,2026-08-05 07:01:00,X-sim,user_1940,JPM,$JPM looking strong today 🚀 📊,0.558,Other,4
T00931,2026-08-05 07:23:00,X-sim,user_3219,AAPL,"$AAPL flat, nothing happening",0.005,Other,2
T00932,2026-08-05 07:47:00,X-sim,user_8493,MSFT,"RT @user_5464: $MSFT crushing it, bullish 🤔",0.318,Other,2
T00933,2026-08-05 07:52:00,X-sim,user_2231,AAPL,"$AAPL downgraded, spreads widening ⚠️ #credit #investing",-0.681,Credit Event,4
T00934,2026-08-05 08:49:00,X-sim,user_3382,JPM,$JPM earnings beat!! EPS way above estimates 🚀,0.698,Earnings,6
T00935,2026-08-05 08:57:00,X-sim,user_3213,CVX,"sold my $CVX, not liking this #trading",-0.561,Other,3
T00936,2026-08-05 09:02:00,X-sim,user_9263,WMT,anyone have thoughts on $WMT?,-0.069,Other,2
T00937,2026-08-05 09:32:00,X-sim,user_2850,BAC,anyone have thoughts on $BAC? 📊,-0.044,Other,1
T00938,2026-08-05 09:35:00,X-sim,user_2191,AAPL,$AAPL overpaying for this acquisition imo 📊,-0.592,Merger/Acquisition,4
T00939,2026-08-05 09:35:00,X-sim,user_9420,,RECESSION SIGNALS FLASHING RED 🚨 #MACRO #TRADING 👀,-0.629,Macroeconomic,5
T00940,2026-08-05 10:09:00,X-sim,user_9315,WMT,$WMT volume is low today,-0.02,Other,1
T00941,2026-08-05 10:13:00,X-sim,user_8490,PFE,RT @user_8440: anyone have thoughts on $PFE?,-0.127,Other,2
T00942,2026-08-05 10:43:00,X-sim,user_2163,,"WAR ESCALATING, MARKETS GONNA BLEED 😰 #MARKETS #STOCKS",-0.598,Geopolitical,5
T00943,2026-08-05 10:53:00,X-sim,user_7163,NVDA,"BOUGHT MORE $NVDA ON THE DIP, FEELING GOOD 📈",0.491,Other,3
T00944,2026-08-05 11:28:00,X-sim,user_9854,META,$META volume is low today,0.004,Other,2
T00945,2026-08-05 11:55:00,X-sim,user_1735,AMZN,ugh $AMZN again... down bad #stocks,-0.546,Other,4
T00946,2026-08-05 12:11:00,X-sim,user_8106,GS,$GS looking strong today 🚀 #markets,0.49,Other,3
T00947,2026-08-05 12:16:00,X-sim,user_7617,PFE,$PFE wins approval 🎉 big relief #trading 💬,0.641,Regulatory/Legal,6
T00948,2026-08-05 12:28:00,X-sim,user_7257,KO,$KO new launch looks 🔥 early demand is huge 💬,0.648,Product Launch,6
T00949,2026-08-05 12:50:00,X-sim,user_9078,META,RT @user_5516: WATCHING $META TODAY,0.15,Other,1
T00950,2026-08-05 13:57:00,X-sim,user_1746,AAPL,$AAPL looking strong today 🚀,0.338,Other,2
T00951,2026-08-05 14:03:00,X-sim,user_3373,META,anyone have thoughts on $META?,-0.035,Other,1
T00952,2026-08-05 14:07:00,X-sim,user_2447,JPM,"$JPM credit upgrade, balance sheet looking healthier ✅ #stocks",0.783,Credit Event,7
T00953,2026-08-05 14:35:00,X-sim,user_8538,AMZN,ugh $AMZN again... down bad #markets,-0.433,Other,3
T00954,2026-08-05 15:16:00,X-sim,user_1058,,"war escalating, markets gonna bleed 😰 #markets 📊",-0.887,Geopolitical,8
T00955,2026-08-05 15:25:00,X-sim,user_4208,AAPL,"$AAPL downgraded, spreads widening ⚠️ #credit",-0.523,Credit Event,5
T00956,2026-08-05 15:29:00,X-sim,user_2211,AMZN,"$AMZN product recall, yikes 😬",-0.48,Product Launch,4
T00957,2026-08-05 15:39:00,X-sim,user_9832,GS,anyone have thoughts on $GS?,-0.018,Other,2
T00958,2026-08-05 15:40:00,X-sim,user_7905,AAPL,watching $AAPL today #investing,0.004,Other,2
T00959,2026-08-05 15:41:00,X-sim,user_8925,BAC,anyone have thoughts on $BAC?,-0.037,Other,2
T00960,2026-08-05 15:52:00,X-sim,user_9905,JPM,$JPM looking strong today 🚀,0.348,Other,2
T00961,2026-08-05 16:33:00,X-sim,user_5713,META,"$META crushing it, bullish",0.594,Other,4
T00962,2026-08-05 18:12:00,X-sim,user_9195,BAC,$BAC acquisition could be a game changer 👀🔥 #stocks,0.536,Merger/Acquisition,4
T00963,2026-08-05 18:20:00,X-sim,user_3429,,RT @user_8390: sanctions + tariffs = chaos for stocks 📉 #geopolitics #investing,-0.576,Geopolitical,5
T00964,2026-08-05 18:54:00,X-sim,user_5861,NVDA,"$NVDA flat, nothing happening #markets 👀",0.022,Other,3
T00965,2026-08-05 20:09:00,X-sim,user_6738,NVDA,watching $NVDA today #markets,-0.056,Other,3
T00966,2026-08-05 20:38:00,X-sim,user_6334,AAPL,"$AAPL SMASHING GUIDANCE, LOADING UP 📈",0.696,Earnings,6
T00967,2026-08-06 06:00:00,X-sim,user_3636,MSFT,ugh $MSFT again... down bad 🔥,-0.483,Other,2
T00968,2026-08-06 06:12:00,X-sim,user_1038,KO,$KO looking strong today 🚀 💬,0.464,Other,3
T00969,2026-08-06 07:33:00,X-sim,user_4106,GOOGL,"$GOOGL smashing guidance, loading up 📈",0.636,Earnings,5
T00970,2026-08-06 07:47:00,X-sim,user_7817,,"inflation print hot, fed won't cut 😬 #Fed #investing 👀",-0.804,Macroeconomic,8
T00971,2026-08-06 08:09:00,X-sim,user_3198,,recession signals flashing red 🚨 #macro,-0.876,Macroeconomic,8
T00972,2026-08-06 08:26:00,X-sim,user_6058,CVX,"$CVX fined again, regulators not messing around",-0.852,Regulatory/Legal,7
T00973,2026-08-06 08:30:00,X-sim,user_4216,JPM,$JPM volume is low today,-0.15,Other,3
T00974,2026-08-06 08:41:00,X-sim,user_2488,GS,$GS new launch looks 🔥 early demand is huge #investing 💬,0.766,Product Launch,6
T00975,2026-08-06 08:52:00,X-sim,user_6518,WMT,$WMT breakout incoming?? 🔥,0.467,Other,2
T00976,2026-08-06 08:56:00,X-sim,user_2191,WMT,"$WMT delaying the launch again, not good 📊",-0.684,Product Launch,7
T00977,2026-08-06 09:32:00,X-sim,user_1735,,sanctions + tariffs = chaos for stocks 📉 #geopolitics #markets,-0.683,Geopolitical,5
T00978,2026-08-06 10:20:00,X-sim,user_4863,KO,$KO LOOKING STRONG TODAY 🚀 #STOCKS,0.398,Other,3
T00979,2026-08-06 11:16:00,X-sim,user_8767,XOM,$XOM volume is low today,-0.036,Other,1
T00980,2026-08-06 11:22:00,X-sim,user_3148,BAC,anyone have thoughts on $BAC?,-0.043,Other,2
T00981,2026-08-06 11:33:00,X-sim,user_7810,WMT,watching $WMT today #investing 🤔,-0.034,Other,3
T00982,2026-08-06 12:10:00,X-sim,user_7285,XOM,$XOM wins approval 🎉 big relief #markets,0.818,Regulatory/Legal,7
T00983,2026-08-06 12:22:00,X-sim,user_1626,XOM,anyone have thoughts on $XOM?,0.03,Other,1
T00984,2026-08-06 12:44:00,X-sim,user_2532,XOM,"sold my $XOM, not liking this",-0.338,Other,3
T00985,2026-08-06 12:52:00,X-sim,user_2552,AAPL,"$AAPL product recall, yikes 😬",-0.745,Product Launch,7
T00986,2026-08-06 13:07:00,X-sim,user_2546,PFE,"$PFE crushing it, bullish",0.561,Other,4
T00987,2026-08-06 13:27:00,X-sim,user_1087,GS,watching $GS today 👀,-0.039,Other,2
T00988,2026-08-06 13:29:00,X-sim,user_1220,JPM,$JPM breakout incoming?? 🔥 #markets 💬,0.394,Other,2
T00989,2026-08-06 13:34:00,X-sim,user_1605,NVDA,$NVDA breakout incoming?? 🔥 💬,0.377,Other,3
T00990,2026-08-06 13:38:00,X-sim,user_5210,PFE,"BOUGHT MORE $PFE ON THE DIP, FEELING GOOD 📈 👀",0.442,Other,4
T00991,2026-08-06 13:44:00,X-sim,user_8958,AAPL,$AAPL looks bad 😬 bearish,-0.362,Other,2
T00992,2026-08-06 14:17:00,X-sim,user_7812,,"war escalating, markets gonna bleed 😰 #markets",-0.801,Geopolitical,7
T00993,2026-08-06 14:18:00,X-sim,user_1091,KO,"$KO merger facing antitrust heat, deal at risk",-0.54,Merger/Acquisition,3
T00994,2026-08-06 14:26:00,X-sim,user_5685,JPM,$JPM volume is low today,-0.003,Other,3
T00995,2026-08-06 14:31:00,X-sim,user_7020,,sanctions + tariffs = chaos for stocks 📉 #geopolitics,-0.518,Geopolitical,4
T00996,2026-08-06 14:58:00,X-sim,user_8570,,sanctions + tariffs = chaos for stocks 📉 #geopolitics,-0.693,Geopolitical,5
T00997,2026-08-06 15:15:00,X-sim,user_5558,GOOGL,$GOOGL volume is low today,0.084,Other,3
T00998,2026-08-06 15:17:00,X-sim,user_3560,XOM,$XOM volume is low today #trading 🔥,-0.091,Other,1
T00999,2026-08-06 15:42:00,X-sim,user_3797,JPM,$JPM looking strong today 🚀,0.475,Other,2
T01000,2026-08-06 16:09:00,X-sim,user_2996,NVDA,$NVDA volume is low today,-0.007,Other,1
T01001,2026-08-06 16:25:00,X-sim,user_1285,BAC,watching $BAC today,-0.02,Other,1
T01002,2026-08-06 16:30:00,X-sim,user_9796,JPM,"$JPM smashing guidance, loading up 📈",0.604,Earnings,5
T01003,2026-08-06 16:50:00,X-sim,user_3005,WMT,$WMT volume is low today,-0.088,Other,2
T01004,2026-08-06 17:12:00,X-sim,user_1213,JPM,ANYONE HAVE THOUGHTS ON $JPM? #STOCKS,-0.095,Other,1
T01005,2026-08-06 17:18:00,X-sim,user_1105,XOM,"$XOM credit upgrade, balance sheet looking healthier ✅",0.643,Credit Event,6
T01006,2026-08-06 17:22:00,X-sim,user_7818,GS,$GS breakout incoming?? 🔥,0.428,Other,3
T01007,2026-08-06 17:24:00,X-sim,user_8425,BAC,"RT @user_9687: sold my $BAC, not liking this 🤔",-0.421,Other,4
T01008,2026-08-06 17:34:00,X-sim,user_4983,BAC,$BAC missed earnings and cut guide... brutal 📉,-0.581,Earnings,5
T01009,2026-08-06 17:54:00,X-sim,user_7192,META,ugh $META again... down bad #markets,-0.574,Other,4
T01010,2026-08-06 18:07:00,X-sim,user_8005,BAC,ugh $BAC again... down bad,-0.349,Other,2
T01011,2026-08-06 18:15:00,X-sim,user_4021,AAPL,$AAPL looking strong today 🚀,0.426,Other,2
T01012,2026-08-06 18:32:00,X-sim,user_3628,AMZN,"$AMZN flat, nothing happening #markets",-0.035,Other,1
T01013,2026-08-06 19:20:00,X-sim,user_8086,,"inflation print hot, fed won't cut 😬 #Fed #stocks 👀",-0.584,Macroeconomic,5
T01014,2026-08-06 19:41:00,X-sim,user_7237,XOM,"bought more $XOM on the dip, feeling good 📈",0.256,Other,2
T01015,2026-08-06 19:55:00,X-sim,user_6830,NVDA,"bought more $NVDA on the dip, feeling good 📈",0.559,Other,4
T01016,2026-08-06 20:13:00,X-sim,user_8537,PFE,$PFE LOOKS BAD 😬 BEARISH #MARKETS 🤔,-0.458,Other,2
T01017,2026-08-06 20:19:00,X-sim,user_5651,WMT,watching $WMT today,0.102,Other,3
T01018,2026-08-06 20:25:00,X-sim,user_4050,BAC,$BAC LOOKS BAD 😬 BEARISH #TRADING,-0.373,Other,2
T01019,2026-08-06 20:39:00,X-sim,user_7300,META,$META volume is low today #stocks 💬,0.074,Other,1
T01020,2026-08-07 06:01:00,X-sim,user_1284,GS,"bought more $GS on the dip, feeling good 📈 #investing",0.497,Other,3
T01021,2026-08-07 06:35:00,X-sim,user_2571,KO,$KO BREAKOUT INCOMING?? 🔥 #INVESTING,0.642,Other,4
T01022,2026-08-07 07:00:00,X-sim,user_4006,JNJ,$JNJ volume is low today,0.082,Other,2
T01023,2026-08-07 07:11:00,X-sim,user_5676,,recession signals flashing red 🚨 #macro #markets,-0.675,Macroeconomic,6
T01024,2026-08-07 07:35:00,X-sim,user_6278,JNJ,$JNJ looks bad 😬 bearish #markets,-0.369,Other,2
T01025,2026-08-07 08:36:00,X-sim,user_6197,MSFT,$MSFT looks bad 😬 bearish,-0.556,Other,4
T01026,2026-08-07 09:20:00,X-sim,user_6931,GOOGL,$GOOGL looking strong today 🚀,0.588,Other,4
T01027,2026-08-07 09:27:00,X-sim,user_9590,WMT,$WMT wins approval 🎉 big relief,0.719,Regulatory/Legal,6
T01028,2026-08-07 09:29:00,X-sim,user_7273,KO,"RT @user_8703: $KO downgraded, spreads widening ⚠️ #credit",-0.593,Credit Event,6
T01029,2026-08-07 09:45:00,X-sim,user_5656,NVDA,$NVDA looking strong today 🚀 #markets 📊,0.49,Other,3
T01030,2026-08-07 10:15:00,X-sim,user_8697,,recession signals flashing red 🚨 #macro #trading,-0.502,Macroeconomic,4
T01031,2026-08-07 10:35:00,X-sim,user_6825,PFE,"$PFE product recall, yikes 😬 👀",-0.424,Product Launch,4
T01032,2026-08-07 10:35:00,X-sim,user_5192,BAC,ugh $BAC again... down bad,-0.586,Other,4
T01033,2026-08-07 10:43:00,X-sim,user_4768,AAPL,"sold my $AAPL, not liking this",-0.406,Other,3
T01034,2026-08-07 10:45:00,X-sim,user_7146,KO,$KO acquisition could be a game changer 👀🔥 #markets,0.515,Merger/Acquisition,4
T01035,2026-08-07 11:14:00,X-sim,user_4590,XOM,"$XOM flat, nothing happening #markets 🔥",0.05,Other,2
T01036,2026-08-07 11:20:00,X-sim,user_8801,,"WAR ESCALATING, MARKETS GONNA BLEED 😰 #MARKETS",-0.705,Geopolitical,6
T01037,2026-08-07 11:47:00,X-sim,user_4839,JNJ,"bought more $JNJ on the dip, feeling good 📈",0.494,Other,4
T01038,2026-08-07 12:32:00,X-sim,user_9826,MSFT,"RT @user_2145: $MSFT crushing it, bullish #trading",0.344,Other,2
T01039,2026-08-07 12:35:00,X-sim,user_8404,JPM,$JPM volume is low today,0.081,Other,2
T01040,2026-08-07 12:52:00,X-sim,user_1950,MSFT,watching $MSFT today,-0.101,Other,1
T01041,2026-08-07 13:01:00,X-sim,user_9242,PFE,watching $PFE today,-0.036,Other,2
T01042,2026-08-07 13:33:00,X-sim,user_1816,JPM,$JPM earnings beat!! EPS way above estimates 🚀,0.569,Earnings,6
T01043,2026-08-07 13:59:00,X-sim,user_9570,,sanctions + tariffs = chaos for stocks 📉 #geopolitics,-0.678,Geopolitical,8
T01044,2026-08-07 14:35:00,X-sim,user_5846,WMT,ugh $WMT again... down bad 💬,-0.549,Other,4
T01045,2026-08-07 14:44:00,X-sim,user_4689,AAPL,"sold my $AAPL, not liking this",-0.607,Other,4
T01046,2026-08-07 15:14:00,X-sim,user_2902,PFE,"bought more $PFE on the dip, feeling good 📈 💬",0.464,Other,4
T01047,2026-08-07 15:15:00,X-sim,user_9588,JNJ,"$JNJ fined again, regulators not messing around",-0.738,Regulatory/Legal,7
T01048,2026-08-07 16:01:00,X-sim,user_3383,NVDA,$NVDA looks bad 😬 bearish #investing,-0.573,Other,4
T01049,2026-08-07 16:07:00,X-sim,user_6032,GOOGL,$GOOGL breakout incoming?? 🔥 #stocks,0.686,Other,4
T01050,2026-08-07 16:22:00,X-sim,user_9518,GS,watching $GS today,-0.027,Other,2
T01051,2026-08-07 16:44:00,X-sim,user_4573,PFE,"$PFE flat, nothing happening #investing",-0.062,Other,3
T01052,2026-08-07 17:10:00,X-sim,user_2663,,RECESSION SIGNALS FLASHING RED 🚨 #MACRO 🔥,-0.802,Macroeconomic,8
T01053,2026-08-07 18:01:00,X-sim,user_3101,META,"sold my $META, not liking this #investing",-0.4,Other,2
T01054,2026-08-07 18:38:00,X-sim,user_7898,GS,$GS breakout incoming?? 🔥,0.599,Other,4
T01055,2026-08-07 18:48:00,X-sim,user_4789,META,"$META smashing guidance, loading up 📈 🔥",0.698,Earnings,7
T01056,2026-08-07 18:48:00,X-sim,user_4611,JPM,"$JPM crushing it, bullish",0.542,Other,4
T01057,2026-08-07 19:12:00,X-sim,user_3003,KO,"$KO crushing it, bullish",0.586,Other,4
T01058,2026-08-07 19:26:00,X-sim,user_9248,CVX,$CVX volume is low today,0.021,Other,1
T01059,2026-08-07 19:32:00,X-sim,user_3882,GOOGL,"$GOOGL SMASHING GUIDANCE, LOADING UP 📈 #TRADING",0.409,Earnings,3
T01060,2026-08-07 19:42:00,X-sim,user_8366,AAPL,watching $AAPL today 💬,0.018,Other,1
T01061,2026-08-07 19:49:00,X-sim,user_3076,AAPL,"$AAPL crushing it, bullish #stocks",0.487,Other,2
T01062,2026-08-07 20:19:00,X-sim,user_9357,CVX,$CVX getting hammered rn 📉,-0.564,Other,4
T01063,2026-08-10 06:33:00,X-sim,user_5925,META,$META getting hammered rn 📉,-0.505,Other,3
T01064,2026-08-10 07:08:00,X-sim,user_3963,AMZN,"$AMZN margins shrinking, earnings were weak #markets 💬",-0.696,Earnings,7
T01065,2026-08-10 09:11:00,X-sim,user_6829,NVDA,$NVDA breakout incoming?? 🔥,0.463,Other,4
T01066,2026-08-10 09:21:00,X-sim,user_2562,META,$META wins approval 🎉 big relief #investing,0.562,Regulatory/Legal,6
T01067,2026-08-10 09:44:00,X-sim,user_4031,JNJ,$JNJ missed earnings and cut guide... brutal 📉 🔥,-0.616,Earnings,5
T01068,2026-08-10 10:07:00,X-sim,user_3779,NVDA,"bought more $NVDA on the dip, feeling good 📈 🤔",0.34,Other,2
T01069,2026-08-10 10:25:00,X-sim,user_6038,META,$META looking strong today 🚀,0.479,Other,2
T01070,2026-08-10 11:07:00,X-sim,user_2239,GS,$GS volume is low today #trading,-0.018,Other,1
T01071,2026-08-10 11:09:00,X-sim,user_8562,CVX,"bought more $CVX on the dip, feeling good 📈 #markets",0.508,Other,3
T01072,2026-08-10 12:18:00,X-sim,user_3825,GS,$GS acquisition could be a game changer 👀🔥,0.437,Merger/Acquisition,3
T01073,2026-08-10 12:24:00,X-sim,user_2560,,sanctions + tariffs = chaos for stocks 📉 #geopolitics,-0.822,Geopolitical,8
T01074,2026-08-10 12:42:00,X-sim,user_1062,MSFT,"$MSFT crushing it, bullish",0.276,Other,2
T01075,2026-08-10 12:51:00,X-sim,user_2772,WMT,"$WMT under investigation, this could get ugly #trading",-0.572,Regulatory/Legal,4
T01076,2026-08-10 14:01:00,X-sim,user_9375,,RECESSION SIGNALS FLASHING RED 🚨 #MACRO,-0.687,Macroeconomic,8
T01077,2026-08-10 14:04:00,X-sim,user_7569,JPM,$JPM breakout incoming?? 🔥,0.603,Other,3
T01078,2026-08-10 14:34:00,X-sim,user_3821,JPM,"sold my $JPM, not liking this",-0.406,Other,3
T01079,2026-08-10 14:36:00,X-sim,user_7027,KO,"$KO crushing it, bullish #stocks",0.33,Other,2
T01080,2026-08-10 15:25:00,X-sim,user_5499,CVX,$CVX looks bad 😬 bearish,-0.545,Other,4
T01081,2026-08-10 15:43:00,X-sim,user_5810,KO,RT @user_4229: $KO acquisition could be a game changer 👀🔥 #markets 📊,0.78,Merger/Acquisition,7
T01082,2026-08-10 15:48:00,X-sim,user_4822,,"inflation print hot, fed won't cut 😬 #Fed",-0.607,Macroeconomic,4
T01083,2026-08-10 16:00:00,X-sim,user_4619,XOM,$XOM looking strong today 🚀,0.411,Other,3
T01084,2026-08-10 16:23:00,X-sim,user_7580,JPM,$JPM acquisition could be a game changer 👀🔥,0.558,Merger/Acquisition,4
T01085,2026-08-10 17:49:00,X-sim,user_9863,BAC,"$BAC under investigation, this could get ugly #investing",-0.674,Regulatory/Legal,4
T01086,2026-08-10 18:26:00,X-sim,user_6246,,"war escalating, markets gonna bleed 😰 #markets #trading",-0.794,Geopolitical,7
T01087,2026-08-10 18:43:00,X-sim,user_5568,NVDA,"$NVDA smashing guidance, loading up 📈",0.65,Earnings,5
T01088,2026-08-10 19:06:00,X-sim,user_5060,BAC,"$BAC under investigation, this could get ugly",-0.398,Regulatory/Legal,3
T01089,2026-08-10 20:05:00,X-sim,user_5569,JNJ,$JNJ looking strong today 🚀 #trading,0.441,Other,2
T01090,2026-08-10 20:21:00,X-sim,user_2682,GS,"$GS FLAT, NOTHING HAPPENING",-0.044,Other,1
T01091,2026-08-10 20:34:00,X-sim,user_7707,GS,$GS breakout incoming?? 🔥 🤔,0.378,Other,3
T01092,2026-08-10 20:37:00,X-sim,user_3331,JPM,$JPM breakout incoming?? 🔥 #stocks,0.511,Other,4
T01093,2026-08-10 20:42:00,X-sim,user_7799,AMZN,$AMZN getting hammered rn 📉,-0.543,Other,4
T01094,2026-08-11 06:15:00,X-sim,user_8152,BAC,$BAC looks bad 😬 bearish,-0.598,Other,4
T01095,2026-08-11 06:39:00,X-sim,user_7349,AAPL,$AAPL volume is low today #investing,0.031,Other,1
T01096,2026-08-11 07:37:00,X-sim,user_6123,KO,$KO looking strong today 🚀 #stocks,0.573,Other,4
T01097,2026-08-11 07:53:00,X-sim,user_1305,GOOGL,$GOOGL acquisition could be a game changer 👀🔥,0.686,Merger/Acquisition,7
T01098,2026-08-11 08:56:00,X-sim,user_4831,WMT,ugh $WMT again... down bad #trading,-0.488,Other,3
T01099,2026-08-11 09:19:00,X-sim,user_6563,AAPL,"$AAPL crushing it, bullish 🔥",0.477,Other,4
T01100,2026-08-11 09:34:00,X-sim,user_4130,JPM,$JPM looking strong today 🚀,0.44,Other,2
T01101,2026-08-11 09:38:00,X-sim,user_8458,,"war escalating, markets gonna bleed 😰 #markets #trading",-0.843,Geopolitical,8
T01102,2026-08-11 10:22:00,X-sim,user_3981,JNJ,"$JNJ credit upgrade, balance sheet looking healthier ✅ 💬",0.536,Credit Event,4
T01103,2026-08-11 11:15:00,X-sim,user_3786,JPM,"$JPM flat, nothing happening #investing",-0.033,Other,3
T01104,2026-08-11 11:23:00,X-sim,user_9362,,"INFLATION PRINT HOT, FED WON'T CUT 😬 #FED 🤔",-0.767,Macroeconomic,8
T01105,2026-08-11 11:27:00,X-sim,user_8642,KO,$KO volume is low today,-0.146,Other,3
T01106,2026-08-11 12:12:00,X-sim,user_6890,CVX,"$CVX product recall, yikes 😬",-0.632,Product Launch,5
T01107,2026-08-11 12:14:00,X-sim,user_4205,JNJ,$JNJ wins approval 🎉 big relief,0.555,Regulatory/Legal,5
T01108,2026-08-11 12:41:00,X-sim,user_6690,MSFT,$MSFT looks bad 😬 bearish 🤔,-0.542,Other,4
T01109,2026-08-11 12:44:00,X-sim,user_9240,PFE,"$PFE debt worries growing, bonds selling off 📊",-0.687,Credit Event,7
T01110,2026-08-11 13:40:00,X-sim,user_6964,BAC,RT @user_5874: $BAC looks bad 😬 bearish #markets,-0.385,Other,2
T01111,2026-08-11 14:02:00,X-sim,user_8297,MSFT,"bought more $MSFT on the dip, feeling good 📈",0.612,Other,4
T01112,2026-08-11 14:26:00,X-sim,user_1389,JNJ,"$JNJ flat, nothing happening",0.081,Other,2
T01113,2026-08-11 14:51:00,X-sim,user_2189,AMZN,ugh $AMZN again... down bad,-0.387,Other,3
T01114,2026-08-11 15:07:00,X-sim,user_9177,PFE,"$PFE crushing it, bullish",0.496,Other,4
T01115,2026-08-11 15:19:00,X-sim,user_6022,AMZN,ugh $AMZN again... down bad,-0.506,Other,3
T01116,2026-08-11 15:21:00,X-sim,user_2531,PFE,$PFE breakout incoming?? 🔥 #stocks,0.337,Other,2
T01117,2026-08-11 15:57:00,X-sim,user_6500,CVX,$CVX getting hammered rn 📉,-0.469,Other,4
T01118,2026-08-11 15:59:00,X-sim,user_3724,BAC,"$BAC debt worries growing, bonds selling off #investing",-0.557,Credit Event,5
T01119,2026-08-11 16:17:00,X-sim,user_1596,JNJ,"$JNJ flat, nothing happening",0.014,Other,2
T01120,2026-08-11 16:32:00,X-sim,user_1261,AAPL,"$AAPL under investigation, this could get ugly",-0.509,Regulatory/Legal,4
T01121,2026-08-11 16:38:00,X-sim,user_6060,CVX,"$CVX merger facing antitrust heat, deal at risk 🔥",-0.602,Merger/Acquisition,5
T01122,2026-08-11 17:00:00,X-sim,user_7331,PFE,$PFE breakout incoming?? 🔥,0.483,Other,4
T01123,2026-08-11 17:10:00,X-sim,user_3107,XOM,$XOM wins approval 🎉 big relief,0.593,Regulatory/Legal,5
T01124,2026-08-11 17:27:00,X-sim,user_3074,NVDA,anyone have thoughts on $NVDA? #trading,-0.121,Other,1
T01125,2026-08-11 18:31:00,X-sim,user_9525,JPM,$JPM earnings beat!! EPS way above estimates 🚀 #trading,0.721,Earnings,6
T01126,2026-08-11 18:51:00,X-sim,user_2275,KO,$KO volume is low today,0.029,Other,3
T01127,2026-08-11 19:17:00,X-sim,user_8479,XOM,UGH $XOM AGAIN... DOWN BAD #MARKETS,-0.375,Other,2
T01128,2026-08-11 19:22:00,X-sim,user_5030,META,$META new launch looks 🔥 early demand is huge,0.631,Product Launch,5
T01129,2026-08-11 19:52:00,X-sim,user_8246,WMT,anyone have thoughts on $WMT?,0.02,Other,2
T01130,2026-08-11 19:54:00,X-sim,user_3057,WMT,"$WMT flat, nothing happening #investing",-0.09,Other,2
T01131,2026-08-11 20:04:00,X-sim,user_3918,WMT,"$WMT delaying the launch again, not good #investing 🔥",-0.706,Product Launch,6
T01132,2026-08-11 20:16:00,X-sim,user_4433,XOM,watching $XOM today #investing,-0.01,Other,1
T01133,2026-08-11 20:28:00,X-sim,user_8762,,"war escalating, markets gonna bleed 😰 #markets",-0.81,Geopolitical,6
T01134,2026-08-11 20:29:00,X-sim,user_7229,XOM,"$XOM merger facing antitrust heat, deal at risk 🤔",-0.818,Merger/Acquisition,7
T01135,2026-08-11 20:35:00,X-sim,user_7986,JPM,anyone have thoughts on $JPM? 📊,0.0,Other,3
T01136,2026-08-11 20:52:00,X-sim,user_3864,AMZN,$AMZN LOOKS BAD 😬 BEARISH,-0.577,Other,4
T01137,2026-08-11 20:53:00,X-sim,user_3741,NVDA,watching $NVDA today,0.051,Other,2
T01138,2026-08-12 06:06:00,X-sim,user_3013,NVDA,$NVDA looking strong today 🚀,0.393,Other,2
T01139,2026-08-12 06:19:00,X-sim,user_8498,BAC,"$BAC flat, nothing happening",0.035,Other,3
T01140,2026-08-12 06:36:00,X-sim,user_7612,,RT @user_6077: ceasefire!! risk on 🟢 #markets,0.607,Geopolitical,7
T01141,2026-08-12 06:56:00,X-sim,user_7214,PFE,ugh $PFE again... down bad #stocks,-0.406,Other,3
T01142,2026-08-12 07:44:00,X-sim,user_4255,PFE,watching $PFE today #stocks,-0.015,Other,1
T01143,2026-08-12 07:57:00,X-sim,user_2134,BAC,$BAC looks bad 😬 bearish 🤔,-0.57,Other,4
T01144,2026-08-12 08:20:00,X-sim,user_7719,JPM,UGH $JPM AGAIN... DOWN BAD #STOCKS 💬,-0.544,Other,3
T01145,2026-08-12 08:25:00,X-sim,user_6522,PFE,$PFE looks bad 😬 bearish,-0.55,Other,4
T01146,2026-08-12 08:31:00,X-sim,user_7831,AMZN,$AMZN looks bad 😬 bearish,-0.464,Other,3
T01147,2026-08-12 09:08:00,X-sim,user_8390,PFE,"$PFE product recall, yikes 😬 #trading",-0.621,Product Launch,5
T01148,2026-08-12 09:24:00,X-sim,user_3946,CVX,$CVX looks bad 😬 bearish,-0.444,Other,3
T01149,2026-08-12 10:05:00,X-sim,user_2011,GOOGL,"bought more $GOOGL on the dip, feeling good 📈 #trading",0.591,Other,2
T01150,2026-08-12 10:18:00,X-sim,user_6436,,sanctions + tariffs = chaos for stocks 📉 #geopolitics 💬,-0.815,Geopolitical,7
T01151,2026-08-12 10:28:00,X-sim,user_3905,NVDA,"RT @user_2280: $NVDA flat, nothing happening",-0.068,Other,2
T01152,2026-08-12 10:28:00,X-sim,user_6184,,"cpi cooled, rate cuts soon? 📈 #Fed #markets",0.838,Macroeconomic,6
T01153,2026-08-12 10:47:00,X-sim,user_5687,KO,"bought more $KO on the dip, feeling good 📈",0.388,Other,2
T01154,2026-08-12 10:54:00,X-sim,user_6345,JNJ,"$JNJ crushing it, bullish",0.307,Other,2
T01155,2026-08-12 11:02:00,X-sim,user_9419,MSFT,watching $MSFT today 👀,-0.098,Other,1
T01156,2026-08-12 11:38:00,X-sim,user_1268,BAC,ugh $BAC again... down bad #markets 👀,-0.36,Other,3
T01157,2026-08-12 12:07:00,X-sim,user_9678,AMZN,ugh $AMZN again... down bad #investing,-0.499,Other,4
T01158,2026-08-12 12:22:00,X-sim,user_5752,GOOGL,$GOOGL acquisition could be a game changer 👀🔥,0.518,Merger/Acquisition,4
T01159,2026-08-12 13:36:00,X-sim,user_4329,CVX,$CVX missed earnings and cut guide... brutal 📉,-0.469,Earnings,3
T01160,2026-08-12 13:38:00,X-sim,user_1919,AAPL,"$AAPL smashing guidance, loading up 📈",0.583,Earnings,6
T01161,2026-08-12 13:59:00,X-sim,user_7088,JNJ,"$JNJ flat, nothing happening #trading",-0.015,Other,2
T01162,2026-08-12 14:13:00,X-sim,user_7102,JPM,"sold my $JPM, not liking this",-0.446,Other,2
T01163,2026-08-12 14:48:00,X-sim,user_1581,NVDA,$NVDA volume is low today,-0.15,Other,2
T01164,2026-08-12 15:28:00,X-sim,user_4475,JPM,$JPM new launch looks 🔥 early demand is huge,0.516,Product Launch,4
T01165,2026-08-12 15:36:00,X-sim,user_4339,JPM,$JPM earnings beat!! EPS way above estimates 🚀,0.462,Earnings,4
T01166,2026-08-12 17:18:00,X-sim,user_6896,AMZN,"sold my $AMZN, not liking this #trading 📊",-0.547,Other,2
T01167,2026-08-12 17:19:00,X-sim,user_6626,XOM,"$XOM product recall, yikes 😬 #stocks",-0.739,Product Launch,6
T01168,2026-08-12 17:19:00,X-sim,user_1862,XOM,anyone have thoughts on $XOM? #stocks,-0.079,Other,1
T01169,2026-08-12 18:04:00,X-sim,user_5596,,"WAR ESCALATING, MARKETS GONNA BLEED 😰 #MARKETS #INVESTING",-0.682,Geopolitical,7
T01170,2026-08-12 18:51:00,X-sim,user_8543,JPM,"$JPM flat, nothing happening #investing",-0.028,Other,1
T01171,2026-08-12 19:02:00,X-sim,user_6294,CVX,ugh $CVX again... down bad #trading,-0.548,Other,3
T01172,2026-08-12 19:06:00,X-sim,user_2779,JPM,$JPM looks bad 😬 bearish,-0.436,Other,3
T01173,2026-08-12 19:07:00,X-sim,user_7667,XOM,RT @user_9643: $XOM breakout incoming?? 🔥,0.485,Other,4
T01174,2026-08-12 19:22:00,X-sim,user_5012,BAC,$BAC LOOKS BAD 😬 BEARISH 🤔,-0.516,Other,2
T01175,2026-08-12 19:32:00,X-sim,user_5925,PFE,$PFE looks bad 😬 bearish #markets,-0.44,Other,2
T01176,2026-08-12 19:42:00,X-sim,user_2684,MSFT,$MSFT wins approval 🎉 big relief,0.763,Regulatory/Legal,7
T01177,2026-08-12 20:01:00,X-sim,user_6068,WMT,"RT @user_5108: sold my $WMT, not liking this #trading",-0.463,Other,3
T01178,2026-08-12 20:04:00,X-sim,user_2091,GOOGL,"$GOOGL flat, nothing happening",-0.012,Other,1
T01179,2026-08-12 20:09:00,X-sim,user_7712,KO,"bought more $KO on the dip, feeling good 📈 🤔",0.485,Other,3
T01180,2026-08-12 20:32:00,X-sim,user_1814,,"inflation print hot, fed won't cut 😬 #Fed #trading",-0.676,Macroeconomic,6
T01181,2026-08-12 20:50:00,X-sim,user_9642,KO,$KO NEW LAUNCH LOOKS 🔥 EARLY DEMAND IS HUGE,0.578,Product Launch,5
T01182,2026-08-13 06:08:00,X-sim,user_4589,META,$META breakout incoming?? 🔥,0.524,Other,4
T01183,2026-08-13 06:40:00,X-sim,user_9574,,RT @user_7425: RECESSION SIGNALS FLASHING RED 🚨 #MACRO #MARKETS,-0.63,Macroeconomic,6
T01184,2026-08-13 06:46:00,X-sim,user_9755,PFE,watching $PFE today #stocks,-0.076,Other,3
T01185,2026-08-13 07:19:00,X-sim,user_4829,AAPL,"RT @user_4482: sold my $AAPL, not liking this",-0.455,Other,4
T01186,2026-08-13 07:45:00,X-sim,user_3005,AAPL,"$AAPL credit upgrade, balance sheet looking healthier ✅",0.538,Credit Event,4
T01187,2026-08-13 08:34:00,X-sim,user_4182,KO,RT @user_1165: $KO looking strong today 🚀,0.306,Other,2
T01188,2026-08-13 09:25:00,X-sim,user_8068,JPM,"$JPM merger facing antitrust heat, deal at risk #markets",-0.743,Merger/Acquisition,7
T01189,2026-08-13 11:35:00,X-sim,user_4067,BAC,RT @user_7513: $BAC GETTING HAMMERED RN 📉,-0.435,Other,3
T01190,2026-08-13 12:11:00,X-sim,user_1344,AAPL,$AAPL breakout incoming?? 🔥,0.627,Other,4
T01191,2026-08-13 12:14:00,X-sim,user_1232,NVDA,$NVDA earnings beat!! EPS way above estimates 🚀,0.32,Earnings,3
T01192,2026-08-13 12:15:00,X-sim,user_7062,KO,"$KO credit upgrade, balance sheet looking healthier ✅",0.663,Credit Event,6
T01193,2026-08-13 12:28:00,X-sim,user_4456,JNJ,UGH $JNJ AGAIN... DOWN BAD,-0.536,Other,4
T01194,2026-08-13 12:39:00,X-sim,user_3039,,"inflation print hot, fed won't cut 😬 #Fed #investing",-0.834,Macroeconomic,8
T01195,2026-08-13 12:46:00,X-sim,user_5634,META,"RT @user_8925: $META merger facing antitrust heat, deal at risk",-0.766,Merger/Acquisition,6
T01196,2026-08-13 13:02:00,X-sim,user_7228,AAPL,$AAPL volume is low today,-0.055,Other,3
T01197,2026-08-13 13:13:00,X-sim,user_1702,WMT,"$WMT under investigation, this could get ugly #trading 👀",-0.489,Regulatory/Legal,3
T01198,2026-08-13 13:58:00,X-sim,user_9122,NVDA,$NVDA breakout incoming?? 🔥 📊,0.574,Other,4
T01199,2026-08-13 15:07:00,X-sim,user_5615,WMT,$WMT missed earnings and cut guide... brutal 📉,-0.327,Earnings,3
T01200,2026-08-13 15:24:00,X-sim,user_4433,WMT,$WMT missed earnings and cut guide... brutal 📉 #trading,-0.557,Earnings,6
T01201,2026-08-13 15:27:00,X-sim,user_6714,AMZN,"sold my $AMZN, not liking this #trading",-0.393,Other,3
T01202,2026-08-13 15:54:00,X-sim,user_7912,XOM,$XOM breakout incoming?? 🔥,0.393,Other,2
T01203,2026-08-13 16:06:00,X-sim,user_4548,WMT,"sold my $WMT, not liking this",-0.314,Other,2
T01204,2026-08-13 16:15:00,X-sim,user_5208,,"inflation print hot, fed won't cut 😬 #Fed #investing",-0.605,Macroeconomic,6
T01205,2026-08-13 16:50:00,X-sim,user_5609,NVDA,"bought more $NVDA on the dip, feeling good 📈",0.557,Other,3
T01206,2026-08-13 17:13:00,X-sim,user_9820,JNJ,$JNJ looking strong today 🚀,0.587,Other,4
T01207,2026-08-13 17:13:00,X-sim,user_6728,BAC,RT @user_6995: $BAC breakout incoming?? 🔥,0.459,Other,3
T01208,2026-08-13 17:35:00,X-sim,user_3238,,"war escalating, markets gonna bleed 😰 #markets",-0.481,Geopolitical,4
T01209,2026-08-13 18:06:00,X-sim,user_4978,AAPL,$AAPL getting hammered rn 📉 #investing,-0.522,Other,3
T01210,2026-08-13 18:26:00,X-sim,user_5763,NVDA,"bought more $NVDA on the dip, feeling good 📈",0.527,Other,4
T01211,2026-08-13 19:05:00,X-sim,user_8617,,"RT @user_4091: inflation print hot, fed won't cut 😬 #Fed #markets",-0.582,Macroeconomic,5
T01212,2026-08-13 19:06:00,X-sim,user_5764,AMZN,"$AMZN flat, nothing happening",0.043,Other,2
T01213,2026-08-13 19:07:00,X-sim,user_9100,BAC,"$BAC downgraded, spreads widening ⚠️ #credit",-0.756,Credit Event,7
T01214,2026-08-13 19:47:00,X-sim,user_3495,GOOGL,watching $GOOGL today 💬,-0.044,Other,1
T01215,2026-08-13 19:50:00,X-sim,user_5084,GS,"$GS flat, nothing happening #investing",-0.077,Other,2
T01216,2026-08-13 20:28:00,X-sim,user_4375,,"inflation print hot, fed won't cut 😬 #Fed #stocks",-0.607,Macroeconomic,4
T01217,2026-08-13 20:50:00,X-sim,user_5519,PFE,$PFE looking strong today 🚀 #stocks,0.468,Other,4
T01218,2026-08-14 06:06:00,X-sim,user_4512,META,anyone have thoughts on $META?,-0.073,Other,1
T01219,2026-08-14 06:23:00,X-sim,user_1197,XOM,$XOM volume is low today 💬,0.009,Other,2
T01220,2026-08-14 06:24:00,X-sim,user_8740,MSFT,"$MSFT merger facing antitrust heat, deal at risk 👀",-0.636,Merger/Acquisition,5
T01221,2026-08-14 06:53:00,X-sim,user_7782,META,RT @user_8172: watching $META today #trading,0.004,Other,2
T01222,2026-08-14 06:56:00,X-sim,user_9723,GOOGL,"$GOOGL credit upgrade, balance sheet looking healthier ✅",0.714,Credit Event,6
T01223,2026-08-14 07:12:00,X-sim,user_2161,KO,"bought more $KO on the dip, feeling good 📈 #investing",0.424,Other,3
T01224,2026-08-14 07:40:00,X-sim,user_7493,JPM,$JPM LOOKS BAD 😬 BEARISH,-0.566,Other,4
T01225,2026-08-14 08:04:00,X-sim,user_8398,GOOGL,$GOOGL breakout incoming?? 🔥,0.333,Other,2
T01226,2026-08-14 08:14:00,X-sim,user_4235,XOM,"$XOM smashing guidance, loading up 📈",0.633,Earnings,6
T01227,2026-08-14 09:05:00,X-sim,user_3666,JPM,$JPM breakout incoming?? 🔥 #markets,0.462,Other,4
T01228,2026-08-14 10:04:00,X-sim,user_1557,META,$META looking strong today 🚀,0.568,Other,4
T01229,2026-08-14 10:05:00,X-sim,user_6754,GOOGL,anyone have thoughts on $GOOGL?,0.15,Other,2
T01230,2026-08-14 10:24:00,X-sim,user_4731,PFE,anyone have thoughts on $PFE?,-0.068,Other,3
T01231,2026-08-14 10:50:00,X-sim,user_1586,,recession signals flashing red 🚨 #macro,-0.606,Macroeconomic,5
T01232,2026-08-14 10:59:00,X-sim,user_5955,JPM,"sold my $JPM, not liking this",-0.399,Other,3
T01233,2026-08-14 12:01:00,X-sim,user_5196,XOM,"$XOM SMASHING GUIDANCE, LOADING UP 📈 #INVESTING",0.677,Earnings,7
T01234,2026-08-14 12:03:00,X-sim,user_1666,XOM,$XOM OVERPAYING FOR THIS ACQUISITION IMO 🔥,-0.646,Merger/Acquisition,6
T01235,2026-08-14 12:06:00,X-sim,user_6463,GOOGL,"bought more $GOOGL on the dip, feeling good 📈",0.371,Other,2
T01236,2026-08-14 12:09:00,X-sim,user_5411,,recession signals flashing red 🚨 #macro #investing 🤔,-0.792,Macroeconomic,8
T01237,2026-08-14 12:10:00,X-sim,user_6796,KO,$KO getting hammered rn 📉,-0.483,Other,2
T01238,2026-08-14 12:24:00,X-sim,user_1046,KO,"$KO crushing it, bullish",0.336,Other,2
T01239,2026-08-14 12:38:00,X-sim,user_6700,,"inflation print hot, fed won't cut 😬 #Fed",-0.589,Macroeconomic,6
T01240,2026-08-14 13:18:00,X-sim,user_3596,CVX,"sold my $CVX, not liking this 🤔",-0.371,Other,2
T01241,2026-08-14 13:57:00,X-sim,user_7193,MSFT,"sold my $MSFT, not liking this #trading",-0.424,Other,2
T01242,2026-08-14 14:03:00,X-sim,user_6451,AAPL,$AAPL getting hammered rn 📉,-0.422,Other,2
T01243,2026-08-14 14:33:00,X-sim,user_5958,NVDA,$NVDA earnings beat!! EPS way above estimates 🚀,0.769,Earnings,7
T01244,2026-08-14 14:56:00,X-sim,user_4490,GOOGL,$GOOGL volume is low today,0.064,Other,3
T01245,2026-08-14 15:04:00,X-sim,user_2530,PFE,$PFE breakout incoming?? 🔥,0.461,Other,3
T01246,2026-08-14 15:19:00,X-sim,user_8525,BAC,ugh $BAC again... down bad #markets 👀,-0.36,Other,2
T01247,2026-08-14 15:24:00,X-sim,user_1182,AAPL,"$AAPL fined again, regulators not messing around #stocks",-0.594,Regulatory/Legal,6
T01248,2026-08-14 15:30:00,X-sim,user_7074,,recession signals flashing red 🚨 #macro 💬,-0.683,Macroeconomic,6
T01249,2026-08-14 15:54:00,X-sim,user_9959,,"war escalating, markets gonna bleed 😰 #markets #investing",-0.687,Geopolitical,6
T01250,2026-08-14 16:13:00,X-sim,user_8794,MSFT,"$MSFT product recall, yikes 😬 #investing",-0.459,Product Launch,3
T01251,2026-08-14 17:05:00,X-sim,user_9411,JNJ,"$JNJ delaying the launch again, not good",-0.615,Product Launch,5
T01252,2026-08-14 17:34:00,X-sim,user_5261,CVX,"$CVX debt worries growing, bonds selling off",-0.665,Credit Event,7
T01253,2026-08-14 17:50:00,X-sim,user_4631,CVX,$CVX looks bad 😬 bearish 🤔,-0.376,Other,3
T01254,2026-08-14 17:51:00,X-sim,user_9884,WMT,$WMT overpaying for this acquisition imo,-0.766,Merger/Acquisition,7
T01255,2026-08-14 17:56:00,X-sim,user_8202,PFE,"$PFE under investigation, this could get ugly",-0.68,Regulatory/Legal,6
T01256,2026-08-14 18:05:00,X-sim,user_4862,JPM,$JPM volume is low today #markets 📊,-0.123,Other,2
T01257,2026-08-14 18:06:00,X-sim,user_1774,CVX,ugh $CVX again... down bad #investing 📊,-0.562,Other,4
T01258,2026-08-14 18:07:00,X-sim,user_6878,META,$META breakout incoming?? 🔥 #investing,0.652,Other,4
T01259,2026-08-14 18:36:00,X-sim,user_4781,JPM,$JPM LOOKS BAD 😬 BEARISH 👀,-0.57,Other,4
T01260,2026-08-14 18:56:00,X-sim,user_5734,WMT,watching $WMT today #markets,-0.015,Other,1
T01261,2026-08-14 19:05:00,X-sim,user_3505,KO,"RT @user_5604: $KO credit upgrade, balance sheet looking healthier ✅ #stocks",0.608,Credit Event,7
T01262,2026-08-14 19:23:00,X-sim,user_2263,GOOGL,anyone have thoughts on $GOOGL?,0.024,Other,2
T01263,2026-08-14 19:24:00,X-sim,user_3112,MSFT,anyone have thoughts on $MSFT?,-0.045,Other,2
T01264,2026-08-14 19:32:00,X-sim,user_2308,WMT,"$WMT flat, nothing happening",-0.004,Other,2
T01265,2026-08-14 19:51:00,X-sim,user_4138,XOM,watching $XOM today #markets,0.076,Other,3
T01266,2026-08-14 19:57:00,X-sim,user_9212,,"inflation print hot, fed won't cut 😬 #Fed #trading",-0.825,Macroeconomic,7
T01267,2026-08-14 20:36:00,X-sim,user_4375,PFE,$PFE looks bad 😬 bearish,-0.464,Other,4
T01268,2026-08-17 06:50:00,X-sim,user_9943,WMT,"$WMT flat, nothing happening",-0.048,Other,1
T01269,2026-08-17 06:59:00,X-sim,user_5864,WMT,ugh $WMT again... down bad #stocks,-0.573,Other,3
T01270,2026-08-17 07:11:00,X-sim,user_3710,JPM,$JPM getting hammered rn 📉 📊,-0.546,Other,3
T01271,2026-08-17 07:44:00,X-sim,user_7498,AAPL,"$AAPL CRUSHING IT, BULLISH",0.346,Other,2
T01272,2026-08-17 07:48:00,X-sim,user_5207,KO,UGH $KO AGAIN... DOWN BAD,-0.408,Other,2
T01273,2026-08-17 08:38:00,X-sim,user_4060,CVX,$CVX missed earnings and cut guide... brutal 📉 🔥,-0.644,Earnings,7
T01274,2026-08-17 08:44:00,X-sim,user_6082,CVX,"$CVX delaying the launch again, not good",-0.491,Product Launch,3
T01275,2026-08-17 09:01:00,X-sim,user_2967,GOOGL,RT @user_7965: $GOOGL looking strong today 🚀 #markets,0.472,Other,3
T01276,2026-08-17 09:10:00,X-sim,user_1118,JNJ,ugh $JNJ again... down bad #stocks,-0.437,Other,2
T01277,2026-08-17 09:52:00,X-sim,user_4750,JPM,$JPM volume is low today,0.06,Other,2
T01278,2026-08-17 10:11:00,X-sim,user_7695,WMT,"sold my $WMT, not liking this",-0.492,Other,3
T01279,2026-08-17 10:17:00,X-sim,user_8564,BAC,"$BAC flat, nothing happening",-0.029,Other,3
T01280,2026-08-17 10:43:00,X-sim,user_2150,XOM,watching $XOM today #investing,-0.028,Other,2
T01281,2026-08-17 11:44:00,X-sim,user_4334,GS,anyone have thoughts on $GS? 📊,-0.011,Other,2
T01282,2026-08-17 11:49:00,X-sim,user_9574,AAPL,ugh $AAPL again... down bad,-0.468,Other,2
T01283,2026-08-17 12:32:00,X-sim,user_1164,JPM,"RT @user_3756: $JPM flat, nothing happening",0.062,Other,1
T01284,2026-08-17 12:39:00,X-sim,user_2554,AAPL,"sold my $AAPL, not liking this",-0.392,Other,2
T01285,2026-08-17 13:03:00,X-sim,user_6152,JNJ,$JNJ MISSED EARNINGS AND CUT GUIDE... BRUTAL 📉 #INVESTING 🤔,-0.655,Earnings,6
T01286,2026-08-17 13:15:00,X-sim,user_3065,JNJ,$JNJ missed earnings and cut guide... brutal 📉 🔥,-0.884,Earnings,7
T01287,2026-08-17 13:19:00,X-sim,user_2790,CVX,"RT @user_8591: sold my $CVX, not liking this #trading",-0.43,Other,2
T01288,2026-08-17 13:37:00,X-sim,user_4886,AMZN,"$AMZN PRODUCT RECALL, YIKES 😬",-0.606,Product Launch,5
T01289,2026-08-17 14:22:00,X-sim,user_9179,KO,$KO breakout incoming?? 🔥 #markets,0.4,Other,2
T01290,2026-08-17 14:41:00,X-sim,user_6884,WMT,"sold my $WMT, not liking this",-0.405,Other,2
T01291,2026-08-17 15:23:00,X-sim,user_2282,BAC,$BAC getting hammered rn 📉,-0.421,Other,2
T01292,2026-08-17 15:27:00,X-sim,user_4291,AAPL,"RT @user_2612: sold my $AAPL, not liking this",-0.466,Other,2
T01293,2026-08-17 16:26:00,X-sim,user_2469,GOOGL,watching $GOOGL today #investing,-0.037,Other,3
T01294,2026-08-17 16:54:00,X-sim,user_4225,BAC,"$BAC debt worries growing, bonds selling off #markets",-0.544,Credit Event,4
T01295,2026-08-17 17:14:00,X-sim,user_4798,CVX,"$CVX flat, nothing happening",0.019,Other,1
T01296,2026-08-17 17:15:00,X-sim,user_2259,GOOGL,$GOOGL breakout incoming?? 🔥,0.4,Other,2
T01297,2026-08-17 17:38:00,X-sim,user_5826,WMT,$WMT overpaying for this acquisition imo,-0.737,Merger/Acquisition,7
T01298,2026-08-17 17:54:00,X-sim,user_1103,WMT,WATCHING $WMT TODAY #MARKETS 🔥,-0.111,Other,2
T01299,2026-08-17 18:18:00,X-sim,user_3765,MSFT,$MSFT breakout incoming?? 🔥,0.415,Other,2
T01300,2026-08-17 18:24:00,X-sim,user_5179,GOOGL,$GOOGL acquisition could be a game changer 👀🔥,0.517,Merger/Acquisition,3
T01301,2026-08-17 18:28:00,X-sim,user_6668,BAC,"$BAC under investigation, this could get ugly #stocks",-0.489,Regulatory/Legal,4
T01302,2026-08-17 18:33:00,X-sim,user_6199,JNJ,"$JNJ FLAT, NOTHING HAPPENING #INVESTING",0.004,Other,3
T01303,2026-08-17 18:40:00,X-sim,user_9830,JPM,"$JPM PRODUCT RECALL, YIKES 😬 #STOCKS",-0.83,Product Launch,7
T01304,2026-08-17 19:20:00,X-sim,user_3882,AAPL,$AAPL getting hammered rn 📉,-0.493,Other,3
T01305,2026-08-17 19:28:00,X-sim,user_9860,XOM,$XOM missed earnings and cut guide... brutal 📉,-0.633,Earnings,5
T01306,2026-08-17 19:56:00,X-sim,user_6050,JPM,$JPM looks bad 😬 bearish 🤔,-0.434,Other,2
T01307,2026-08-17 20:05:00,X-sim,user_2181,MSFT,"sold my $MSFT, not liking this",-0.448,Other,2
T01308,2026-08-17 20:09:00,X-sim,user_5746,JNJ,$JNJ wins approval 🎉 big relief #trading,0.821,Regulatory/Legal,7
T01309,2026-08-17 20:23:00,X-sim,user_9642,NVDA,$NVDA breakout incoming?? 🔥 🤔,0.49,Other,4
T01310,2026-08-17 20:39:00,X-sim,user_3902,META,anyone have thoughts on $META?,-0.06,Other,2
T01311,2026-08-17 20:59:00,X-sim,user_3795,AAPL,"$AAPL product recall, yikes 😬 #trading 🔥",-0.702,Product Launch,6
T01312,2026-08-18 06:30:00,X-sim,user_2696,KO,ANYONE HAVE THOUGHTS ON $KO? #INVESTING,-0.004,Other,3
T01313,2026-08-18 07:09:00,X-sim,user_7751,PFE,"$PFE debt worries growing, bonds selling off",-0.758,Credit Event,5
T01314,2026-08-18 07:26:00,X-sim,user_3721,KO,$KO looking strong today 🚀,0.498,Other,3
T01315,2026-08-18 07:58:00,X-sim,user_4603,NVDA,$NVDA new launch looks 🔥 early demand is huge 🔥,0.488,Product Launch,3
T01316,2026-08-18 08:06:00,X-sim,user_2098,JPM,$JPM volume is low today,0.009,Other,2
T01317,2026-08-18 08:27:00,X-sim,user_4295,GOOGL,$GOOGL breakout incoming?? 🔥,0.541,Other,4
T01318,2026-08-18 08:44:00,X-sim,user_1643,XOM,watching $XOM today #investing,0.019,Other,3
T01319,2026-08-18 08:51:00,X-sim,user_3789,GS,"$GS CRUSHING IT, BULLISH",0.459,Other,2
T01320,2026-08-18 09:23:00,X-sim,user_8071,CVX,"$CVX FLAT, NOTHING HAPPENING",0.03,Other,2
T01321,2026-08-18 09:24:00,X-sim,user_4407,GS,"bought more $GS on the dip, feeling good 📈",0.42,Other,4
T01322,2026-08-18 09:43:00,X-sim,user_9839,PFE,$PFE volume is low today,0.058,Other,2
T01323,2026-08-18 09:45:00,X-sim,user_9601,XOM,$XOM looks bad 😬 bearish,-0.253,Other,2
T01324,2026-08-18 09:53:00,X-sim,user_7801,XOM,RT @user_3868: $XOM wins approval 🎉 big relief,0.644,Regulatory/Legal,5
T01325,2026-08-18 10:33:00,X-sim,user_2173,GOOGL,"$GOOGL flat, nothing happening #investing",0.12,Other,3
T01326,2026-08-18 10:39:00,X-sim,user_1488,NVDA,$NVDA volume is low today #investing 👀,0.034,Other,1
T01327,2026-08-18 11:04:00,X-sim,user_5666,PFE,"RT @user_7245: $PFE flat, nothing happening #trading",0.109,Other,1
T01328,2026-08-18 11:24:00,X-sim,user_9456,,recession signals flashing red 🚨 #macro,-0.799,Macroeconomic,8
T01329,2026-08-18 11:40:00,X-sim,user_4668,META,watching $META today #investing,-0.034,Other,1
T01330,2026-08-18 11:42:00,X-sim,user_7763,XOM,$XOM breakout incoming?? 🔥 #trading 📊,0.502,Other,3
T01331,2026-08-18 12:40:00,X-sim,user_2320,META,watching $META today 💬,-0.087,Other,2
T01332,2026-08-18 12:41:00,X-sim,user_7313,AMZN,$AMZN getting hammered rn 📉,-0.498,Other,4
T01333,2026-08-18 13:14:00,X-sim,user_3152,XOM,ugh $XOM again... down bad,-0.614,Other,4
T01334,2026-08-18 13:23:00,X-sim,user_2882,BAC,watching $BAC today,-0.025,Other,1
T01335,2026-08-18 13:29:00,X-sim,user_4237,GOOGL,RT @user_9877: watching $GOOGL today #markets,0.053,Other,3
T01336,2026-08-18 13:37:00,X-sim,user_9099,NVDA,$NVDA earnings beat!! EPS way above estimates 🚀 #investing,0.576,Earnings,4
T01337,2026-08-18 14:12:00,X-sim,user_4352,BAC,ugh $BAC again... down bad #markets,-0.348,Other,2
T01338,2026-08-18 14:15:00,X-sim,user_5356,NVDA,$NVDA looks bad 😬 bearish,-0.527,Other,4
T01339,2026-08-18 14:32:00,X-sim,user_5197,PFE,"sold my $PFE, not liking this",-0.465,Other,4
T01340,2026-08-18 15:09:00,X-sim,user_5363,XOM,$XOM wins approval 🎉 big relief,0.539,Regulatory/Legal,4
T01341,2026-08-18 15:32:00,X-sim,user_6087,MSFT,"$MSFT fined again, regulators not messing around",-0.421,Regulatory/Legal,3
T01342,2026-08-18 16:00:00,X-sim,user_1037,WMT,"$WMT margins shrinking, earnings were weak",-0.459,Earnings,3
T01343,2026-08-18 16:02:00,X-sim,user_4754,XOM,"$XOM crushing it, bullish",0.516,Other,4
T01344,2026-08-18 16:21:00,X-sim,user_9295,MSFT,"$MSFT credit upgrade, balance sheet looking healthier ✅",0.781,Credit Event,6
T01345,2026-08-18 16:56:00,X-sim,user_7258,XOM,"$XOM CRUSHING IT, BULLISH #STOCKS",0.309,Other,2
T01346,2026-08-18 16:59:00,X-sim,user_1014,NVDA,$NVDA volume is low today,0.001,Other,3
T01347,2026-08-18 17:09:00,X-sim,user_9638,WMT,$WMT overpaying for this acquisition imo,-0.456,Merger/Acquisition,4
T01348,2026-08-18 17:13:00,X-sim,user_1171,AAPL,ugh $AAPL again... down bad,-0.474,Other,2
T01349,2026-08-18 17:18:00,X-sim,user_8327,JNJ,$JNJ looks bad 😬 bearish,-0.487,Other,2
T01350,2026-08-18 17:23:00,X-sim,user_5930,AAPL,"sold my $AAPL, not liking this",-0.339,Other,2
T01351,2026-08-18 17:34:00,X-sim,user_2123,META,$META wins approval 🎉 big relief 📊,0.62,Regulatory/Legal,4
T01352,2026-08-18 17:39:00,X-sim,user_6394,BAC,"RT @user_3814: $BAC under investigation, this could get ugly",-0.721,Regulatory/Legal,5
T01353,2026-08-18 17:40:00,X-sim,user_4303,AMZN,"$AMZN under investigation, this could get ugly 🤔",-0.492,Regulatory/Legal,4
T01354,2026-08-18 18:11:00,X-sim,user_7504,JPM,$JPM overpaying for this acquisition imo,-0.713,Merger/Acquisition,7
T01355,2026-08-18 18:27:00,X-sim,user_9378,,recession signals flashing red 🚨 #macro,-0.816,Macroeconomic,8
T01356,2026-08-18 18:31:00,X-sim,user_9301,KO,$KO looking strong today 🚀,0.41,Other,2
T01357,2026-08-18 18:56:00,X-sim,user_9611,KO,"$KO downgraded, spreads widening ⚠️ #credit",-0.677,Credit Event,7
T01358,2026-08-18 19:27:00,X-sim,user_1906,AMZN,watching $AMZN today,0.143,Other,3
T01359,2026-08-18 19:50:00,X-sim,user_7753,NVDA,$NVDA looking strong today 🚀 💬,0.42,Other,3
T01360,2026-08-18 19:56:00,X-sim,user_3758,JPM,RT @user_7595: WATCHING $JPM TODAY,0.015,Other,1
T01361,2026-08-18 20:33:00,X-sim,user_3386,WMT,$WMT LOOKS BAD 😬 BEARISH,-0.608,Other,4
T01362,2026-08-18 20:38:00,X-sim,user_9024,GOOGL,$GOOGL looking strong today 🚀,0.396,Other,2
T01363,2026-08-18 20:39:00,X-sim,user_1139,NVDA,$NVDA acquisition could be a game changer 👀🔥,0.737,Merger/Acquisition,7
T01364,2026-08-19 06:42:00,X-sim,user_7564,GS,$GS breakout incoming?? 🔥 #trading,0.537,Other,4
T01365,2026-08-19 06:47:00,X-sim,user_9951,JNJ,"$JNJ debt worries growing, bonds selling off",-0.474,Credit Event,4
T01366,2026-08-19 07:20:00,X-sim,user_4074,AAPL,"$AAPL flat, nothing happening",-0.069,Other,2
T01367,2026-08-19 07:42:00,X-sim,user_6292,PFE,ugh $PFE again... down bad,-0.496,Other,4
T01368,2026-08-19 07:42:00,X-sim,user_2574,KO,$KO looking strong today 🚀,0.506,Other,3
T01369,2026-08-19 07:49:00,X-sim,user_2638,,"inflation print hot, fed won't cut 😬 #Fed #trading 🤔",-0.803,Macroeconomic,7
T01370,2026-08-19 07:52:00,X-sim,user_6948,XOM,"RT @user_7528: sold my $XOM, not liking this",-0.377,Other,2
T01371,2026-08-19 08:15:00,X-sim,user_4165,JPM,"$JPM fined again, regulators not messing around",-0.544,Regulatory/Legal,3
T01372,2026-08-19 09:45:00,X-sim,user_2503,GS,"$GS crushing it, bullish 📊",0.392,Other,2
T01373,2026-08-19 10:03:00,X-sim,user_9865,GS,"$GS flat, nothing happening #stocks",0.089,Other,3
T01374,2026-08-19 11:17:00,X-sim,user_2809,XOM,"$XOM flat, nothing happening",0.045,Other,1
T01375,2026-08-19 11:25:00,X-sim,user_7905,PFE,$PFE missed earnings and cut guide... brutal 📉,-0.742,Earnings,7
T01376,2026-08-19 12:10:00,X-sim,user_7582,GOOGL,"$GOOGL flat, nothing happening #markets 🔥",-0.045,Other,2
T01377,2026-08-19 12:14:00,X-sim,user_1612,BAC,anyone have thoughts on $BAC?,-0.068,Other,1
T01378,2026-08-19 12:20:00,X-sim,user_8403,WMT,anyone have thoughts on $WMT?,0.002,Other,1
T01379,2026-08-19 12:39:00,X-sim,user_6193,GOOGL,RT @user_8435: $GOOGL volume is low today,-0.015,Other,2
T01380,2026-08-19 12:40:00,X-sim,user_6621,NVDA,"bought more $NVDA on the dip, feeling good 📈",0.482,Other,3
T01381,2026-08-19 12:40:00,X-sim,user_8258,PFE,$PFE looks bad 😬 bearish #stocks,-0.439,Other,3
T01382,2026-08-19 12:55:00,X-sim,user_1922,WMT,$WMT looks bad 😬 bearish #investing,-0.441,Other,2
T01383,2026-08-19 12:55:00,X-sim,user_7466,JPM,"RT @user_2893: sold my $JPM, not liking this #markets 💬",-0.39,Other,2
T01384,2026-08-19 12:58:00,X-sim,user_1290,PFE,"$PFE DOWNGRADED, SPREADS WIDENING ⚠️ #CREDIT",-0.474,Credit Event,4
T01385,2026-08-19 12:59:00,X-sim,user_3010,NVDA,"RT @user_7581: $NVDA delaying the launch again, not good #markets",-0.607,Product Launch,4
T01386,2026-08-19 13:40:00,X-sim,user_8024,PFE,"$PFE under investigation, this could get ugly",-0.392,Regulatory/Legal,3
T01387,2026-08-19 14:20:00,X-sim,user_7393,,sanctions + tariffs = chaos for stocks 📉 #geopolitics,-0.866,Geopolitical,8
T01388,2026-08-19 15:10:00,X-sim,user_5813,MSFT,$MSFT LOOKING STRONG TODAY 🚀,0.456,Other,4
T01389,2026-08-19 15:35:00,X-sim,user_9222,GS,"bought more $GS on the dip, feeling good 📈",0.529,Other,4
T01390,2026-08-19 15:39:00,X-sim,user_9706,BAC,"$BAC FLAT, NOTHING HAPPENING",-0.021,Other,2
T01391,2026-08-19 15:44:00,X-sim,user_8544,GOOGL,$GOOGL WINS APPROVAL 🎉 BIG RELIEF 💬,0.883,Regulatory/Legal,7
T01392,2026-08-19 15:48:00,X-sim,user_9124,META,"$META smashing guidance, loading up 📈",0.859,Earnings,7
T01393,2026-08-19 15:52:00,X-sim,user_7236,JNJ,"$JNJ under investigation, this could get ugly #trading",-0.617,Regulatory/Legal,3
T01394,2026-08-19 15:53:00,X-sim,user_1062,,sanctions + tariffs = chaos for stocks 📉 #geopolitics 🔥,-0.752,Geopolitical,8
T01395,2026-08-19 16:14:00,X-sim,user_8910,GOOGL,"$GOOGL flat, nothing happening",0.05,Other,2
T01396,2026-08-19 17:11:00,X-sim,user_7306,NVDA,"$NVDA flat, nothing happening #stocks",0.04,Other,3
T01397,2026-08-19 17:24:00,X-sim,user_6943,,RT @user_3250: sanctions + tariffs = chaos for stocks 📉 #geopolitics,-0.783,Geopolitical,8
T01398,2026-08-19 17:31:00,X-sim,user_7925,MSFT,ugh $MSFT again... down bad #investing,-0.302,Other,2
T01399,2026-08-19 18:18:00,X-sim,user_7766,GS,$GS breakout incoming?? 🔥,0.58,Other,4
T01400,2026-08-19 18:25:00,X-sim,user_2921,CVX,"RT @user_7725: sold my $CVX, not liking this",-0.409,Other,2
T01401,2026-08-19 19:09:00,X-sim,user_5605,,ceasefire!! risk on 🟢 #markets #investing,0.703,Geopolitical,6
T01402,2026-08-19 19:39:00,X-sim,user_3784,AMZN,"RT @user_4025: sold my $AMZN, not liking this #investing",-0.278,Other,2
T01403,2026-08-19 19:41:00,X-sim,user_1951,XOM,"$XOM crushing it, bullish",0.371,Other,2
T01404,2026-08-19 19:46:00,X-sim,user_2033,GS,RT @user_5765: anyone have thoughts on $GS?,-0.063,Other,1
T01405,2026-08-19 20:29:00,X-sim,user_2906,MSFT,$MSFT BREAKOUT INCOMING?? 🔥,0.343,Other,2
T01406,2026-08-19 20:32:00,X-sim,user_8571,AAPL,$AAPL looks bad 😬 bearish,-0.487,Other,3
T01407,2026-08-20 06:39:00,X-sim,user_2466,PFE,RT @user_2333: ugh $PFE again... down bad,-0.348,Other,2
T01408,2026-08-20 07:47:00,X-sim,user_2184,,CEASEFIRE!! RISK ON 🟢 #MARKETS 💬,0.672,Geopolitical,6
T01409,2026-08-20 08:03:00,X-sim,user_1192,AAPL,RT @user_4904: watching $AAPL today,-0.074,Other,3
T01410,2026-08-20 08:14:00,X-sim,user_5487,AMZN,"RT @user_8875: $AMZN MERGER FACING ANTITRUST HEAT, DEAL AT RISK",-0.581,Merger/Acquisition,5
T01411,2026-08-20 08:22:00,X-sim,user_9768,BAC,"RT @user_6360: sold my $BAC, not liking this",-0.38,Other,2
T01412,2026-08-20 09:06:00,X-sim,user_7747,META,RT @user_4879: $META ACQUISITION COULD BE A GAME CHANGER 👀🔥,0.756,Merger/Acquisition,7
T01413,2026-08-20 09:10:00,X-sim,user_8300,JPM,"$JPM fined again, regulators not messing around",-0.663,Regulatory/Legal,7
T01414,2026-08-20 09:28:00,X-sim,user_4550,JPM,$JPM getting hammered rn 📉 #markets,-0.397,Other,3
T01415,2026-08-20 09:29:00,X-sim,user_1269,KO,$KO breakout incoming?? 🔥 #trading,0.53,Other,3
T01416,2026-08-20 09:40:00,X-sim,user_8217,JNJ,"$JNJ crushing it, bullish",0.438,Other,2
T01417,2026-08-20 09:54:00,X-sim,user_7847,WMT,$WMT wins approval 🎉 big relief,0.599,Regulatory/Legal,5
T01418,2026-08-20 10:07:00,X-sim,user_2680,XOM,"$XOM flat, nothing happening",0.15,Other,2
T01419,2026-08-20 11:20:00,X-sim,user_4355,JPM,$JPM looks bad 😬 bearish,-0.447,Other,3
T01420,2026-08-20 12:33:00,X-sim,user_8045,CVX,ugh $CVX again... down bad #investing 🔥,-0.475,Other,3
T01421,2026-08-20 12:59:00,X-sim,user_6664,,sanctions + tariffs = chaos for stocks 📉 #geopolitics #investing,-0.668,Geopolitical,6
T01422,2026-08-20 13:41:00,X-sim,user_5954,BAC,anyone have thoughts on $BAC? #stocks,0.036,Other,2
T01423,2026-08-20 13:55:00,X-sim,user_2850,AAPL,$AAPL looks bad 😬 bearish,-0.445,Other,2
T01424,2026-08-20 14:05:00,X-sim,user_3711,CVX,$CVX looking strong today 🚀,0.396,Other,2
T01425,2026-08-20 14:41:00,X-sim,user_9470,GS,$GS breakout incoming?? 🔥 #stocks,0.436,Other,3
T01426,2026-08-20 15:28:00,X-sim,user_5478,GOOGL,$GOOGL acquisition could be a game changer 👀🔥 #stocks 🤔,0.565,Merger/Acquisition,6
T01427,2026-08-20 16:17:00,X-sim,user_6407,GOOGL,"RT @user_1150: bought more $GOOGL on the dip, feeling good 📈",0.368,Other,3
T01428,2026-08-20 16:54:00,X-sim,user_1187,MSFT,"RT @user_3438: $MSFT credit upgrade, balance sheet looking healthier ✅",0.744,Credit Event,7
T01429,2026-08-20 17:08:00,X-sim,user_4572,KO,$KO wins approval 🎉 big relief #stocks,0.412,Regulatory/Legal,3
T01430,2026-08-20 17:10:00,X-sim,user_5453,XOM,$XOM looks bad 😬 bearish,-0.531,Other,3
T01431,2026-08-20 17:41:00,X-sim,user_8684,KO,ugh $KO again... down bad,-0.403,Other,2
T01432,2026-08-20 17:45:00,X-sim,user_7668,PFE,$PFE overpaying for this acquisition imo,-0.725,Merger/Acquisition,5
T01433,2026-08-20 18:44:00,X-sim,user_5732,NVDA,$NVDA looks bad 😬 bearish 💬,-0.484,Other,3
T01434,2026-08-20 18:54:00,X-sim,user_2966,BAC,$BAC looks bad 😬 bearish #trading,-0.483,Other,2
T01435,2026-08-20 18:55:00,X-sim,user_4267,WMT,$WMT looks bad 😬 bearish 👀,-0.48,Other,4
T01436,2026-08-20 19:17:00,X-sim,user_4679,GOOGL,watching $GOOGL today 👀,0.074,Other,3
T01437,2026-08-20 20:10:00,X-sim,user_6781,PFE,ugh $PFE again... down bad,-0.404,Other,3
T01438,2026-08-20 20:32:00,X-sim,user_8077,NVDA,$NVDA looks bad 😬 bearish,-0.431,Other,3
T01439,2026-08-20 20:38:00,X-sim,user_4841,GOOGL,$GOOGL NEW LAUNCH LOOKS 🔥 EARLY DEMAND IS HUGE 💬,0.71,Product Launch,5
T01440,2026-08-20 20:52:00,X-sim,user_3961,WMT,"$WMT fined again, regulators not messing around",-0.782,Regulatory/Legal,7
T01441,2026-08-21 06:00:00,X-sim,user_4764,XOM,RT @user_6457: watching $XOM today,-0.012,Other,1
T01442,2026-08-21 06:26:00,X-sim,user_7804,CVX,$CVX looks bad 😬 bearish #markets,-0.391,Other,3
T01443,2026-08-21 06:51:00,X-sim,user_7344,JNJ,anyone have thoughts on $JNJ? 💬,-0.04,Other,2
T01444,2026-08-21 06:53:00,X-sim,user_1795,GS,"$GS crushing it, bullish #investing 🤔",0.428,Other,4
T01445,2026-08-21 07:04:00,X-sim,user_9671,AMZN,$AMZN getting hammered rn 📉 #stocks,-0.354,Other,3
T01446,2026-08-21 07:16:00,X-sim,user_4541,MSFT,$MSFT looking strong today 🚀,0.424,Other,3
T01447,2026-08-21 07:23:00,X-sim,user_6077,MSFT,$MSFT acquisition could be a game changer 👀🔥 #trading,0.759,Merger/Acquisition,7
T01448,2026-08-21 07:25:00,X-sim,user_6570,MSFT,"RT @user_5095: $MSFT credit upgrade, balance sheet looking healthier ✅",0.592,Credit Event,3
T01449,2026-08-21 07:26:00,X-sim,user_6321,KO,"RT @user_7241: $KO credit upgrade, balance sheet looking healthier ✅",0.466,Credit Event,4
T01450,2026-08-21 07:48:00,X-sim,user_3781,BAC,"$BAC debt worries growing, bonds selling off",-0.582,Credit Event,5
T01451,2026-08-21 08:14:00,X-sim,user_9248,NVDA,$NVDA getting hammered rn 📉,-0.384,Other,3
T01452,2026-08-21 09:15:00,X-sim,user_6552,,ceasefire!! risk on 🟢 #markets #trading 🔥,0.499,Geopolitical,5
T01453,2026-08-21 09:32:00,X-sim,user_1506,XOM,$XOM earnings beat!! EPS way above estimates 🚀,0.557,Earnings,4
T01454,2026-08-21 10:14:00,X-sim,user_8603,JNJ,"bought more $JNJ on the dip, feeling good 📈 #markets",0.365,Other,3
T01455,2026-08-21 10:41:00,X-sim,user_9777,MSFT,$MSFT getting hammered rn 📉,-0.641,Other,4
T01456,2026-08-21 10:51:00,X-sim,user_4265,META,"RT @user_5589: $META crushing it, bullish #trading",0.384,Other,2
T01457,2026-08-21 11:38:00,X-sim,user_6337,,"jobs data strong, soft landing vibes ✅ #macro 👀",0.775,Macroeconomic,8
T01458,2026-08-21 11:57:00,X-sim,user_4639,KO,$KO looking strong today 🚀 #markets 📊,0.364,Other,2
T01459,2026-08-21 12:12:00,X-sim,user_3647,AMZN,"$AMZN flat, nothing happening 👀",0.104,Other,2
T01460,2026-08-21 13:07:00,X-sim,user_8529,MSFT,$MSFT breakout incoming?? 🔥,0.451,Other,3
T01461,2026-08-21 13:13:00,X-sim,user_4351,,ceasefire!! risk on 🟢 #markets #investing,0.541,Geopolitical,4
T01462,2026-08-21 13:45:00,X-sim,user_9926,PFE,watching $PFE today #stocks,-0.038,Other,1
T01463,2026-08-21 14:00:00,X-sim,user_6290,MSFT,"bought more $MSFT on the dip, feeling good 📈",0.479,Other,4
T01464,2026-08-21 14:30:00,X-sim,user_5803,XOM,"$XOM under investigation, this could get ugly",-0.799,Regulatory/Legal,7
T01465,2026-08-21 14:58:00,X-sim,user_1148,MSFT,RT @user_3846: $MSFT breakout incoming?? 🔥 #trading,0.415,Other,2
T01466,2026-08-21 16:09:00,X-sim,user_9171,JNJ,"$JNJ downgraded, spreads widening ⚠️ #credit #trading",-0.505,Credit Event,4
T01467,2026-08-21 16:38:00,X-sim,user_8774,XOM,"$XOM crushing it, bullish",0.38,Other,3
T01468,2026-08-21 16:49:00,X-sim,user_2767,CVX,$CVX looks bad 😬 bearish,-0.602,Other,4
T01469,2026-08-21 17:20:00,X-sim,user_3898,,"inflation print hot, fed won't cut 😬 #Fed #stocks",-0.728,Macroeconomic,7
T01470,2026-08-21 17:22:00,X-sim,user_7910,GOOGL,"sold my $GOOGL, not liking this 👀",-0.422,Other,3
T01471,2026-08-21 17:35:00,X-sim,user_1498,JPM,$JPM getting hammered rn 📉,-0.338,Other,3
T01472,2026-08-21 18:43:00,X-sim,user_4617,PFE,$PFE new launch looks 🔥 early demand is huge 🔥,0.74,Product Launch,7
T01473,2026-08-21 18:56:00,X-sim,user_6110,AAPL,ugh $AAPL again... down bad #stocks 💬,-0.487,Other,3
T01474,2026-08-21 19:13:00,X-sim,user_1776,CVX,RT @user_5161: $CVX getting hammered rn 📉 💬,-0.404,Other,2
T01475,2026-08-21 19:14:00,X-sim,user_3893,XOM,"$XOM smashing guidance, loading up 📈 💬",0.429,Earnings,4
T01476,2026-08-21 19:14:00,X-sim,user_6703,JNJ,"$JNJ smashing guidance, loading up 📈",0.698,Earnings,7
T01477,2026-08-21 19:34:00,X-sim,user_4562,AAPL,"$AAPL flat, nothing happening #markets",-0.055,Other,1
T01478,2026-08-21 20:32:00,X-sim,user_6433,PFE,$PFE acquisition could be a game changer 👀🔥,0.481,Merger/Acquisition,3
T01479,2026-08-21 20:46:00,X-sim,user_1310,MSFT,anyone have thoughts on $MSFT? 💬,-0.006,Other,1
T01480,2026-08-21 20:51:00,X-sim,user_1292,MSFT,$MSFT looks bad 😬 bearish,-0.556,Other,4
T01481,2026-08-24 06:10:00,X-sim,user_7445,CVX,UGH $CVX AGAIN... DOWN BAD #MARKETS,-0.587,Other,3
T01482,2026-08-24 06:33:00,X-sim,user_7971,CVX,$CVX missed earnings and cut guide... brutal 📉 🔥,-0.679,Earnings,5
T01483,2026-08-24 06:35:00,X-sim,user_3704,AMZN,RT @user_2323: $AMZN breakout incoming?? 🔥,0.477,Other,3
T01484,2026-08-24 06:45:00,X-sim,user_6490,,recession signals flashing red 🚨 #macro,-0.613,Macroeconomic,4
T01485,2026-08-24 06:45:00,X-sim,user_1794,JPM,anyone have thoughts on $JPM? #trading 👀,-0.029,Other,1
T01486,2026-08-24 06:54:00,X-sim,user_7775,JNJ,"$JNJ FLAT, NOTHING HAPPENING #MARKETS",0.01,Other,3
T01487,2026-08-24 07:24:00,X-sim,user_8484,,RT @user_7523: RECESSION SIGNALS FLASHING RED 🚨 #MACRO,-0.845,Macroeconomic,8
T01488,2026-08-24 07:46:00,X-sim,user_1854,WMT,"sold my $WMT, not liking this #trading",-0.508,Other,4
T01489,2026-08-24 08:12:00,X-sim,user_8964,CVX,"$CVX flat, nothing happening #investing 💬",0.01,Other,3
T01490,2026-08-24 08:14:00,X-sim,user_5386,BAC,anyone have thoughts on $BAC?,0.046,Other,2
T01491,2026-08-24 08:40:00,X-sim,user_3751,KO,$KO breakout incoming?? 🔥 #markets,0.418,Other,2
T01492,2026-08-24 08:50:00,X-sim,user_6213,BAC,"$BAC crushing it, bullish",0.623,Other,4
T01493,2026-08-24 08:57:00,X-sim,user_7191,AMZN,RT @user_2578: $AMZN WINS APPROVAL 🎉 BIG RELIEF,0.611,Regulatory/Legal,5
T01494,2026-08-24 09:13:00,X-sim,user_7569,GS,$GS WINS APPROVAL 🎉 BIG RELIEF #TRADING 🤔,0.528,Regulatory/Legal,5
T01495,2026-08-24 09:18:00,X-sim,user_5622,AAPL,watching $AAPL today,0.077,Other,1
T01496,2026-08-24 09:30:00,X-sim,user_8841,GS,$GS getting hammered rn 📉,-0.42,Other,2
T01497,2026-08-24 09:31:00,X-sim,user_4874,BAC,"RT @user_1038: $BAC smashing guidance, loading up 📈",0.532,Earnings,4
T01498,2026-08-24 09:31:00,X-sim,user_8287,KO,"$KO margins shrinking, earnings were weak",-0.612,Earnings,5
T01499,2026-08-24 09:34:00,X-sim,user_9897,MSFT,$MSFT breakout incoming?? 🔥 #trading 💬,0.464,Other,4
T01500,2026-08-24 09:44:00,X-sim,user_2637,XOM,$XOM breakout incoming?? 🔥,0.4,Other,3
T01501,2026-08-24 10:11:00,X-sim,user_2505,GOOGL,"$GOOGL product recall, yikes 😬",-0.534,Product Launch,3
T01502,2026-08-24 10:18:00,X-sim,user_4116,JNJ,$JNJ VOLUME IS LOW TODAY,0.066,Other,1
T01503,2026-08-24 10:24:00,X-sim,user_4971,CVX,$CVX LOOKING STRONG TODAY 🚀,0.413,Other,2
T01504,2026-08-24 10:32:00,X-sim,user_3689,KO,$KO NEW LAUNCH LOOKS 🔥 EARLY DEMAND IS HUGE #MARKETS,0.625,Product Launch,6
T01505,2026-08-24 10:49:00,X-sim,user_2941,NVDA,$NVDA looks bad 😬 bearish #trading,-0.559,Other,4
T01506,2026-08-24 11:37:00,X-sim,user_8540,AMZN,"sold my $AMZN, not liking this #investing",-0.452,Other,3
T01507,2026-08-24 11:59:00,X-sim,user_4590,NVDA,$NVDA wins approval 🎉 big relief #stocks,0.488,Regulatory/Legal,3
T01508,2026-08-24 12:00:00,X-sim,user_5234,AAPL,"$AAPL merger facing antitrust heat, deal at risk",-0.562,Merger/Acquisition,5
T01509,2026-08-24 12:08:00,X-sim,user_8435,AMZN,"$AMZN under investigation, this could get ugly 🔥",-0.581,Regulatory/Legal,5
T01510,2026-08-24 13:15:00,X-sim,user_3593,GS,"$GS CREDIT UPGRADE, BALANCE SHEET LOOKING HEALTHIER ✅ #TRADING 🔥",0.521,Credit Event,5
T01511,2026-08-24 13:19:00,X-sim,user_7573,GOOGL,"$GOOGL downgraded, spreads widening ⚠️ #credit 🤔",-0.599,Credit Event,5
T01512,2026-08-24 13:40:00,X-sim,user_7158,JPM,$JPM volume is low today,0.005,Other,2
T01513,2026-08-24 13:51:00,X-sim,user_5367,MSFT,"sold my $MSFT, not liking this 📊",-0.576,Other,4
T01514,2026-08-24 14:00:00,X-sim,user_9802,XOM,RT @user_4033: $XOM looks bad 😬 bearish #trading,-0.509,Other,4
T01515,2026-08-24 14:07:00,X-sim,user_3183,GS,"$GS crushing it, bullish",0.382,Other,2
T01516,2026-08-24 14:13:00,X-sim,user_1608,WMT,"$WMT flat, nothing happening",-0.022,Other,1
T01517,2026-08-24 14:33:00,X-sim,user_5791,KO,"$KO flat, nothing happening",-0.006,Other,2
T01518,2026-08-24 15:04:00,X-sim,user_5383,JNJ,"$JNJ fined again, regulators not messing around",-0.723,Regulatory/Legal,7
T01519,2026-08-24 15:17:00,X-sim,user_4173,KO,$KO new launch looks 🔥 early demand is huge,0.726,Product Launch,6
T01520,2026-08-24 16:41:00,X-sim,user_1492,JNJ,"$JNJ debt worries growing, bonds selling off",-0.703,Credit Event,6
T01521,2026-08-24 17:11:00,X-sim,user_5445,JPM,$JPM getting hammered rn 📉,-0.464,Other,2
T01522,2026-08-24 17:23:00,X-sim,user_7587,BAC,RT @user_3486: anyone have thoughts on $BAC? 🔥,0.026,Other,3
T01523,2026-08-24 17:31:00,X-sim,user_3887,JNJ,anyone have thoughts on $JNJ?,-0.019,Other,1
T01524,2026-08-24 17:44:00,X-sim,user_9651,NVDA,"$NVDA delaying the launch again, not good",-0.584,Product Launch,3
T01525,2026-08-24 17:54:00,X-sim,user_6184,KO,RT @user_7293: $KO looking strong today 🚀 🔥,0.326,Other,2
T01526,2026-08-24 18:12:00,X-sim,user_1320,JPM,"$JPM merger facing antitrust heat, deal at risk",-0.415,Merger/Acquisition,3
T01527,2026-08-24 19:15:00,X-sim,user_8587,GOOGL,"bought more $GOOGL on the dip, feeling good 📈 #trading",0.405,Other,3
T01528,2026-08-24 19:18:00,X-sim,user_9480,AAPL,$AAPL looks bad 😬 bearish,-0.293,Other,2
T01529,2026-08-24 19:47:00,X-sim,user_3060,NVDA,"RT @user_5849: $NVDA margins shrinking, earnings were weak",-0.699,Earnings,7
T01530,2026-08-24 20:00:00,X-sim,user_6526,AAPL,UGH $AAPL AGAIN... DOWN BAD #MARKETS,-0.441,Other,2
T01531,2026-08-24 20:03:00,X-sim,user_7842,,"inflation print hot, fed won't cut 😬 #Fed",-0.815,Macroeconomic,8
T01532,2026-08-24 20:45:00,X-sim,user_3157,AMZN,"$AMZN fined again, regulators not messing around #markets",-0.744,Regulatory/Legal,7
T01533,2026-08-24 20:47:00,X-sim,user_6153,GOOGL,watching $GOOGL today #investing,0.073,Other,3
T01534,2026-08-25 06:21:00,X-sim,user_4166,AMZN,$AMZN new launch looks 🔥 early demand is huge,0.775,Product Launch,6
T01535,2026-08-25 06:22:00,X-sim,user_6209,NVDA,RT @user_2643: $NVDA new launch looks 🔥 early demand is huge,0.559,Product Launch,7
T01536,2026-08-25 06:27:00,X-sim,user_2118,,"war escalating, markets gonna bleed 😰 #markets #investing 🤔",-0.702,Geopolitical,6
T01537,2026-08-25 06:44:00,X-sim,user_3961,WMT,"$WMT debt worries growing, bonds selling off #trading",-0.745,Credit Event,7
T01538,2026-08-25 06:49:00,X-sim,user_3836,WMT,$WMT GETTING HAMMERED RN 📉,-0.518,Other,4
T01539,2026-08-25 07:03:00,X-sim,user_9852,AMZN,anyone have thoughts on $AMZN? #markets,-0.009,Other,1
T01540,2026-08-25 07:13:00,X-sim,user_3181,NVDA,$NVDA new launch looks 🔥 early demand is huge #stocks,0.458,Product Launch,5
T01541,2026-08-25 07:45:00,X-sim,user_2992,WMT,$WMT getting hammered rn 📉,-0.474,Other,4
T01542,2026-08-25 07:48:00,X-sim,user_5580,BAC,"bought more $BAC on the dip, feeling good 📈 #markets",0.264,Other,2
T01543,2026-08-25 08:05:00,X-sim,user_7702,KO,"$KO flat, nothing happening #trading",-0.004,Other,1
T01544,2026-08-25 08:09:00,X-sim,user_9930,NVDA,"$NVDA flat, nothing happening #stocks",-0.073,Other,3
T01545,2026-08-25 08:22:00,X-sim,user_9829,NVDA,$NVDA getting hammered rn 📉,-0.41,Other,2
T01546,2026-08-25 09:08:00,X-sim,user_9308,JPM,"bought more $JPM on the dip, feeling good 📈",0.431,Other,2
T01547,2026-08-25 09:31:00,X-sim,user_2019,XOM,"RT @user_3992: $XOM product recall, yikes 😬",-0.806,Product Launch,7
T01548,2026-08-25 10:14:00,X-sim,user_7197,JNJ,$JNJ LOOKS BAD 😬 BEARISH,-0.544,Other,2
T01549,2026-08-25 10:23:00,X-sim,user_7592,CVX,$CVX GETTING HAMMERED RN 📉 #INVESTING,-0.408,Other,2
T01550,2026-08-25 10:25:00,X-sim,user_3918,BAC,$BAC looking strong today 🚀 👀,0.575,Other,3
T01551,2026-08-25 10:29:00,X-sim,user_4658,,"war escalating, markets gonna bleed 😰 #markets #markets 🤔",-0.876,Geopolitical,8
T01552,2026-08-25 10:50:00,X-sim,user_3104,KO,"bought more $KO on the dip, feeling good 📈",0.672,Other,4
T01553,2026-08-25 11:37:00,X-sim,user_5811,NVDA,"$NVDA flat, nothing happening #trading",0.082,Other,2
T01554,2026-08-25 11:41:00,X-sim,user_5518,BAC,RT @user_4045: $BAC BREAKOUT INCOMING?? 🔥,0.543,Other,4
T01555,2026-08-25 12:24:00,X-sim,user_6986,XOM,"sold my $XOM, not liking this",-0.415,Other,4
T01556,2026-08-25 12:37:00,X-sim,user_3805,GOOGL,UGH $GOOGL AGAIN... DOWN BAD,-0.523,Other,3
T01557,2026-08-25 12:49:00,X-sim,user_1083,MSFT,$MSFT breakout incoming?? 🔥,0.304,Other,2
T01558,2026-08-25 13:35:00,X-sim,user_2099,NVDA,anyone have thoughts on $NVDA? #investing 🤔,0.006,Other,1
T01559,2026-08-25 14:35:00,X-sim,user_9415,META,watching $META today 📊,0.029,Other,3
T01560,2026-08-25 15:26:00,X-sim,user_2392,,"WAR ESCALATING, MARKETS GONNA BLEED 😰 #MARKETS",-0.753,Geopolitical,8
T01561,2026-08-25 15:34:00,X-sim,user_3183,MSFT,$MSFT volume is low today #trading,0.014,Other,3
T01562,2026-08-25 15:49:00,X-sim,user_5051,,sanctions + tariffs = chaos for stocks 📉 #geopolitics #markets,-0.92,Geopolitical,8
T01563,2026-08-25 15:52:00,X-sim,user_8394,,ceasefire!! risk on 🟢 #markets #stocks,0.791,Geopolitical,8
T01564,2026-08-25 16:21:00,X-sim,user_6068,JNJ,$JNJ looks bad 😬 bearish,-0.347,Other,2
T01565,2026-08-25 16:35:00,X-sim,user_2075,JNJ,"$JNJ product recall, yikes 😬",-0.804,Product Launch,7
T01566,2026-08-25 16:40:00,X-sim,user_5582,GS,"$GS flat, nothing happening",-0.091,Other,2
T01567,2026-08-25 17:08:00,X-sim,user_1489,,"inflation print hot, fed won't cut 😬 #Fed #stocks 📊",-0.619,Macroeconomic,5
T01568,2026-08-25 17:28:00,X-sim,user_9007,XOM,"$XOM downgraded, spreads widening ⚠️ #credit",-0.553,Credit Event,5
T01569,2026-08-25 17:30:00,X-sim,user_3656,BAC,$BAC GETTING HAMMERED RN 📉,-0.51,Other,4
T01570,2026-08-25 17:39:00,X-sim,user_9976,NVDA,"bought more $NVDA on the dip, feeling good 📈 #trading",0.392,Other,2
T01571,2026-08-25 18:07:00,X-sim,user_6076,CVX,anyone have thoughts on $CVX?,-0.031,Other,1
T01572,2026-08-25 18:12:00,X-sim,user_9855,META,$META getting hammered rn 📉 #investing,-0.571,Other,3
T01573,2026-08-25 18:47:00,X-sim,user_7864,CVX,$CVX acquisition could be a game changer 👀🔥,0.762,Merger/Acquisition,6
T01574,2026-08-25 18:57:00,X-sim,user_3626,PFE,"$PFE margins shrinking, earnings were weak",-0.794,Earnings,6
T01575,2026-08-25 19:01:00,X-sim,user_5560,JPM,watching $JPM today,0.063,Other,2
T01576,2026-08-25 19:06:00,X-sim,user_6735,WMT,$WMT looks bad 😬 bearish,-0.452,Other,2
T01577,2026-08-25 19:10:00,X-sim,user_1197,CVX,"$CVX flat, nothing happening",0.018,Other,3
T01578,2026-08-25 19:27:00,X-sim,user_7443,NVDA,"RT @user_7329: bought more $NVDA on the dip, feeling good 📈",0.536,Other,4
T01579,2026-08-25 19:39:00,X-sim,user_6186,,"war escalating, markets gonna bleed 😰 #markets 🤔",-0.594,Geopolitical,6
T01580,2026-08-25 20:01:00,X-sim,user_5437,CVX,$CVX looks bad 😬 bearish,-0.568,Other,3
T01581,2026-08-25 20:24:00,X-sim,user_2805,MSFT,ugh $MSFT again... down bad #markets 🤔,-0.432,Other,3
T01582,2026-08-26 06:06:00,X-sim,user_7441,PFE,$PFE getting hammered rn 📉 🤔,-0.368,Other,2
T01583,2026-08-26 06:09:00,X-sim,user_9584,NVDA,"bought more $NVDA on the dip, feeling good 📈",0.584,Other,4
T01584,2026-08-26 06:38:00,X-sim,user_2957,NVDA,"sold my $NVDA, not liking this 🤔",-0.369,Other,2
T01585,2026-08-26 07:07:00,X-sim,user_2964,AMZN,anyone have thoughts on $AMZN?,-0.034,Other,3
T01586,2026-08-26 07:14:00,X-sim,user_6357,KO,$KO breakout incoming?? 🔥,0.477,Other,4
T01587,2026-08-26 07:42:00,X-sim,user_3630,META,$META acquisition could be a game changer 👀🔥,0.838,Merger/Acquisition,7
T01588,2026-08-26 07:58:00,X-sim,user_1575,,"war escalating, markets gonna bleed 😰 #markets",-0.655,Geopolitical,7
T01589,2026-08-26 08:19:00,X-sim,user_3306,GOOGL,"$GOOGL margins shrinking, earnings were weak",-0.381,Earnings,3
T01590,2026-08-26 08:47:00,X-sim,user_3284,META,$META LOOKING STRONG TODAY 🚀 💬,0.45,Other,4
T01591,2026-08-26 09:00:00,X-sim,user_7205,META,"sold my $META, not liking this #stocks 📊",-0.524,Other,3
T01592,2026-08-26 09:00:00,X-sim,user_7013,MSFT,RT @user_9351: $MSFT looking strong today 🚀 #trading,0.384,Other,2
T01593,2026-08-26 09:18:00,X-sim,user_6410,GS,ugh $GS again... down bad 👀,-0.274,Other,3
T01594,2026-08-26 09:41:00,X-sim,user_8700,GOOGL,"$GOOGL delaying the launch again, not good 👀",-0.574,Product Launch,5
T01595,2026-08-26 09:46:00,X-sim,user_7722,MSFT,"bought more $MSFT on the dip, feeling good 📈 🔥",0.382,Other,2
T01596,2026-08-26 09:52:00,X-sim,user_8538,GS,ugh $GS again... down bad,-0.465,Other,4
T01597,2026-08-26 10:59:00,X-sim,user_5198,GS,"$GS flat, nothing happening 📊",0.111,Other,3
T01598,2026-08-26 11:16:00,X-sim,user_7781,AMZN,$AMZN GETTING HAMMERED RN 📉 #INVESTING,-0.488,Other,2
T01599,2026-08-26 11:31:00,X-sim,user_8311,META,"$META smashing guidance, loading up 📈 🤔",0.663,Earnings,5
T01600,2026-08-26 12:06:00,X-sim,user_6526,AAPL,anyone have thoughts on $AAPL? 💬,0.081,Other,1
T01601,2026-08-26 12:08:00,X-sim,user_3895,JNJ,$JNJ overpaying for this acquisition imo,-0.53,Merger/Acquisition,4
T01602,2026-08-26 12:08:00,X-sim,user_9790,CVX,"$CVX flat, nothing happening 💬",-0.092,Other,1
T01603,2026-08-26 12:13:00,X-sim,user_5637,NVDA,anyone have thoughts on $NVDA? #trading,0.069,Other,2
T01604,2026-08-26 12:24:00,X-sim,user_1144,BAC,$BAC EARNINGS BEAT!! EPS WAY ABOVE ESTIMATES 🚀,0.783,Earnings,7
T01605,2026-08-26 12:45:00,X-sim,user_1622,CVX,$CVX getting hammered rn 📉 #markets 🤔,-0.352,Other,2
T01606,2026-08-26 12:56:00,X-sim,user_4719,JNJ,$JNJ looks bad 😬 bearish #stocks,-0.541,Other,4
T01607,2026-08-26 13:36:00,X-sim,user_2238,NVDA,RT @user_2319: $NVDA breakout incoming?? 🔥 #trading,0.467,Other,4
T01608,2026-08-26 13:45:00,X-sim,user_1792,KO,$KO acquisition could be a game changer 👀🔥,0.696,Merger/Acquisition,7
T01609,2026-08-26 14:07:00,X-sim,user_8538,JNJ,$JNJ looking strong today 🚀,0.351,Other,2
T01610,2026-08-26 14:15:00,X-sim,user_5894,,sanctions + tariffs = chaos for stocks 📉 #geopolitics,-0.858,Geopolitical,7
T01611,2026-08-26 14:52:00,X-sim,user_8520,MSFT,$MSFT volume is low today #markets 👀,0.008,Other,1
T01612,2026-08-26 15:11:00,X-sim,user_9210,,"trade deal signed, finally good news 🎉",0.721,Geopolitical,7
T01613,2026-08-26 15:55:00,X-sim,user_2081,,"inflation print hot, fed won't cut 😬 #Fed 💬",-0.63,Macroeconomic,5
T01614,2026-08-26 16:02:00,X-sim,user_4992,CVX,WATCHING $CVX TODAY 📊,0.01,Other,2
T01615,2026-08-26 16:06:00,X-sim,user_6696,XOM,"sold my $XOM, not liking this",-0.477,Other,3
T01616,2026-08-26 16:25:00,X-sim,user_5519,,"RT @user_3024: cpi cooled, rate cuts soon? 📈 #Fed",0.636,Macroeconomic,6
T01617,2026-08-26 16:32:00,X-sim,user_8991,KO,ugh $KO again... down bad #markets,-0.622,Other,4
T01618,2026-08-26 17:00:00,X-sim,user_4669,AMZN,$AMZN looking strong today 🚀,0.536,Other,4
T01619,2026-08-26 18:19:00,X-sim,user_4857,GS,ugh $GS again... down bad #markets,-0.521,Other,4
T01620,2026-08-26 18:57:00,X-sim,user_1745,MSFT,"bought more $MSFT on the dip, feeling good 📈",0.453,Other,3
T01621,2026-08-26 19:20:00,X-sim,user_4445,,"inflation print hot, fed won't cut 😬 #Fed",-0.576,Macroeconomic,5
T01622,2026-08-26 20:10:00,X-sim,user_8002,META,$META acquisition could be a game changer 👀🔥,0.668,Merger/Acquisition,5
T01623,2026-08-27 06:12:00,X-sim,user_1569,KO,$KO wins approval 🎉 big relief,0.555,Regulatory/Legal,3
T01624,2026-08-27 06:20:00,X-sim,user_3185,NVDA,"sold my $NVDA, not liking this",-0.502,Other,4
T01625,2026-08-27 07:01:00,X-sim,user_9934,META,"$META merger facing antitrust heat, deal at risk #markets 🤔",-0.761,Merger/Acquisition,7
T01626,2026-08-27 07:04:00,X-sim,user_3844,NVDA,$NVDA looks bad 😬 bearish #markets,-0.436,Other,3
T01627,2026-08-27 07:05:00,X-sim,user_3894,JNJ,"BOUGHT MORE $JNJ ON THE DIP, FEELING GOOD 📈",0.452,Other,2
T01628,2026-08-27 07:11:00,X-sim,user_2002,PFE,watching $PFE today,-0.021,Other,1
T01629,2026-08-27 07:12:00,X-sim,user_4302,AMZN,RT @user_9071: $AMZN wins approval 🎉 big relief,0.58,Regulatory/Legal,4
T01630,2026-08-27 08:15:00,X-sim,user_4960,,recession signals flashing red 🚨 #macro,-0.842,Macroeconomic,8
T01631,2026-08-27 08:23:00,X-sim,user_2687,WMT,"$WMT margins shrinking, earnings were weak 💬",-0.469,Earnings,4
T01632,2026-08-27 08:26:00,X-sim,user_3418,JPM,"$JPM product recall, yikes 😬",-0.388,Product Launch,3
T01633,2026-08-27 08:34:00,X-sim,user_8009,KO,"$KO merger facing antitrust heat, deal at risk #stocks",-0.666,Merger/Acquisition,7
T01634,2026-08-27 08:35:00,X-sim,user_1300,,"inflation print hot, fed won't cut 😬 #Fed #trading 💬",-0.72,Macroeconomic,6
T01635,2026-08-27 09:04:00,X-sim,user_1766,MSFT,"RT @user_7104: $MSFT smashing guidance, loading up 📈 #trading",0.527,Earnings,5
T01636,2026-08-27 10:02:00,X-sim,user_7792,,"TRADE DEAL SIGNED, FINALLY GOOD NEWS 🎉",0.861,Geopolitical,8
T01637,2026-08-27 10:06:00,X-sim,user_6826,WMT,$WMT LOOKING STRONG TODAY 🚀 👀,0.454,Other,3
T01638,2026-08-27 10:16:00,X-sim,user_6939,BAC,$BAC volume is low today,0.005,Other,2
T01639,2026-08-27 10:20:00,X-sim,user_9547,PFE,"sold my $PFE, not liking this #trading",-0.472,Other,3
T01640,2026-08-27 10:21:00,X-sim,user_7528,PFE,$PFE LOOKS BAD 😬 BEARISH #INVESTING,-0.356,Other,2
T01641,2026-08-27 10:27:00,X-sim,user_2579,NVDA,"$NVDA product recall, yikes 😬",-0.693,Product Launch,5
T01642,2026-08-27 10:39:00,X-sim,user_6143,META,"$META product recall, yikes 😬 👀",-0.795,Product Launch,7
T01643,2026-08-27 10:54:00,X-sim,user_9632,BAC,"$BAC credit upgrade, balance sheet looking healthier ✅",0.709,Credit Event,6
T01644,2026-08-27 11:06:00,X-sim,user_7063,BAC,$BAC breakout incoming?? 🔥,0.374,Other,3
T01645,2026-08-27 11:18:00,X-sim,user_2341,,RECESSION SIGNALS FLASHING RED 🚨 #MACRO,-0.547,Macroeconomic,5
T01646,2026-08-27 12:08:00,X-sim,user_7203,PFE,"SOLD MY $PFE, NOT LIKING THIS",-0.445,Other,2
T01647,2026-08-27 12:34:00,X-sim,user_1374,PFE,"$PFE product recall, yikes 😬 #trading 🔥",-0.712,Product Launch,6
T01648,2026-08-27 12:36:00,X-sim,user_7537,AAPL,$AAPL wins approval 🎉 big relief,0.706,Regulatory/Legal,6
T01649,2026-08-27 13:08:00,X-sim,user_2432,KO,$KO missed earnings and cut guide... brutal 📉,-0.722,Earnings,6
T01650,2026-08-27 13:36:00,X-sim,user_1549,,recession signals flashing red 🚨 #macro,-0.537,Macroeconomic,6
T01651,2026-08-27 13:53:00,X-sim,user_9308,KO,RT @user_8540: anyone have thoughts on $KO? #trading,0.032,Other,1
T01652,2026-08-27 14:00:00,X-sim,user_3221,BAC,watching $BAC today,0.02,Other,1
T01653,2026-08-27 14:57:00,X-sim,user_5062,,"inflation print hot, fed won't cut 😬 #Fed",-0.826,Macroeconomic,8
T01654,2026-08-27 15:34:00,X-sim,user_8652,XOM,watching $XOM today,0.124,Other,2
T01655,2026-08-27 17:15:00,X-sim,user_7625,KO,"$KO margins shrinking, earnings were weak",-0.525,Earnings,4
T01656,2026-08-27 17:22:00,X-sim,user_4186,PFE,$PFE new launch looks 🔥 early demand is huge #stocks,0.735,Product Launch,6
T01657,2026-08-27 17:45:00,X-sim,user_9086,AMZN,"$AMZN smashing guidance, loading up 📈 #trading",0.571,Earnings,5
T01658,2026-08-27 17:54:00,X-sim,user_4118,WMT,anyone have thoughts on $WMT?,-0.016,Other,3
T01659,2026-08-27 18:46:00,X-sim,user_8268,GS,$GS volume is low today #stocks,0.062,Other,2
T01660,2026-08-27 18:50:00,X-sim,user_9828,WMT,watching $WMT today,-0.0,Other,1
T01661,2026-08-27 20:05:00,X-sim,user_1311,CVX,$CVX getting hammered rn 📉,-0.371,Other,2
T01662,2026-08-27 20:10:00,X-sim,user_1725,AMZN,$AMZN looks bad 😬 bearish,-0.457,Other,3
T01663,2026-08-27 20:29:00,X-sim,user_4543,BAC,$BAC new launch looks 🔥 early demand is huge,0.451,Product Launch,5
T01664,2026-08-27 20:48:00,X-sim,user_8443,AMZN,"sold my $AMZN, not liking this #stocks 🔥",-0.621,Other,4
T01665,2026-08-28 06:37:00,X-sim,user_9027,CVX,RT @user_2568: anyone have thoughts on $CVX? 🤔,-0.056,Other,2
T01666,2026-08-28 06:49:00,X-sim,user_3232,,"INFLATION PRINT HOT, FED WON'T CUT 😬 #FED #STOCKS",-0.784,Macroeconomic,8
T01667,2026-08-28 06:55:00,X-sim,user_4662,,sanctions + tariffs = chaos for stocks 📉 #geopolitics,-0.722,Geopolitical,7
T01668,2026-08-28 07:09:00,X-sim,user_1569,GS,$GS looking strong today 🚀 #trading 💬,0.412,Other,2
T01669,2026-08-28 07:18:00,X-sim,user_9400,NVDA,"RT @user_6883: $NVDA delaying the launch again, not good #investing",-0.594,Product Launch,4
T01670,2026-08-28 07:19:00,X-sim,user_5403,KO,"sold my $KO, not liking this 👀",-0.487,Other,3
T01671,2026-08-28 07:24:00,X-sim,user_3616,AAPL,"$AAPL DELAYING THE LAUNCH AGAIN, NOT GOOD",-0.611,Product Launch,4
T01672,2026-08-28 07:44:00,X-sim,user_3107,JPM,$JPM missed earnings and cut guide... brutal 📉 #trading,-0.592,Earnings,6
T01673,2026-08-28 07:56:00,X-sim,user_1039,CVX,ugh $CVX again... down bad #investing,-0.34,Other,3
T01674,2026-08-28 08:14:00,X-sim,user_9371,GS,"$GS margins shrinking, earnings were weak",-0.868,Earnings,7
T01675,2026-08-28 08:58:00,X-sim,user_8999,GS,$GS breakout incoming?? 🔥,0.347,Other,2
T01676,2026-08-28 09:23:00,X-sim,user_6791,PFE,$PFE earnings beat!! EPS way above estimates 🚀 🔥,0.771,Earnings,7
T01677,2026-08-28 09:43:00,X-sim,user_6325,PFE,watching $PFE today,-0.029,Other,2
T01678,2026-08-28 09:56:00,X-sim,user_9844,BAC,watching $BAC today,-0.069,Other,3
T01679,2026-08-28 09:57:00,X-sim,user_7655,PFE,$PFE getting hammered rn 📉,-0.403,Other,2
T01680,2026-08-28 10:31:00,X-sim,user_8014,AMZN,"bought more $AMZN on the dip, feeling good 📈 #trading",0.348,Other,3
T01681,2026-08-28 10:36:00,X-sim,user_4529,JNJ,"bought more $JNJ on the dip, feeling good 📈 💬",0.436,Other,2
T01682,2026-08-28 11:12:00,X-sim,user_4089,AMZN,anyone have thoughts on $AMZN? #investing 💬,-0.019,Other,2
T01683,2026-08-28 11:16:00,X-sim,user_8607,PFE,ugh $PFE again... down bad,-0.443,Other,2
T01684,2026-08-28 11:19:00,X-sim,user_8948,JNJ,ugh $JNJ again... down bad,-0.529,Other,4
T01685,2026-08-28 11:23:00,X-sim,user_9656,KO,"RT @user_7608: $KO margins shrinking, earnings were weak",-0.734,Earnings,6
T01686,2026-08-28 11:32:00,X-sim,user_1643,AAPL,$AAPL looks bad 😬 bearish,-0.387,Other,2
T01687,2026-08-28 12:16:00,X-sim,user_4607,JPM,ugh $JPM again... down bad,-0.356,Other,3
T01688,2026-08-28 12:29:00,X-sim,user_5668,JNJ,"RT @user_1731: $JNJ crushing it, bullish 📊",0.549,Other,4
T01689,2026-08-28 12:30:00,X-sim,user_3951,NVDA,"$NVDA margins shrinking, earnings were weak #markets 📊",-0.715,Earnings,6
T01690,2026-08-28 12:39:00,X-sim,user_6879,CVX,$CVX looks bad 😬 bearish,-0.483,Other,2
T01691,2026-08-28 13:00:00,X-sim,user_5136,BAC,$BAC looking strong today 🚀,0.47,Other,4
T01692,2026-08-28 13:00:00,X-sim,user_9152,AAPL,$AAPL volume is low today 🤔,-0.055,Other,1
T01693,2026-08-28 13:35:00,X-sim,user_8299,AMZN,$AMZN wins approval 🎉 big relief,0.512,Regulatory/Legal,4
T01694,2026-08-28 13:51:00,X-sim,user_9242,JNJ,"$JNJ merger facing antitrust heat, deal at risk #markets",-0.535,Merger/Acquisition,4
T01695,2026-08-28 13:57:00,X-sim,user_9351,JNJ,watching $JNJ today 🤔,0.023,Other,2
T01696,2026-08-28 14:15:00,X-sim,user_8162,XOM,$XOM volume is low today #stocks,0.022,Other,1
T01697,2026-08-28 14:24:00,X-sim,user_5430,GOOGL,"$GOOGL MARGINS SHRINKING, EARNINGS WERE WEAK",-0.511,Earnings,4
T01698,2026-08-28 14:30:00,X-sim,user_8481,PFE,"$PFE credit upgrade, balance sheet looking healthier ✅",0.658,Credit Event,6
T01699,2026-08-28 15:34:00,X-sim,user_4616,NVDA,"RT @user_8685: $NVDA flat, nothing happening #stocks",0.008,Other,2
T01700,2026-08-28 16:24:00,X-sim,user_7497,GS,"$GS product recall, yikes 😬 📊",-0.823,Product Launch,5
T01701,2026-08-28 16:34:00,X-sim,user_2621,MSFT,"bought more $MSFT on the dip, feeling good 📈 #stocks",0.363,Other,3
T01702,2026-08-28 16:42:00,X-sim,user_9187,MSFT,"bought more $MSFT on the dip, feeling good 📈",0.581,Other,4
T01703,2026-08-28 16:59:00,X-sim,user_3951,JPM,anyone have thoughts on $JPM? #investing,-0.002,Other,2
T01704,2026-08-28 17:33:00,X-sim,user_5237,GS,"bought more $GS on the dip, feeling good 📈",0.38,Other,2
T01705,2026-08-28 17:53:00,X-sim,user_4185,JNJ,$JNJ new launch looks 🔥 early demand is huge #stocks,0.585,Product Launch,5
T01706,2026-08-28 17:54:00,X-sim,user_9837,KO,$KO missed earnings and cut guide... brutal 📉 #stocks 💬,-0.725,Earnings,6
T01707,2026-08-28 18:07:00,X-sim,user_5982,XOM,"RT @user_3609: $XOM credit upgrade, balance sheet looking healthier ✅ #investing",0.551,Credit Event,3
T01708,2026-08-28 18:26:00,X-sim,user_6995,KO,"RT @user_9130: sold my $KO, not liking this #trading",-0.449,Other,4
T01709,2026-08-28 19:34:00,X-sim,user_2491,CVX,$CVX wins approval 🎉 big relief,0.71,Regulatory/Legal,5
T01710,2026-08-28 20:00:00,X-sim,user_8795,,"inflation print hot, fed won't cut 😬 #Fed 🔥",-0.752,Macroeconomic,6
T01711,2026-08-28 20:24:00,X-sim,user_1009,CVX,"bought more $CVX on the dip, feeling good 📈",0.369,Other,2
T01712,2026-08-31 06:32:00,X-sim,user_3819,BAC,WATCHING $BAC TODAY,-0.037,Other,3
T01713,2026-08-31 06:39:00,X-sim,user_1341,GS,$GS getting hammered rn 📉 #stocks,-0.611,Other,4
T01714,2026-08-31 06:43:00,X-sim,user_2948,GS,$GS earnings beat!! EPS way above estimates 🚀 #trading,0.449,Earnings,4
T01715,2026-08-31 06:59:00,X-sim,user_7522,,"inflation print hot, fed won't cut 😬 #Fed",-0.616,Macroeconomic,7
T01716,2026-08-31 07:01:00,X-sim,user_4419,KO,"bought more $KO on the dip, feeling good 📈 👀",0.586,Other,3
T01717,2026-08-31 07:01:00,X-sim,user_2095,META,$META getting hammered rn 📉 #investing,-0.448,Other,3
T01718,2026-08-31 07:02:00,X-sim,user_5278,PFE,"$PFE credit upgrade, balance sheet looking healthier ✅ 📊",0.755,Credit Event,7
T01719,2026-08-31 07:52:00,X-sim,user_8564,XOM,anyone have thoughts on $XOM?,0.027,Other,3
T01720,2026-08-31 08:28:00,X-sim,user_9230,WMT,$WMT getting hammered rn 📉,-0.475,Other,2
T01721,2026-08-31 09:17:00,X-sim,user_1489,GS,"RT @user_2111: $GS credit upgrade, balance sheet looking healthier ✅",0.659,Credit Event,5
T01722,2026-08-31 09:47:00,X-sim,user_3974,AMZN,"$AMZN downgraded, spreads widening ⚠️ #credit 💬",-0.517,Credit Event,3
T01723,2026-08-31 10:25:00,X-sim,user_1641,AAPL,"sold my $AAPL, not liking this",-0.387,Other,2
T01724,2026-08-31 10:31:00,X-sim,user_4313,PFE,"$PFE crushing it, bullish",0.512,Other,4
T01725,2026-08-31 10:48:00,X-sim,user_3763,XOM,RT @user_3554: $XOM breakout incoming?? 🔥 🤔,0.508,Other,4
T01726,2026-08-31 10:54:00,X-sim,user_7747,XOM,"RT @user_9990: $XOM merger facing antitrust heat, deal at risk",-0.611,Merger/Acquisition,6
T01727,2026-08-31 11:03:00,X-sim,user_1930,GOOGL,"RT @user_7188: BOUGHT MORE $GOOGL ON THE DIP, FEELING GOOD 📈",0.527,Other,4
T01728,2026-08-31 11:08:00,X-sim,user_1660,JPM,"$JPM product recall, yikes 😬 #investing",-0.591,Product Launch,6
T01729,2026-08-31 11:28:00,X-sim,user_1576,,"cpi cooled, rate cuts soon? 📈 #Fed",0.47,Macroeconomic,4
T01730,2026-08-31 11:43:00,X-sim,user_1200,CVX,$CVX GETTING HAMMERED RN 📉 📊,-0.481,Other,2
T01731,2026-08-31 11:51:00,X-sim,user_8368,AAPL,"$AAPL CRUSHING IT, BULLISH #TRADING 💬",0.446,Other,2
T01732,2026-08-31 12:04:00,X-sim,user_5258,MSFT,watching $MSFT today #stocks,-0.031,Other,3
T01733,2026-08-31 12:13:00,X-sim,user_8099,,"cpi cooled, rate cuts soon? 📈 #Fed 🔥",0.655,Macroeconomic,5
T01734,2026-08-31 12:25:00,X-sim,user_3441,JPM,"$JPM DELAYING THE LAUNCH AGAIN, NOT GOOD",-0.557,Product Launch,5
T01735,2026-08-31 13:22:00,X-sim,user_1793,META,ugh $META again... down bad,-0.407,Other,2
T01736,2026-08-31 13:46:00,X-sim,user_7213,GS,"sold my $GS, not liking this",-0.428,Other,3
T01737,2026-08-31 13:47:00,X-sim,user_9220,GOOGL,anyone have thoughts on $GOOGL?,0.101,Other,2
T01738,2026-08-31 13:50:00,X-sim,user_3742,GS,$GS looks bad 😬 bearish,-0.635,Other,4
T01739,2026-08-31 15:02:00,X-sim,user_4086,GOOGL,"$GOOGL smashing guidance, loading up 📈",0.552,Earnings,4
T01740,2026-08-31 15:17:00,X-sim,user_6440,JNJ,"$JNJ flat, nothing happening 🔥",-0.009,Other,2
T01741,2026-08-31 15:50:00,X-sim,user_3266,PFE,"$PFE PRODUCT RECALL, YIKES 😬",-0.666,Product Launch,5
T01742,2026-08-31 16:01:00,X-sim,user_3335,XOM,$XOM looks bad 😬 bearish,-0.546,Other,4
T01743,2026-08-31 17:02:00,X-sim,user_3205,GOOGL,"$GOOGL under investigation, this could get ugly #markets",-0.605,Regulatory/Legal,5
T01744,2026-08-31 17:20:00,X-sim,user_6122,PFE,"SOLD MY $PFE, NOT LIKING THIS #STOCKS",-0.46,Other,2
T01745,2026-08-31 17:25:00,X-sim,user_1880,KO,"sold my $KO, not liking this",-0.53,Other,4
T01746,2026-08-31 17:27:00,X-sim,user_1202,NVDA,watching $NVDA today #markets 🤔,-0.006,Other,3
T01747,2026-08-31 17:33:00,X-sim,user_8858,JPM,"$JPM smashing guidance, loading up 📈 #trading",0.667,Earnings,6
T01748,2026-08-31 17:49:00,X-sim,user_9023,WMT,"$WMT DEBT WORRIES GROWING, BONDS SELLING OFF 📊",-0.734,Credit Event,7
T01749,2026-08-31 17:52:00,X-sim,user_9059,GOOGL,"$GOOGL fined again, regulators not messing around",-0.567,Regulatory/Legal,4
T01750,2026-08-31 20:24:00,X-sim,user_1409,XOM,watching $XOM today,-0.036,Other,3
T01751,2026-09-01 06:13:00,X-sim,user_4523,MSFT,watching $MSFT today,-0.047,Other,2
T01752,2026-09-01 07:51:00,X-sim,user_1681,WMT,"$WMT flat, nothing happening #stocks 📊",-0.037,Other,1
T01753,2026-09-01 08:31:00,X-sim,user_6890,JNJ,"$JNJ fined again, regulators not messing around #markets",-0.566,Regulatory/Legal,4
T01754,2026-09-01 09:43:00,X-sim,user_9302,CVX,"$CVX product recall, yikes 😬 🤔",-0.597,Product Launch,5
T01755,2026-09-01 09:51:00,X-sim,user_8570,META,"sold my $META, not liking this #investing",-0.407,Other,3
T01756,2026-09-01 09:59:00,X-sim,user_8765,CVX,ugh $CVX again... down bad 📊,-0.536,Other,4
T01757,2026-09-01 10:13:00,X-sim,user_9734,GS,"BOUGHT MORE $GS ON THE DIP, FEELING GOOD 📈",0.509,Other,4
T01758,2026-09-01 10:21:00,X-sim,user_6476,XOM,"sold my $XOM, not liking this #investing",-0.55,Other,4
T01759,2026-09-01 10:34:00,X-sim,user_5340,JPM,ugh $JPM again... down bad #investing,-0.415,Other,3
T01760,2026-09-01 10:57:00,X-sim,user_5012,MSFT,"$MSFT flat, nothing happening",-0.051,Other,3
T01761,2026-09-01 11:14:00,X-sim,user_5336,CVX,$CVX new launch looks 🔥 early demand is huge,0.714,Product Launch,6
T01762,2026-09-01 12:36:00,X-sim,user_6357,WMT,$WMT looking strong today 🚀 💬,0.289,Other,2
T01763,2026-09-01 13:23:00,X-sim,user_7775,MSFT,"$MSFT CRUSHING IT, BULLISH",0.547,Other,4
T01764,2026-09-01 15:09:00,X-sim,user_1454,JPM,RT @user_6530: anyone have thoughts on $JPM?,0.018,Other,3
T01765,2026-09-01 15:34:00,X-sim,user_9940,META,ugh $META again... down bad,-0.467,Other,3
T01766,2026-09-01 16:00:00,X-sim,user_8154,JNJ,"sold my $JNJ, not liking this #stocks 💬",-0.5,Other,4
T01767,2026-09-01 16:56:00,X-sim,user_9826,META,ANYONE HAVE THOUGHTS ON $META? 🔥,-0.075,Other,3
T01768,2026-09-01 17:56:00,X-sim,user_3824,JPM,"$JPM merger facing antitrust heat, deal at risk",-0.675,Merger/Acquisition,7
T01769,2026-09-01 18:00:00,X-sim,user_8848,XOM,"RT @user_5601: $XOM under investigation, this could get ugly #trading",-0.71,Regulatory/Legal,6
T01770,2026-09-01 18:08:00,X-sim,user_1586,JPM,"$JPM debt worries growing, bonds selling off",-0.74,Credit Event,7
T01771,2026-09-01 18:20:00,X-sim,user_6227,NVDA,$NVDA earnings beat!! EPS way above estimates 🚀 🤔,0.559,Earnings,5
T01772,2026-09-01 18:34:00,X-sim,user_9775,,sanctions + tariffs = chaos for stocks 📉 #geopolitics,-0.809,Geopolitical,8
T01773,2026-09-01 19:32:00,X-sim,user_6177,,"TRADE DEAL SIGNED, FINALLY GOOD NEWS 🎉",0.768,Geopolitical,7
T01774,2026-09-01 19:52:00,X-sim,user_3777,PFE,$PFE new launch looks 🔥 early demand is huge #investing,0.644,Product Launch,6
T01775,2026-09-01 20:02:00,X-sim,user_3177,GOOGL,$GOOGL overpaying for this acquisition imo,-0.494,Merger/Acquisition,3
T01776,2026-09-01 20:11:00,X-sim,user_9263,NVDA,"$NVDA merger facing antitrust heat, deal at risk",-0.608,Merger/Acquisition,6
T01777,2026-09-01 20:13:00,X-sim,user_7925,KO,"$KO product recall, yikes 😬",-0.546,Product Launch,3
T01778,2026-09-01 20:59:00,X-sim,user_3231,AMZN,$AMZN volume is low today #trading,0.02,Other,2
T01779,2026-09-02 06:17:00,X-sim,user_3441,JPM,"$JPM credit upgrade, balance sheet looking healthier ✅ #trading",0.488,Credit Event,3
T01780,2026-09-02 07:14:00,X-sim,user_6209,JPM,$JPM breakout incoming?? 🔥,0.411,Other,3
T01781,2026-09-02 08:10:00,X-sim,user_8587,META,"$META fined again, regulators not messing around",-0.668,Regulatory/Legal,6
T01782,2026-09-02 08:11:00,X-sim,user_8869,META,$META getting hammered rn 📉 #stocks,-0.443,Other,3
T01783,2026-09-02 08:15:00,X-sim,user_5211,MSFT,"$MSFT CRUSHING IT, BULLISH",0.461,Other,3
T01784,2026-09-02 08:30:00,X-sim,user_1692,,"war escalating, markets gonna bleed 😰 #markets",-0.544,Geopolitical,5
T01785,2026-09-02 08:38:00,X-sim,user_1810,PFE,"sold my $PFE, not liking this",-0.549,Other,4
T01786,2026-09-02 08:44:00,X-sim,user_4607,PFE,$PFE volume is low today #investing,0.002,Other,1
T01787,2026-09-02 09:12:00,X-sim,user_8624,,ceasefire!! risk on 🟢 #markets #investing,0.569,Geopolitical,5
T01788,2026-09-02 09:34:00,X-sim,user_1923,XOM,"$XOM product recall, yikes 😬",-0.619,Product Launch,6
T01789,2026-09-02 09:41:00,X-sim,user_8090,GOOGL,$GOOGL missed earnings and cut guide... brutal 📉,-0.45,Earnings,3
T01790,2026-09-02 10:30:00,X-sim,user_3616,BAC,"sold my $BAC, not liking this 👀",-0.475,Other,3
T01791,2026-09-02 11:30:00,X-sim,user_6386,XOM,$XOM breakout incoming?? 🔥,0.378,Other,4
T01792,2026-09-02 11:40:00,X-sim,user_5261,KO,ANYONE HAVE THOUGHTS ON $KO? #TRADING,-0.046,Other,1
T01793,2026-09-02 11:47:00,X-sim,user_3976,KO,watching $KO today,-0.036,Other,3
T01794,2026-09-02 12:41:00,X-sim,user_6919,XOM,$XOM looking strong today 🚀,0.403,Other,2
T01795,2026-09-02 12:48:00,X-sim,user_3463,JNJ,"RT @user_1353: $JNJ delaying the launch again, not good #markets",-0.796,Product Launch,7
T01796,2026-09-02 13:00:00,X-sim,user_1570,NVDA,$NVDA getting hammered rn 📉 #markets 🤔,-0.493,Other,4
T01797,2026-09-02 13:07:00,X-sim,user_3155,GS,"BOUGHT MORE $GS ON THE DIP, FEELING GOOD 📈",0.558,Other,4
T01798,2026-09-02 13:21:00,X-sim,user_4434,JNJ,"$JNJ delaying the launch again, not good",-0.662,Product Launch,6
T01799,2026-09-02 13:30:00,X-sim,user_2319,XOM,$XOM volume is low today,0.068,Other,2
T01800,2026-09-02 13:57:00,X-sim,user_4854,PFE,RT @user_4177: $PFE getting hammered rn 📉,-0.453,Other,2
T01801,2026-09-02 13:57:00,X-sim,user_6832,AMZN,"$AMZN product recall, yikes 😬 #investing 🔥",-0.559,Product Launch,5
T01802,2026-09-02 14:20:00,X-sim,user_6313,,"RT @user_3572: inflation print hot, fed won't cut 😬 #Fed",-0.78,Macroeconomic,7
T01803,2026-09-02 15:18:00,X-sim,user_5716,WMT,$WMT VOLUME IS LOW TODAY 🔥,0.037,Other,2
T01804,2026-09-02 15:24:00,X-sim,user_6278,WMT,"$WMT crushing it, bullish #stocks",0.484,Other,4
T01805,2026-09-02 15:59:00,X-sim,user_7832,GOOGL,$GOOGL breakout incoming?? 🔥,0.528,Other,3
T01806,2026-09-02 16:26:00,X-sim,user_3829,MSFT,$MSFT ACQUISITION COULD BE A GAME CHANGER 👀🔥,0.664,Merger/Acquisition,7
T01807,2026-09-02 16:34:00,X-sim,user_4434,WMT,$WMT wins approval 🎉 big relief,0.706,Regulatory/Legal,6
T01808,2026-09-02 16:46:00,X-sim,user_8291,CVX,$CVX volume is low today 🔥,-0.007,Other,3
T01809,2026-09-02 16:56:00,X-sim,user_8535,XOM,$XOM breakout incoming?? 🔥,0.37,Other,2
T01810,2026-09-02 17:01:00,X-sim,user_3903,JPM,"RT @user_4823: $JPM credit upgrade, balance sheet looking healthier ✅ #trading",0.602,Credit Event,4
T01811,2026-09-02 17:06:00,X-sim,user_6460,NVDA,watching $NVDA today #markets,0.043,Other,3
T01812,2026-09-02 17:07:00,X-sim,user_1612,AAPL,RT @user_3656: anyone have thoughts on $AAPL?,-0.017,Other,1
T01813,2026-09-02 17:23:00,X-sim,user_3419,KO,watching $KO today,-0.049,Other,2
T01814,2026-09-02 17:47:00,X-sim,user_3631,KO,"sold my $KO, not liking this 📊",-0.429,Other,3
T01815,2026-09-02 18:19:00,X-sim,user_4412,JPM,"$JPM downgraded, spreads widening ⚠️ #credit",-0.776,Credit Event,7
T01816,2026-09-02 19:02:00,X-sim,user_5863,GS,$GS volume is low today 🔥,-0.019,Other,1
T01817,2026-09-02 19:33:00,X-sim,user_5996,,RECESSION SIGNALS FLASHING RED 🚨 #MACRO 💬,-0.744,Macroeconomic,7
T01818,2026-09-02 20:16:00,X-sim,user_2148,JPM,"$JPM product recall, yikes 😬",-0.622,Product Launch,5
T01819,2026-09-02 20:47:00,X-sim,user_8544,GS,"$GS MERGER FACING ANTITRUST HEAT, DEAL AT RISK",-0.672,Merger/Acquisition,6
T01820,2026-09-03 06:02:00,X-sim,user_7248,PFE,"$PFE flat, nothing happening",-0.059,Other,1
T01821,2026-09-03 06:12:00,X-sim,user_6131,XOM,"sold my $XOM, not liking this",-0.311,Other,2
T01822,2026-09-03 06:12:00,X-sim,user_2584,BAC,"$BAC credit upgrade, balance sheet looking healthier ✅ #trading",0.489,Credit Event,4
T01823,2026-09-03 07:29:00,X-sim,user_9362,GOOGL,"$GOOGL crushing it, bullish 📊",0.499,Other,3
T01824,2026-09-03 07:43:00,X-sim,user_4811,CVX,"bought more $CVX on the dip, feeling good 📈",0.508,Other,3
T01825,2026-09-03 07:49:00,X-sim,user_8325,BAC,$BAC looks bad 😬 bearish,-0.355,Other,2
T01826,2026-09-03 07:59:00,X-sim,user_1832,MSFT,$MSFT wins approval 🎉 big relief,0.578,Regulatory/Legal,5
T01827,2026-09-03 08:00:00,X-sim,user_7447,PFE,$PFE looking strong today 🚀,0.533,Other,3
T01828,2026-09-03 08:02:00,X-sim,user_2009,JPM,"$JPM flat, nothing happening",0.023,Other,2
T01829,2026-09-03 08:19:00,X-sim,user_9046,GOOGL,RT @user_4642: $GOOGL LOOKS BAD 😬 BEARISH #STOCKS 📊,-0.485,Other,4
T01830,2026-09-03 09:59:00,X-sim,user_4645,MSFT,"$MSFT delaying the launch again, not good",-0.653,Product Launch,6
T01831,2026-09-03 10:05:00,X-sim,user_5479,GS,"$GS flat, nothing happening",-0.073,Other,2
T01832,2026-09-03 10:40:00,X-sim,user_1672,GS,"$GS flat, nothing happening",0.032,Other,3
T01833,2026-09-03 10:58:00,X-sim,user_4593,CVX,"$CVX under investigation, this could get ugly",-0.521,Regulatory/Legal,3
T01834,2026-09-03 11:14:00,X-sim,user_1577,GS,$GS NEW LAUNCH LOOKS 🔥 EARLY DEMAND IS HUGE 🔥,0.509,Product Launch,5
T01835,2026-09-03 11:28:00,X-sim,user_9414,WMT,"$WMT flat, nothing happening 🤔",-0.006,Other,2
T01836,2026-09-03 11:55:00,X-sim,user_9683,GOOGL,watching $GOOGL today #stocks,0.044,Other,2
T01837,2026-09-03 13:10:00,X-sim,user_2664,KO,$KO VOLUME IS LOW TODAY #INVESTING,-0.003,Other,1
T01838,2026-09-03 13:19:00,X-sim,user_9951,JNJ,$JNJ missed earnings and cut guide... brutal 📉,-0.443,Earnings,4
T01839,2026-09-03 13:20:00,X-sim,user_6987,WMT,"$WMT product recall, yikes 😬",-0.739,Product Launch,7
T01840,2026-09-03 13:22:00,X-sim,user_2603,XOM,$XOM acquisition could be a game changer 👀🔥,0.524,Merger/Acquisition,3
T01841,2026-09-03 13:30:00,X-sim,user_7572,NVDA,$NVDA wins approval 🎉 big relief,0.364,Regulatory/Legal,3
T01842,2026-09-03 14:13:00,X-sim,user_2740,PFE,"$PFE downgraded, spreads widening ⚠️ #credit 📊",-0.732,Credit Event,7
T01843,2026-09-03 14:21:00,X-sim,user_6788,NVDA,ugh $NVDA again... down bad,-0.425,Other,2
T01844,2026-09-03 14:23:00,X-sim,user_6529,JNJ,$JNJ volume is low today #trading,-0.023,Other,2
T01845,2026-09-03 14:29:00,X-sim,user_5589,WMT,ANYONE HAVE THOUGHTS ON $WMT?,-0.041,Other,1
T01846,2026-09-03 14:32:00,X-sim,user_6329,CVX,watching $CVX today #markets,-0.057,Other,1
T01847,2026-09-03 14:42:00,X-sim,user_9281,GS,$GS OVERPAYING FOR THIS ACQUISITION IMO,-0.569,Merger/Acquisition,5
T01848,2026-09-03 15:00:00,X-sim,user_2648,XOM,anyone have thoughts on $XOM?,0.035,Other,2
T01849,2026-09-03 15:21:00,X-sim,user_3976,CVX,$CVX volume is low today,-0.008,Other,2
T01850,2026-09-03 15:32:00,X-sim,user_7585,,"inflation print hot, fed won't cut 😬 #Fed",-0.458,Macroeconomic,4
T01851,2026-09-03 15:46:00,X-sim,user_3486,KO,$KO getting hammered rn 📉 💬,-0.253,Other,2
T01852,2026-09-03 15:57:00,X-sim,user_4407,AMZN,"$AMZN fined again, regulators not messing around",-0.461,Regulatory/Legal,3
T01853,2026-09-03 16:44:00,X-sim,user_6597,KO,$KO looking strong today 🚀,0.508,Other,4
T01854,2026-09-03 16:52:00,X-sim,user_8994,PFE,$PFE acquisition could be a game changer 👀🔥,0.491,Merger/Acquisition,4
T01855,2026-09-03 16:58:00,X-sim,user_4277,GOOGL,$GOOGL looks bad 😬 bearish,-0.41,Other,2
T01856,2026-09-03 17:11:00,X-sim,user_9507,KO,"$KO debt worries growing, bonds selling off",-0.802,Credit Event,7
T01857,2026-09-03 17:26:00,X-sim,user_3120,AMZN,$AMZN getting hammered rn 📉,-0.316,Other,2
T01858,2026-09-03 17:58:00,X-sim,user_4599,GOOGL,watching $GOOGL today,-0.067,Other,2
T01859,2026-09-03 18:21:00,X-sim,user_3362,,"inflation print hot, fed won't cut 😬 #Fed #investing",-0.47,Macroeconomic,4
T01860,2026-09-03 19:01:00,X-sim,user_3470,GS,$GS wins approval 🎉 big relief,0.657,Regulatory/Legal,6
T01861,2026-09-03 19:37:00,X-sim,user_9747,WMT,$WMT wins approval 🎉 big relief,0.675,Regulatory/Legal,7
T01862,2026-09-04 06:30:00,X-sim,user_7077,AMZN,$AMZN getting hammered rn 📉,-0.56,Other,4
T01863,2026-09-04 06:31:00,X-sim,user_6352,JNJ,"$JNJ flat, nothing happening 💬",0.092,Other,2
T01864,2026-09-04 06:49:00,X-sim,user_8227,BAC,"$BAC fined again, regulators not messing around",-0.348,Regulatory/Legal,3
T01865,2026-09-04 07:27:00,X-sim,user_2520,GOOGL,"bought more $GOOGL on the dip, feeling good 📈 💬",0.437,Other,2
T01866,2026-09-04 08:30:00,X-sim,user_3949,CVX,"$CVX fined again, regulators not messing around #trading",-0.51,Regulatory/Legal,4
T01867,2026-09-04 08:38:00,X-sim,user_4990,,"cpi cooled, rate cuts soon? 📈 #Fed 🔥",0.627,Macroeconomic,6
T01868,2026-09-04 08:52:00,X-sim,user_5915,AMZN,watching $AMZN today,0.002,Other,1
T01869,2026-09-04 09:05:00,X-sim,user_6907,CVX,$CVX volume is low today,-0.09,Other,3
T01870,2026-09-04 09:16:00,X-sim,user_1946,XOM,$XOM earnings beat!! EPS way above estimates 🚀,0.672,Earnings,6
T01871,2026-09-04 10:10:00,X-sim,user_3365,MSFT,"$MSFT delaying the launch again, not good",-0.678,Product Launch,5
T01872,2026-09-04 10:17:00,X-sim,user_1472,NVDA,anyone have thoughts on $NVDA?,0.036,Other,3
T01873,2026-09-04 10:29:00,X-sim,user_7854,AMZN,"$AMZN FLAT, NOTHING HAPPENING",0.049,Other,2
T01874,2026-09-04 10:34:00,X-sim,user_4808,META,$META getting hammered rn 📉,-0.424,Other,2
T01875,2026-09-04 10:48:00,X-sim,user_7892,GOOGL,"$GOOGL FLAT, NOTHING HAPPENING 🤔",0.015,Other,3
T01876,2026-09-04 12:25:00,X-sim,user_3002,META,"bought more $META on the dip, feeling good 📈",0.398,Other,2
T01877,2026-09-04 12:30:00,X-sim,user_8534,KO,$KO volume is low today 💬,0.075,Other,1
T01878,2026-09-04 12:39:00,X-sim,user_4425,META,$META breakout incoming?? 🔥 #stocks,0.531,Other,4
T01879,2026-09-04 12:48:00,X-sim,user_7036,AMZN,"$AMZN downgraded, spreads widening ⚠️ #credit",-0.42,Credit Event,3
T01880,2026-09-04 13:01:00,X-sim,user_5501,JPM,"sold my $JPM, not liking this #trading 🤔",-0.465,Other,3
T01881,2026-09-04 13:18:00,X-sim,user_7610,MSFT,watching $MSFT today #investing,-0.045,Other,3
T01882,2026-09-04 13:22:00,X-sim,user_7998,META,"$META fined again, regulators not messing around",-0.391,Regulatory/Legal,3
T01883,2026-09-04 13:35:00,X-sim,user_1015,JPM,"bought more $JPM on the dip, feeling good 📈 🔥",0.42,Other,2
T01884,2026-09-04 13:48:00,X-sim,user_6302,MSFT,"$MSFT crushing it, bullish",0.302,Other,2
T01885,2026-09-04 13:55:00,X-sim,user_8223,PFE,$PFE looks bad 😬 bearish,-0.33,Other,2
T01886,2026-09-04 15:02:00,X-sim,user_9290,BAC,UGH $BAC AGAIN... DOWN BAD 🔥,-0.38,Other,2
T01887,2026-09-04 15:41:00,X-sim,user_5558,CVX,$CVX new launch looks 🔥 early demand is huge 👀,0.561,Product Launch,5
T01888,2026-09-04 18:08:00,X-sim,user_6686,JPM,$JPM looks bad 😬 bearish,-0.487,Other,4
T01889,2026-09-04 18:41:00,X-sim,user_5150,JNJ,$JNJ missed earnings and cut guide... brutal 📉 #stocks,-0.593,Earnings,5
T01890,2026-09-04 19:13:00,X-sim,user_6307,GOOGL,"$GOOGL crushing it, bullish #markets",0.363,Other,3
T01891,2026-09-04 19:43:00,X-sim,user_6928,CVX,"$CVX flat, nothing happening #stocks 🤔",0.022,Other,1
T01892,2026-09-04 19:58:00,X-sim,user_1673,KO,"$KO fined again, regulators not messing around",-0.643,Regulatory/Legal,6
T01893,2026-09-04 20:31:00,X-sim,user_9808,AAPL,"$AAPL margins shrinking, earnings were weak #markets",-0.575,Earnings,4
T01894,2026-09-07 06:04:00,X-sim,user_8434,PFE,$PFE getting hammered rn 📉 🔥,-0.529,Other,3
T01895,2026-09-07 06:33:00,X-sim,user_1733,GOOGL,watching $GOOGL today,0.041,Other,1
T01896,2026-09-07 06:34:00,X-sim,user_2242,AMZN,anyone have thoughts on $AMZN? #stocks,0.036,Other,2
T01897,2026-09-07 07:08:00,X-sim,user_9601,BAC,"$BAC debt worries growing, bonds selling off",-0.765,Credit Event,7
T01898,2026-09-07 07:36:00,X-sim,user_4516,CVX,ugh $CVX again... down bad #markets,-0.53,Other,3
T01899,2026-09-07 08:19:00,X-sim,user_3587,BAC,"$BAC debt worries growing, bonds selling off #trading",-0.645,Credit Event,7
T01900,2026-09-07 08:32:00,X-sim,user_6951,META,$META acquisition could be a game changer 👀🔥,0.692,Merger/Acquisition,6
T01901,2026-09-07 09:15:00,X-sim,user_4360,WMT,$WMT LOOKS BAD 😬 BEARISH,-0.523,Other,4
T01902,2026-09-07 09:48:00,X-sim,user_2174,BAC,ugh $BAC again... down bad,-0.403,Other,2
T01903,2026-09-07 11:01:00,X-sim,user_7833,GOOGL,anyone have thoughts on $GOOGL?,0.022,Other,1
T01904,2026-09-07 11:30:00,X-sim,user_4856,BAC,$BAC volume is low today #markets,0.093,Other,2
T01905,2026-09-07 11:34:00,X-sim,user_9800,,"jobs data strong, soft landing vibes ✅ #macro",0.475,Macroeconomic,5
T01906,2026-09-07 11:51:00,X-sim,user_4993,,sanctions + tariffs = chaos for stocks 📉 #geopolitics,-0.653,Geopolitical,5
T01907,2026-09-07 11:54:00,X-sim,user_2909,JNJ,"$JNJ flat, nothing happening",-0.082,Other,2
T01908,2026-09-07 11:58:00,X-sim,user_1705,AMZN,"$AMZN fined again, regulators not messing around",-0.764,Regulatory/Legal,6
T01909,2026-09-07 12:02:00,X-sim,user_7954,AAPL,RT @user_7338: ugh $AAPL again... down bad,-0.486,Other,4
T01910,2026-09-07 12:22:00,X-sim,user_7531,JPM,"$JPM margins shrinking, earnings were weak",-0.793,Earnings,7
T01911,2026-09-07 12:45:00,X-sim,user_6195,JNJ,WATCHING $JNJ TODAY,-0.058,Other,3
T01912,2026-09-07 13:05:00,X-sim,user_7489,AAPL,$AAPL overpaying for this acquisition imo #stocks,-0.735,Merger/Acquisition,5
T01913,2026-09-07 13:24:00,X-sim,user_3716,,"trade deal signed, finally good news 🎉",0.576,Geopolitical,6
T01914,2026-09-07 13:55:00,X-sim,user_8267,META,$META getting hammered rn 📉,-0.464,Other,3
T01915,2026-09-07 14:16:00,X-sim,user_9678,,"CPI COOLED, RATE CUTS SOON? 📈 #FED",0.499,Macroeconomic,4
T01916,2026-09-07 14:54:00,X-sim,user_9072,META,"$META flat, nothing happening #stocks",-0.006,Other,2
T01917,2026-09-07 15:09:00,X-sim,user_9929,KO,ugh $KO again... down bad,-0.404,Other,3
T01918,2026-09-07 15:11:00,X-sim,user_4357,JNJ,anyone have thoughts on $JNJ?,0.103,Other,2
T01919,2026-09-07 15:22:00,X-sim,user_2329,AAPL,$AAPL new launch looks 🔥 early demand is huge,0.61,Product Launch,4
T01920,2026-09-07 16:21:00,X-sim,user_2344,JNJ,$JNJ new launch looks 🔥 early demand is huge #trading,0.626,Product Launch,6
T01921,2026-09-07 16:26:00,X-sim,user_8160,AAPL,"$AAPL credit upgrade, balance sheet looking healthier ✅",0.633,Credit Event,5
T01922,2026-09-07 16:31:00,X-sim,user_9189,NVDA,$NVDA volume is low today,-0.006,Other,2
T01923,2026-09-07 17:02:00,X-sim,user_3032,XOM,$XOM getting hammered rn 📉 #markets,-0.591,Other,4
T01924,2026-09-07 17:04:00,X-sim,user_8757,BAC,ugh $BAC again... down bad,-0.498,Other,3
T01925,2026-09-07 17:13:00,X-sim,user_3330,KO,"sold my $KO, not liking this #stocks",-0.498,Other,3
T01926,2026-09-07 17:25:00,X-sim,user_8570,XOM,"$XOM downgraded, spreads widening ⚠️ #credit #trading",-0.439,Credit Event,3
T01927,2026-09-07 17:30:00,X-sim,user_4197,GOOGL,"$GOOGL credit upgrade, balance sheet looking healthier ✅",0.537,Credit Event,4
T01928,2026-09-07 17:33:00,X-sim,user_4919,GOOGL,$GOOGL breakout incoming?? 🔥 #markets,0.441,Other,2
T01929,2026-09-07 17:55:00,X-sim,user_4153,META,$META new launch looks 🔥 early demand is huge,0.446,Product Launch,3
T01930,2026-09-07 18:47:00,X-sim,user_7130,MSFT,$MSFT getting hammered rn 📉,-0.455,Other,3
T01931,2026-09-07 19:01:00,X-sim,user_8079,GS,$GS looking strong today 🚀 #investing,0.438,Other,3
T01932,2026-09-07 19:08:00,X-sim,user_7304,JPM,$JPM looks bad 😬 bearish 👀,-0.572,Other,4
T01933,2026-09-07 20:11:00,X-sim,user_1493,CVX,"$CVX credit upgrade, balance sheet looking healthier ✅ #investing",0.677,Credit Event,6
T01934,2026-09-07 20:26:00,X-sim,user_3566,MSFT,WATCHING $MSFT TODAY,0.081,Other,3
T01935,2026-09-08 06:59:00,X-sim,user_8234,BAC,$BAC getting hammered rn 📉 #stocks,-0.315,Other,2
T01936,2026-09-08 07:05:00,X-sim,user_7843,JNJ,"sold my $JNJ, not liking this #markets",-0.36,Other,2
T01937,2026-09-08 07:08:00,X-sim,user_9045,,"inflation print hot, fed won't cut 😬 #Fed #investing",-0.569,Macroeconomic,6
T01938,2026-09-08 07:24:00,X-sim,user_9657,KO,watching $KO today,-0.009,Other,1
T01939,2026-09-08 07:34:00,X-sim,user_6375,GS,"bought more $GS on the dip, feeling good 📈 #investing",0.564,Other,3
T01940,2026-09-08 07:46:00,X-sim,user_7125,XOM,RT @user_5076: anyone have thoughts on $XOM?,-0.011,Other,1
T01941,2026-09-08 08:43:00,X-sim,user_4796,,"war escalating, markets gonna bleed 😰 #markets",-0.577,Geopolitical,4
T01942,2026-09-08 09:04:00,X-sim,user_9485,GS,$GS looks bad 😬 bearish 💬,-0.42,Other,2
T01943,2026-09-08 09:23:00,X-sim,user_6613,KO,"sold my $KO, not liking this",-0.273,Other,2
T01944,2026-09-08 09:30:00,X-sim,user_6167,PFE,$PFE earnings beat!! EPS way above estimates 🚀 📊,0.644,Earnings,4
T01945,2026-09-08 09:31:00,X-sim,user_8873,XOM,ugh $XOM again... down bad,-0.546,Other,4
T01946,2026-09-08 09:49:00,X-sim,user_6149,AAPL,$AAPL earnings beat!! EPS way above estimates 🚀,0.829,Earnings,7
T01947,2026-09-08 10:00:00,X-sim,user_4571,,recession signals flashing red 🚨 #macro,-0.553,Macroeconomic,5
T01948,2026-09-08 10:14:00,X-sim,user_2167,JPM,$JPM getting hammered rn 📉 💬,-0.695,Other,4
T01949,2026-09-08 10:21:00,X-sim,user_1939,JPM,$JPM new launch looks 🔥 early demand is huge #markets,0.577,Product Launch,5
T01950,2026-09-08 10:33:00,X-sim,user_7368,AAPL,$AAPL new launch looks 🔥 early demand is huge,0.52,Product Launch,4
T01951,2026-09-08 10:53:00,X-sim,user_6274,WMT,$WMT looking strong today 🚀,0.41,Other,2
T01952,2026-09-08 11:11:00,X-sim,user_6901,GS,"bought more $GS on the dip, feeling good 📈",0.373,Other,3
T01953,2026-09-08 11:31:00,X-sim,user_3322,NVDA,"$NVDA product recall, yikes 😬",-0.459,Product Launch,3
T01954,2026-09-08 11:40:00,X-sim,user_1805,XOM,ugh $XOM again... down bad,-0.534,Other,3
T01955,2026-09-08 11:42:00,X-sim,user_7055,WMT,watching $WMT today #trading,-0.083,Other,1
T01956,2026-09-08 11:45:00,X-sim,user_6579,JNJ,$JNJ volume is low today,-0.03,Other,2
T01957,2026-09-08 12:11:00,X-sim,user_3901,WMT,$WMT new launch looks 🔥 early demand is huge #stocks,0.814,Product Launch,7
T01958,2026-09-08 12:25:00,X-sim,user_6380,GS,$GS looking strong today 🚀,0.356,Other,2
T01959,2026-09-08 12:26:00,X-sim,user_5154,PFE,$PFE looking strong today 🚀 #markets,0.52,Other,4
T01960,2026-09-08 12:43:00,X-sim,user_7429,,ceasefire!! risk on 🟢 #markets,0.543,Geopolitical,6
T01961,2026-09-08 13:02:00,X-sim,user_6579,META,"$META margins shrinking, earnings were weak 💬",-0.437,Earnings,3
T01962,2026-09-08 13:59:00,X-sim,user_9545,BAC,$BAC getting hammered rn 📉,-0.65,Other,4
T01963,2026-09-08 14:35:00,X-sim,user_7326,,recession signals flashing red 🚨 #macro,-0.546,Macroeconomic,5
T01964,2026-09-08 14:39:00,X-sim,user_2212,JPM,"$JPM crushing it, bullish #investing",0.497,Other,4
T01965,2026-09-08 14:41:00,X-sim,user_4090,GS,RT @user_6068: anyone have thoughts on $GS?,0.115,Other,1
T01966,2026-09-08 14:53:00,X-sim,user_4937,,"trade deal signed, finally good news 🎉 #stocks",0.8,Geopolitical,7
T01967,2026-09-08 14:57:00,X-sim,user_1705,,"RT @user_3313: jobs data strong, soft landing vibes ✅ #macro",0.72,Macroeconomic,6
T01968,2026-09-08 15:53:00,X-sim,user_3964,AAPL,$AAPL breakout incoming?? 🔥 #stocks 🤔,0.449,Other,4
T01969,2026-09-08 16:23:00,X-sim,user_6389,GOOGL,watching $GOOGL today,-0.056,Other,1
T01970,2026-09-08 16:43:00,X-sim,user_6035,GS,$GS getting hammered rn 📉,-0.416,Other,2
T01971,2026-09-08 17:06:00,X-sim,user_2657,,RT @user_3243: recession signals flashing red 🚨 #macro,-0.569,Macroeconomic,5
T01972,2026-09-08 18:26:00,X-sim,user_8722,NVDA,"$NVDA flat, nothing happening",0.061,Other,1
T01973,2026-09-08 19:02:00,X-sim,user_5378,AMZN,"$AMZN crushing it, bullish #stocks 🔥",0.574,Other,4
T01974,2026-09-08 19:04:00,X-sim,user_8864,GS,$GS looks bad 😬 bearish #stocks,-0.511,Other,4
T01975,2026-09-08 19:12:00,X-sim,user_5773,KO,"$KO downgraded, spreads widening ⚠️ #credit",-0.783,Credit Event,7
T01976,2026-09-08 19:26:00,X-sim,user_9893,GOOGL,"$GOOGL flat, nothing happening #stocks 🤔",-0.037,Other,2
T01977,2026-09-08 19:36:00,X-sim,user_1885,NVDA,$NVDA looks bad 😬 bearish,-0.653,Other,4
T01978,2026-09-08 19:40:00,X-sim,user_2055,META,ugh $META again... down bad,-0.376,Other,2
T01979,2026-09-08 19:41:00,X-sim,user_2329,NVDA,"$NVDA delaying the launch again, not good #trading",-0.58,Product Launch,6
T01980,2026-09-08 19:49:00,X-sim,user_7320,KO,$KO acquisition could be a game changer 👀🔥 #markets,0.544,Merger/Acquisition,5
T01981,2026-09-08 20:36:00,X-sim,user_6845,AMZN,$AMZN volume is low today,-0.009,Other,1
T01982,2026-09-08 20:51:00,X-sim,user_6426,GOOGL,$GOOGL looks bad 😬 bearish,-0.365,Other,2
T01983,2026-09-09 06:10:00,X-sim,user_4512,JPM,RT @user_9078: $JPM volume is low today #trading,-0.029,Other,3
T01984,2026-09-09 06:18:00,X-sim,user_3493,PFE,$PFE breakout incoming?? 🔥 #stocks,0.32,Other,2
T01985,2026-09-09 06:34:00,X-sim,user_8650,KO,"sold my $KO, not liking this #trading",-0.436,Other,3
T01986,2026-09-09 06:49:00,X-sim,user_6323,WMT,$WMT getting hammered rn 📉,-0.525,Other,4
T01987,2026-09-09 06:52:00,X-sim,user_6681,WMT,RT @user_6875: anyone have thoughts on $WMT?,-0.03,Other,2
T01988,2026-09-09 07:23:00,X-sim,user_5830,JNJ,"RT @user_5811: $JNJ MARGINS SHRINKING, EARNINGS WERE WEAK",-0.68,Earnings,7
T01989,2026-09-09 07:26:00,X-sim,user_7381,META,$META looking strong today 🚀,0.614,Other,4
T01990,2026-09-09 07:52:00,X-sim,user_9783,BAC,$BAC volume is low today,0.066,Other,2
T01991,2026-09-09 08:14:00,X-sim,user_7309,,"cpi cooled, rate cuts soon? 📈 #Fed #markets",0.78,Macroeconomic,8
T01992,2026-09-09 08:27:00,X-sim,user_4968,NVDA,"sold my $NVDA, not liking this 🤔",-0.323,Other,2
T01993,2026-09-09 09:25:00,X-sim,user_7383,JPM,"$JPM MERGER FACING ANTITRUST HEAT, DEAL AT RISK",-0.617,Merger/Acquisition,4
T01994,2026-09-09 10:11:00,X-sim,user_2510,CVX,watching $CVX today,-0.122,Other,2
T01995,2026-09-09 10:17:00,X-sim,user_1322,CVX,$CVX looks bad 😬 bearish 💬,-0.438,Other,3
T01996,2026-09-09 10:17:00,X-sim,user_5198,PFE,"$PFE fined again, regulators not messing around 🤔",-0.653,Regulatory/Legal,6
T01997,2026-09-09 10:45:00,X-sim,user_2998,PFE,"RT @user_4981: $PFE flat, nothing happening",0.051,Other,1
T01998,2026-09-09 11:14:00,X-sim,user_5731,,"war escalating, markets gonna bleed 😰 #markets",-0.602,Geopolitical,5
T01999,2026-09-09 11:38:00,X-sim,user_9217,JNJ,"sold my $JNJ, not liking this",-0.523,Other,3
T02000,2026-09-09 11:40:00,X-sim,user_8940,CVX,"SOLD MY $CVX, NOT LIKING THIS #MARKETS",-0.56,Other,4
T02001,2026-09-09 12:00:00,X-sim,user_1879,,"CPI COOLED, RATE CUTS SOON? 📈 #FED",0.772,Macroeconomic,6
T02002,2026-09-09 12:59:00,X-sim,user_9231,NVDA,$NVDA new launch looks 🔥 early demand is huge #markets,0.713,Product Launch,7
T02003,2026-09-09 13:44:00,X-sim,user_2142,GOOGL,"$GOOGL fined again, regulators not messing around",-0.642,Regulatory/Legal,5
T02004,2026-09-09 13:51:00,X-sim,user_1696,META,"$META flat, nothing happening",-0.037,Other,2
T02005,2026-09-09 14:09:00,X-sim,user_8063,NVDA,$NVDA missed earnings and cut guide... brutal 📉,-0.633,Earnings,5
T02006,2026-09-09 15:00:00,X-sim,user_6875,GS,$GS breakout incoming?? 🔥,0.635,Other,4
T02007,2026-09-09 15:18:00,X-sim,user_2898,MSFT,$MSFT missed earnings and cut guide... brutal 📉 #markets,-0.59,Earnings,4
T02008,2026-09-09 15:38:00,X-sim,user_1186,GOOGL,$GOOGL wins approval 🎉 big relief,0.544,Regulatory/Legal,4
T02009,2026-09-09 16:00:00,X-sim,user_7901,BAC,anyone have thoughts on $BAC? #investing,0.056,Other,1
T02010,2026-09-09 16:07:00,X-sim,user_9336,AAPL,"$AAPL crushing it, bullish 💬",0.381,Other,2
T02011,2026-09-09 18:33:00,X-sim,user_8139,BAC,"$BAC flat, nothing happening",-0.139,Other,2
T02012,2026-09-09 18:39:00,X-sim,user_4611,MSFT,watching $MSFT today,0.108,Other,1
T02013,2026-09-09 19:51:00,X-sim,user_1007,KO,"bought more $KO on the dip, feeling good 📈",0.385,Other,2
T02014,2026-09-09 19:57:00,X-sim,user_2832,META,$META breakout incoming?? 🔥,0.603,Other,4
T02015,2026-09-09 20:17:00,X-sim,user_1239,,sanctions + tariffs = chaos for stocks 📉 #geopolitics #markets,-0.539,Geopolitical,4
T02016,2026-09-09 20:18:00,X-sim,user_4666,CVX,"SOLD MY $CVX, NOT LIKING THIS",-0.55,Other,4
T02017,2026-09-09 20:58:00,X-sim,user_8771,,"trade deal signed, finally good news 🎉 #markets 📊",0.631,Geopolitical,5
T02018,2026-09-10 06:18:00,X-sim,user_2006,GOOGL,"$GOOGL flat, nothing happening 💬",0.059,Other,1
T02019,2026-09-10 06:30:00,X-sim,user_7993,GS,"$GS debt worries growing, bonds selling off #trading",-0.596,Credit Event,5
T02020,2026-09-10 07:32:00,X-sim,user_5608,GOOGL,"$GOOGL merger facing antitrust heat, deal at risk 🔥",-0.686,Merger/Acquisition,4
T02021,2026-09-10 07:42:00,X-sim,user_8604,JNJ,"$JNJ under investigation, this could get ugly",-0.599,Regulatory/Legal,4
T02022,2026-09-10 08:05:00,X-sim,user_4312,JNJ,"RT @user_7696: $JNJ fined again, regulators not messing around #trading",-0.631,Regulatory/Legal,6
T02023,2026-09-10 08:20:00,X-sim,user_7609,KO,anyone have thoughts on $KO? #investing 👀,-0.005,Other,3
T02024,2026-09-10 08:21:00,X-sim,user_4442,META,"sold my $META, not liking this #trading",-0.509,Other,4
T02025,2026-09-10 08:32:00,X-sim,user_1075,NVDA,"$NVDA flat, nothing happening",-0.129,Other,2
T02026,2026-09-10 08:36:00,X-sim,user_7357,WMT,$WMT getting hammered rn 📉,-0.382,Other,2
T02027,2026-09-10 08:46:00,X-sim,user_4396,XOM,ugh $XOM again... down bad,-0.499,Other,3
T02028,2026-09-10 08:49:00,X-sim,user_3828,META,"bought more $META on the dip, feeling good 📈 📊",0.45,Other,3
T02029,2026-09-10 09:21:00,X-sim,user_3732,NVDA,watching $NVDA today,-0.007,Other,2
T02030,2026-09-10 10:17:00,X-sim,user_3377,AMZN,"bought more $AMZN on the dip, feeling good 📈",0.498,Other,4
T02031,2026-09-10 10:39:00,X-sim,user_8110,PFE,$PFE wins approval 🎉 big relief #investing,0.554,Regulatory/Legal,4
T02032,2026-09-10 10:40:00,X-sim,user_1263,JNJ,"$JNJ flat, nothing happening",-0.059,Other,3
T02033,2026-09-10 10:47:00,X-sim,user_3029,GS,$GS wins approval 🎉 big relief #markets,0.829,Regulatory/Legal,7
T02034,2026-09-10 11:15:00,X-sim,user_2075,CVX,"$CVX flat, nothing happening",0.027,Other,2
T02035,2026-09-10 11:34:00,X-sim,user_8254,XOM,"$XOM credit upgrade, balance sheet looking healthier ✅ #stocks",0.511,Credit Event,4
T02036,2026-09-10 11:36:00,X-sim,user_7554,JPM,"sold my $JPM, not liking this",-0.45,Other,2
T02037,2026-09-10 11:37:00,X-sim,user_8514,GOOGL,watching $GOOGL today,0.089,Other,3
T02038,2026-09-10 11:38:00,X-sim,user_1936,BAC,"$BAC flat, nothing happening",-0.007,Other,1
T02039,2026-09-10 11:50:00,X-sim,user_1639,WMT,"$WMT margins shrinking, earnings were weak #markets",-0.77,Earnings,6
T02040,2026-09-10 11:59:00,X-sim,user_8176,GOOGL,"$GOOGL crushing it, bullish",0.436,Other,3
T02041,2026-09-10 12:06:00,X-sim,user_3415,BAC,"$BAC DELAYING THE LAUNCH AGAIN, NOT GOOD 📊",-0.517,Product Launch,3
T02042,2026-09-10 12:16:00,X-sim,user_2601,NVDA,watching $NVDA today #stocks,0.066,Other,3
T02043,2026-09-10 12:33:00,X-sim,user_6610,META,watching $META today,-0.085,Other,1
T02044,2026-09-10 12:37:00,X-sim,user_1602,CVX,"$CVX FLAT, NOTHING HAPPENING",-0.106,Other,1
T02045,2026-09-10 13:02:00,X-sim,user_8109,NVDA,$NVDA getting hammered rn 📉,-0.487,Other,3
T02046,2026-09-10 14:06:00,X-sim,user_9844,NVDA,ugh $NVDA again... down bad #investing,-0.479,Other,3
T02047,2026-09-10 14:17:00,X-sim,user_3870,GS,$GS volume is low today 🔥,0.03,Other,2
T02048,2026-09-10 14:27:00,X-sim,user_1050,CVX,$CVX volume is low today,-0.136,Other,1
T02049,2026-09-10 14:33:00,X-sim,user_7586,NVDA,"sold my $NVDA, not liking this",-0.304,Other,2
T02050,2026-09-10 14:46:00,X-sim,user_8092,JNJ,$JNJ volume is low today #trading,-0.018,Other,2
T02051,2026-09-10 14:52:00,X-sim,user_5849,WMT,$WMT volume is low today,-0.069,Other,1
T02052,2026-09-10 15:17:00,X-sim,user_4020,XOM,"$XOM crushing it, bullish",0.461,Other,3
T02053,2026-09-10 16:18:00,X-sim,user_3569,META,"RT @user_6234: $META flat, nothing happening",-0.015,Other,1
T02054,2026-09-10 16:25:00,X-sim,user_2649,BAC,"$BAC flat, nothing happening",-0.014,Other,1
T02055,2026-09-10 18:06:00,X-sim,user_1560,JPM,$JPM looks bad 😬 bearish,-0.415,Other,3
T02056,2026-09-10 18:45:00,X-sim,user_2665,AMZN,"$AMZN flat, nothing happening #markets",0.102,Other,2
T02057,2026-09-10 18:48:00,X-sim,user_1086,JPM,watching $JPM today,-0.009,Other,2
T02058,2026-09-10 19:02:00,X-sim,user_4172,MSFT,"$MSFT SMASHING GUIDANCE, LOADING UP 📈",0.547,Earnings,5
T02059,2026-09-10 19:46:00,X-sim,user_7310,GS,RT @user_7316: $GS WINS APPROVAL 🎉 BIG RELIEF #MARKETS,0.754,Regulatory/Legal,7
T02060,2026-09-10 19:50:00,X-sim,user_9940,KO,RT @user_4025: $KO new launch looks 🔥 early demand is huge #stocks,0.559,Product Launch,4
T02061,2026-09-10 20:12:00,X-sim,user_8181,AAPL,$AAPL missed earnings and cut guide... brutal 📉 💬,-0.606,Earnings,5
T02062,2026-09-10 20:23:00,X-sim,user_9949,CVX,"$CVX UNDER INVESTIGATION, THIS COULD GET UGLY",-0.567,Regulatory/Legal,5
T02063,2026-09-10 20:25:00,X-sim,user_3662,PFE,"$PFE product recall, yikes 😬",-0.794,Product Launch,7
T02064,2026-09-10 20:27:00,X-sim,user_6559,JPM,$JPM getting hammered rn 📉,-0.34,Other,2
T02065,2026-09-10 20:37:00,X-sim,user_1854,,"inflation print hot, fed won't cut 😬 #Fed",-0.888,Macroeconomic,8
T02066,2026-09-10 20:55:00,X-sim,user_5541,AMZN,$AMZN volume is low today #trading,-0.019,Other,1
T02067,2026-09-10 20:58:00,X-sim,user_7049,,"TRADE DEAL SIGNED, FINALLY GOOD NEWS 🎉",0.622,Geopolitical,4
T02068,2026-09-11 06:11:00,X-sim,user_3132,AMZN,$AMZN getting hammered rn 📉,-0.436,Other,2
T02069,2026-09-11 07:21:00,X-sim,user_6111,JPM,"$JPM margins shrinking, earnings were weak",-0.506,Earnings,3
T02070,2026-09-11 07:49:00,X-sim,user_8652,MSFT,anyone have thoughts on $MSFT? 🤔,0.113,Other,1
T02071,2026-09-11 07:57:00,X-sim,user_5965,JPM,$JPM looks bad 😬 bearish,-0.447,Other,2
T02072,2026-09-11 08:24:00,X-sim,user_4762,NVDA,$NVDA volume is low today 👀,-0.054,Other,2
T02073,2026-09-11 08:43:00,X-sim,user_3926,JPM,"$JPM product recall, yikes 😬 #stocks",-0.592,Product Launch,4
T02074,2026-09-11 09:19:00,X-sim,user_5119,GOOGL,$GOOGL volume is low today,-0.014,Other,2
T02075,2026-09-11 09:24:00,X-sim,user_1059,WMT,"RT @user_4362: $WMT flat, nothing happening",-0.069,Other,2
T02076,2026-09-11 10:12:00,X-sim,user_3075,CVX,RT @user_7153: $CVX volume is low today,-0.005,Other,1
T02077,2026-09-11 10:20:00,X-sim,user_5992,CVX,$CVX looks bad 😬 bearish,-0.401,Other,2
T02078,2026-09-11 10:47:00,X-sim,user_1990,CVX,watching $CVX today,-0.071,Other,3
T02079,2026-09-11 10:49:00,X-sim,user_8000,XOM,$XOM looking strong today 🚀,0.6,Other,4
T02080,2026-09-11 10:50:00,X-sim,user_5885,KO,"$KO merger facing antitrust heat, deal at risk #stocks",-0.68,Merger/Acquisition,5
T02081,2026-09-11 10:57:00,X-sim,user_8025,JNJ,"$JNJ downgraded, spreads widening ⚠️ #credit",-0.582,Credit Event,3
T02082,2026-09-11 11:35:00,X-sim,user_1040,JNJ,$JNJ volume is low today,-0.112,Other,2
T02083,2026-09-11 11:55:00,X-sim,user_8994,JPM,"$JPM fined again, regulators not messing around 👀",-0.599,Regulatory/Legal,5
T02084,2026-09-11 13:07:00,X-sim,user_7619,NVDA,ANYONE HAVE THOUGHTS ON $NVDA?,0.063,Other,3
T02085,2026-09-11 14:16:00,X-sim,user_2082,GOOGL,watching $GOOGL today 🤔,0.005,Other,1
T02086,2026-09-11 14:32:00,X-sim,user_1336,GOOGL,$GOOGL acquisition could be a game changer 👀🔥,0.563,Merger/Acquisition,4
T02087,2026-09-11 14:50:00,X-sim,user_6380,JPM,"bought more $JPM on the dip, feeling good 📈",0.432,Other,4
T02088,2026-09-11 14:57:00,X-sim,user_9985,KO,$KO BREAKOUT INCOMING?? 🔥 #MARKETS,0.359,Other,2
T02089,2026-09-11 15:22:00,X-sim,user_4699,WMT,$WMT getting hammered rn 📉,-0.333,Other,2
T02090,2026-09-11 16:34:00,X-sim,user_8147,KO,$KO breakout incoming?? 🔥,0.36,Other,2
T02091,2026-09-11 16:45:00,X-sim,user_2138,GS,"bought more $GS on the dip, feeling good 📈 👀",0.387,Other,2
T02092,2026-09-11 17:05:00,X-sim,user_5232,BAC,$BAC earnings beat!! EPS way above estimates 🚀 💬,0.568,Earnings,4
T02093,2026-09-11 17:32:00,X-sim,user_6824,,recession signals flashing red 🚨 #macro 🔥,-0.53,Macroeconomic,5
T02094,2026-09-11 17:47:00,X-sim,user_7530,GS,"$GS flat, nothing happening",-0.045,Other,2
T02095,2026-09-11 18:30:00,X-sim,user_8898,WMT,"$WMT flat, nothing happening #trading",0.061,Other,1
T02096,2026-09-11 18:52:00,X-sim,user_1920,GOOGL,"$GOOGL flat, nothing happening",-0.04,Other,3
T02097,2026-09-11 20:10:00,X-sim,user_2997,WMT,$WMT OVERPAYING FOR THIS ACQUISITION IMO #TRADING 👀,-0.785,Merger/Acquisition,7
T02098,2026-09-11 20:13:00,X-sim,user_3940,GOOGL,"$GOOGL smashing guidance, loading up 📈 🔥",0.575,Earnings,3
T02099,2026-09-11 20:25:00,X-sim,user_8587,JNJ,"$JNJ margins shrinking, earnings were weak 👀",-0.546,Earnings,4
T02100,2026-09-11 20:54:00,X-sim,user_6457,JNJ,"sold my $JNJ, not liking this",-0.391,Other,3
T02101,2026-09-14 06:36:00,X-sim,user_1607,AMZN,$AMZN new launch looks 🔥 early demand is huge,0.638,Product Launch,4
T02102,2026-09-14 07:15:00,X-sim,user_1122,NVDA,RT @user_2468: $NVDA looking strong today 🚀,0.487,Other,3
T02103,2026-09-14 07:20:00,X-sim,user_6142,NVDA,"bought more $NVDA on the dip, feeling good 📈",0.461,Other,3
T02104,2026-09-14 07:44:00,X-sim,user_5130,KO,"$KO merger facing antitrust heat, deal at risk #markets",-0.599,Merger/Acquisition,5
T02105,2026-09-14 08:05:00,X-sim,user_1302,KO,$KO overpaying for this acquisition imo #markets,-0.636,Merger/Acquisition,6
T02106,2026-09-14 08:23:00,X-sim,user_5745,JNJ,$JNJ looks bad 😬 bearish,-0.513,Other,3
T02107,2026-09-14 10:08:00,X-sim,user_2761,JPM,"$JPM FLAT, NOTHING HAPPENING #STOCKS",-0.136,Other,2
T02108,2026-09-14 10:31:00,X-sim,user_7424,JNJ,ANYONE HAVE THOUGHTS ON $JNJ?,-0.026,Other,3
T02109,2026-09-14 10:43:00,X-sim,user_4516,XOM,$XOM volume is low today #stocks,-0.039,Other,2
T02110,2026-09-14 11:21:00,X-sim,user_4143,JNJ,"$JNJ delaying the launch again, not good #markets",-0.618,Product Launch,5
T02111,2026-09-14 11:33:00,X-sim,user_4747,WMT,"$WMT debt worries growing, bonds selling off #markets",-0.395,Credit Event,3
T02112,2026-09-14 11:42:00,X-sim,user_3884,JNJ,$JNJ volume is low today #markets,0.058,Other,3
T02113,2026-09-14 12:05:00,X-sim,user_1588,JPM,"sold my $JPM, not liking this 🔥",-0.395,Other,3
T02114,2026-09-14 12:24:00,X-sim,user_5122,PFE,RT @user_8608: $PFE earnings beat!! EPS way above estimates 🚀,0.671,Earnings,7
T02115,2026-09-14 12:28:00,X-sim,user_3793,WMT,$WMT acquisition could be a game changer 👀🔥,0.553,Merger/Acquisition,4
T02116,2026-09-14 12:45:00,X-sim,user_2264,,"war escalating, markets gonna bleed 😰 #markets",-0.539,Geopolitical,4
T02117,2026-09-14 15:01:00,X-sim,user_4619,GS,$GS acquisition could be a game changer 👀🔥,0.43,Merger/Acquisition,4
T02118,2026-09-14 15:04:00,X-sim,user_9183,CVX,$CVX earnings beat!! EPS way above estimates 🚀 #markets 💬,0.415,Earnings,3
T02119,2026-09-14 15:06:00,X-sim,user_3220,BAC,"$BAC credit upgrade, balance sheet looking healthier ✅",0.563,Credit Event,6
T02120,2026-09-14 15:43:00,X-sim,user_6141,GOOGL,anyone have thoughts on $GOOGL? #trading,0.13,Other,2
T02121,2026-09-14 16:36:00,X-sim,user_3741,JPM,anyone have thoughts on $JPM?,0.008,Other,3
T02122,2026-09-14 16:46:00,X-sim,user_7592,JPM,RT @user_2881: $JPM wins approval 🎉 big relief 💬,0.506,Regulatory/Legal,3
T02123,2026-09-14 17:24:00,X-sim,user_4104,CVX,$CVX breakout incoming?? 🔥,0.388,Other,3
T02124,2026-09-14 17:32:00,X-sim,user_2659,AAPL,"sold my $AAPL, not liking this",-0.403,Other,2
T02125,2026-09-14 17:33:00,X-sim,user_2734,META,$META wins approval 🎉 big relief #investing,0.69,Regulatory/Legal,7
T02126,2026-09-14 17:38:00,X-sim,user_3397,WMT,$WMT getting hammered rn 📉,-0.56,Other,4
T02127,2026-09-14 17:43:00,X-sim,user_2052,WMT,"bought more $WMT on the dip, feeling good 📈",0.591,Other,4
T02128,2026-09-14 18:19:00,X-sim,user_8970,PFE,"$PFE crushing it, bullish #trading",0.279,Other,2
T02129,2026-09-14 18:19:00,X-sim,user_7047,GOOGL,"$GOOGL FLAT, NOTHING HAPPENING",-0.044,Other,2
T02130,2026-09-14 19:23:00,X-sim,user_7910,NVDA,$NVDA acquisition could be a game changer 👀🔥,0.521,Merger/Acquisition,5
T02131,2026-09-14 19:25:00,X-sim,user_1781,CVX,$CVX new launch looks 🔥 early demand is huge,0.651,Product Launch,6
T02132,2026-09-14 19:26:00,X-sim,user_5124,,"war escalating, markets gonna bleed 😰 #markets",-0.549,Geopolitical,5
T02133,2026-09-14 20:00:00,X-sim,user_5028,PFE,"bought more $PFE on the dip, feeling good 📈 #trading",0.538,Other,2
T02134,2026-09-14 20:21:00,X-sim,user_8963,,"CPI COOLED, RATE CUTS SOON? 📈 #FED #STOCKS",0.766,Macroeconomic,8
T02135,2026-09-15 06:19:00,X-sim,user_7182,JPM,"$JPM crushing it, bullish 🔥",0.491,Other,4
T02136,2026-09-15 06:20:00,X-sim,user_6708,AAPL,"$AAPL debt worries growing, bonds selling off 📊",-0.685,Credit Event,6
T02137,2026-09-15 06:47:00,X-sim,user_8163,AAPL,$AAPL GETTING HAMMERED RN 📉,-0.46,Other,3
T02138,2026-09-15 07:33:00,X-sim,user_8393,AAPL,ugh $AAPL again... down bad 🤔,-0.503,Other,4
T02139,2026-09-15 07:49:00,X-sim,user_6537,XOM,$XOM new launch looks 🔥 early demand is huge #trading,0.538,Product Launch,6
T02140,2026-09-15 07:57:00,X-sim,user_7157,AAPL,anyone have thoughts on $AAPL? 🤔,0.053,Other,3
T02141,2026-09-15 08:44:00,X-sim,user_5135,KO,"$KO flat, nothing happening",0.047,Other,2
T02142,2026-09-15 09:04:00,X-sim,user_2581,AAPL,"RT @user_3155: $AAPL downgraded, spreads widening ⚠️ #credit 💬",-0.531,Credit Event,4
T02143,2026-09-15 10:37:00,X-sim,user_5844,BAC,$BAC volume is low today #trading 💬,0.071,Other,1
T02144,2026-09-15 10:44:00,X-sim,user_2107,META,$META looks bad 😬 bearish,-0.413,Other,2
T02145,2026-09-15 10:46:00,X-sim,user_3979,CVX,"$CVX flat, nothing happening",-0.123,Other,1
T02146,2026-09-15 11:03:00,X-sim,user_5816,WMT,ugh $WMT again... down bad,-0.55,Other,4
T02147,2026-09-15 11:32:00,X-sim,user_5726,,"jobs data strong, soft landing vibes ✅ #macro 📊",0.586,Macroeconomic,6
T02148,2026-09-15 11:37:00,X-sim,user_2021,NVDA,RT @user_2951: $NVDA looking strong today 🚀,0.51,Other,2
T02149,2026-09-15 11:52:00,X-sim,user_4880,META,"$META CRUSHING IT, BULLISH #MARKETS",0.462,Other,3
T02150,2026-09-15 11:52:00,X-sim,user_4113,KO,ugh $KO again... down bad #investing,-0.414,Other,3
T02151,2026-09-15 12:18:00,X-sim,user_5743,AAPL,"$AAPL UNDER INVESTIGATION, THIS COULD GET UGLY 🔥",-0.54,Regulatory/Legal,4
T02152,2026-09-15 12:24:00,X-sim,user_4520,BAC,"bought more $BAC on the dip, feeling good 📈 #stocks",0.421,Other,2
T02153,2026-09-15 12:34:00,X-sim,user_1570,META,"$META FLAT, NOTHING HAPPENING",-0.033,Other,1
T02154,2026-09-15 12:47:00,X-sim,user_3615,,"RT @user_4944: inflation print hot, fed won't cut 😬 #Fed 🤔",-0.799,Macroeconomic,8
T02155,2026-09-15 13:09:00,X-sim,user_6075,,"jobs data strong, soft landing vibes ✅ #macro",0.662,Macroeconomic,6
T02156,2026-09-15 13:30:00,X-sim,user_1252,MSFT,anyone have thoughts on $MSFT?,-0.141,Other,1
T02157,2026-09-15 13:31:00,X-sim,user_7305,WMT,"$WMT downgraded, spreads widening ⚠️ #credit",-0.574,Credit Event,6
T02158,2026-09-15 13:33:00,X-sim,user_6150,META,$META LOOKING STRONG TODAY 🚀 💬,0.496,Other,3
T02159,2026-09-15 13:47:00,X-sim,user_1060,XOM,$XOM getting hammered rn 📉,-0.473,Other,3
T02160,2026-09-15 13:53:00,X-sim,user_9025,MSFT,$MSFT breakout incoming?? 🔥 👀,0.418,Other,3
T02161,2026-09-15 14:42:00,X-sim,user_9837,BAC,"sold my $BAC, not liking this #trading",-0.43,Other,4
T02162,2026-09-15 14:58:00,X-sim,user_5383,WMT,watching $WMT today,0.02,Other,1
T02163,2026-09-15 15:26:00,X-sim,user_9459,XOM,"bought more $XOM on the dip, feeling good 📈",0.509,Other,4
T02164,2026-09-15 15:32:00,X-sim,user_8782,AMZN,watching $AMZN today #stocks,0.07,Other,3
T02165,2026-09-15 16:00:00,X-sim,user_6729,MSFT,$MSFT earnings beat!! EPS way above estimates 🚀 #investing,0.626,Earnings,5
T02166,2026-09-15 16:00:00,X-sim,user_1426,GS,anyone have thoughts on $GS?,0.039,Other,1
T02167,2026-09-15 16:10:00,X-sim,user_3565,JNJ,"$JNJ flat, nothing happening",0.03,Other,1
T02168,2026-09-15 16:36:00,X-sim,user_6657,,ceasefire!! risk on 🟢 #markets #investing,0.73,Geopolitical,7
T02169,2026-09-15 17:03:00,X-sim,user_3255,XOM,"$XOM UNDER INVESTIGATION, THIS COULD GET UGLY",-0.501,Regulatory/Legal,3
T02170,2026-09-15 17:08:00,X-sim,user_8421,,"RT @user_2795: cpi cooled, rate cuts soon? 📈 #Fed",0.73,Macroeconomic,5
T02171,2026-09-15 17:28:00,X-sim,user_2184,BAC,ugh $BAC again... down bad,-0.488,Other,4
T02172,2026-09-15 17:33:00,X-sim,user_9701,CVX,RT @user_1709: $CVX breakout incoming?? 🔥 #stocks,0.376,Other,2
T02173,2026-09-15 18:14:00,X-sim,user_9463,CVX,"$CVX flat, nothing happening #investing",0.041,Other,3
T02174,2026-09-15 18:39:00,X-sim,user_8254,GOOGL,"RT @user_9690: $GOOGL credit upgrade, balance sheet looking healthier ✅ #stocks 🤔",0.631,Credit Event,5
T02175,2026-09-15 19:17:00,X-sim,user_4788,BAC,watching $BAC today,-0.003,Other,2
T02176,2026-09-15 19:21:00,X-sim,user_1047,GS,"sold my $GS, not liking this",-0.596,Other,4
T02177,2026-09-15 19:33:00,X-sim,user_5927,JPM,ANYONE HAVE THOUGHTS ON $JPM?,0.039,Other,3
T02178,2026-09-15 19:53:00,X-sim,user_7621,NVDA,$NVDA looking strong today 🚀 #markets,0.525,Other,4
T02179,2026-09-15 19:55:00,X-sim,user_1281,MSFT,"$MSFT credit upgrade, balance sheet looking healthier ✅",0.501,Credit Event,5
T02180,2026-09-15 19:57:00,X-sim,user_7516,AAPL,$AAPL looks bad 😬 bearish,-0.509,Other,4
T02181,2026-09-15 20:00:00,X-sim,user_1860,MSFT,anyone have thoughts on $MSFT?,0.019,Other,1
T02182,2026-09-15 20:42:00,X-sim,user_8829,PFE,"$PFE crushing it, bullish",0.38,Other,2
T02183,2026-09-15 20:45:00,X-sim,user_1528,,sanctions + tariffs = chaos for stocks 📉 #geopolitics,-0.651,Geopolitical,5
T02184,2026-09-15 20:57:00,X-sim,user_4897,,sanctions + tariffs = chaos for stocks 📉 #geopolitics #stocks 📊,-0.828,Geopolitical,8
T02185,2026-09-16 06:35:00,X-sim,user_8939,META,"sold my $META, not liking this #markets",-0.324,Other,2
T02186,2026-09-16 07:01:00,X-sim,user_3162,AMZN,$AMZN new launch looks 🔥 early demand is huge,0.624,Product Launch,5
T02187,2026-09-16 07:01:00,X-sim,user_2819,AAPL,"$AAPL margins shrinking, earnings were weak",-0.696,Earnings,5
T02188,2026-09-16 07:38:00,X-sim,user_5963,JNJ,"RT @user_8692: sold my $JNJ, not liking this",-0.428,Other,2
T02189,2026-09-16 07:44:00,X-sim,user_8310,KO,"RT @user_6024: $KO margins shrinking, earnings were weak",-0.611,Earnings,5
T02190,2026-09-16 09:37:00,X-sim,user_5100,KO,$KO looks bad 😬 bearish,-0.425,Other,4
T02191,2026-09-16 09:38:00,X-sim,user_2563,AMZN,"$AMZN flat, nothing happening",0.008,Other,3
T02192,2026-09-16 09:42:00,X-sim,user_6164,AAPL,"$AAPL flat, nothing happening",0.009,Other,2
T02193,2026-09-16 10:15:00,X-sim,user_6846,,"cpi cooled, rate cuts soon? 📈 #Fed 👀",0.818,Macroeconomic,7
T02194,2026-09-16 10:18:00,X-sim,user_5706,GS,"$GS debt worries growing, bonds selling off",-0.491,Credit Event,4
T02195,2026-09-16 10:28:00,X-sim,user_1693,PFE,$PFE volume is low today,-0.068,Other,2
T02196,2026-09-16 10:41:00,X-sim,user_9435,GOOGL,"sold my $GOOGL, not liking this",-0.569,Other,4
T02197,2026-09-16 11:03:00,X-sim,user_8992,AAPL,$AAPL LOOKS BAD 😬 BEARISH,-0.5,Other,4
T02198,2026-09-16 11:52:00,X-sim,user_6738,KO,RT @user_9565: ugh $KO again... down bad,-0.59,Other,3
T02199,2026-09-16 12:04:00,X-sim,user_1717,JPM,ugh $JPM again... down bad 👀,-0.53,Other,3
T02200,2026-09-16 13:30:00,X-sim,user_1862,CVX,$CVX new launch looks 🔥 early demand is huge,0.399,Product Launch,3
T02201,2026-09-16 13:52:00,X-sim,user_5841,AAPL,watching $AAPL today 📊,-0.048,Other,3
T02202,2026-09-16 14:02:00,X-sim,user_2908,XOM,"$XOM crushing it, bullish #investing 📊",0.353,Other,2
T02203,2026-09-16 15:21:00,X-sim,user_3622,KO,"$KO flat, nothing happening #stocks 🔥",-0.044,Other,1
T02204,2026-09-16 15:31:00,X-sim,user_1720,BAC,ugh $BAC again... down bad,-0.497,Other,4
T02205,2026-09-16 15:54:00,X-sim,user_8716,KO,$KO overpaying for this acquisition imo,-0.762,Merger/Acquisition,6
T02206,2026-09-16 16:01:00,X-sim,user_6784,MSFT,$MSFT acquisition could be a game changer 👀🔥 #markets,0.4,Merger/Acquisition,4
T02207,2026-09-16 16:28:00,X-sim,user_4692,XOM,RT @user_4466: $XOM new launch looks 🔥 early demand is huge #markets,0.776,Product Launch,6
T02208,2026-09-16 16:53:00,X-sim,user_9245,,"cpi cooled, rate cuts soon? 📈 #Fed",0.598,Macroeconomic,4
T02209,2026-09-16 17:11:00,X-sim,user_4024,JNJ,ugh $JNJ again... down bad,-0.457,Other,3
T02210,2026-09-16 17:20:00,X-sim,user_5373,META,$META volume is low today,0.116,Other,3
T02211,2026-09-16 18:41:00,X-sim,user_3851,,"cpi cooled, rate cuts soon? 📈 #Fed",0.648,Macroeconomic,4
T02212,2026-09-16 18:43:00,X-sim,user_9913,JNJ,"$JNJ margins shrinking, earnings were weak",-0.563,Earnings,5
T02213,2026-09-16 18:50:00,X-sim,user_4453,CVX,"$CVX flat, nothing happening 💬",0.005,Other,2
T02214,2026-09-16 18:52:00,X-sim,user_7364,,"inflation print hot, fed won't cut 😬 #Fed",-0.629,Macroeconomic,6
T02215,2026-09-16 18:54:00,X-sim,user_4295,,"trade deal signed, finally good news 🎉 💬",0.782,Geopolitical,8
T02216,2026-09-16 19:00:00,X-sim,user_2045,CVX,$CVX volume is low today,-0.028,Other,3
T02217,2026-09-16 19:07:00,X-sim,user_7993,JPM,"sold my $JPM, not liking this",-0.442,Other,4
T02218,2026-09-16 19:09:00,X-sim,user_8571,WMT,anyone have thoughts on $WMT?,0.005,Other,1
T02219,2026-09-16 19:26:00,X-sim,user_2238,AMZN,$AMZN wins approval 🎉 big relief,0.686,Regulatory/Legal,6
T02220,2026-09-16 19:42:00,X-sim,user_9028,NVDA,"RT @user_9982: $NVDA fined again, regulators not messing around",-0.813,Regulatory/Legal,7
T02221,2026-09-16 20:02:00,X-sim,user_2230,XOM,"$XOM downgraded, spreads widening ⚠️ #credit",-0.682,Credit Event,6
T02222,2026-09-16 20:25:00,X-sim,user_5861,GS,$GS getting hammered rn 📉 #trading,-0.329,Other,3
T02223,2026-09-16 20:34:00,X-sim,user_7186,,"jobs data strong, soft landing vibes ✅ #macro",0.606,Macroeconomic,5
T02224,2026-09-17 06:20:00,X-sim,user_2215,META,$META overpaying for this acquisition imo,-0.505,Merger/Acquisition,5
T02225,2026-09-17 07:35:00,X-sim,user_5012,CVX,$CVX earnings beat!! EPS way above estimates 🚀,0.654,Earnings,5
T02226,2026-09-17 08:11:00,X-sim,user_4374,XOM,anyone have thoughts on $XOM?,0.057,Other,2
T02227,2026-09-17 08:39:00,X-sim,user_3052,,"jobs data strong, soft landing vibes ✅ #macro #trading",0.782,Macroeconomic,6
T02228,2026-09-17 09:22:00,X-sim,user_6978,BAC,$BAC volume is low today #trading,-0.054,Other,2
T02229,2026-09-17 09:38:00,X-sim,user_8490,JPM,$JPM wins approval 🎉 big relief,0.653,Regulatory/Legal,6
T02230,2026-09-17 09:54:00,X-sim,user_4659,META,"RT @user_4521: sold my $META, not liking this #stocks",-0.372,Other,2
T02231,2026-09-17 10:21:00,X-sim,user_2114,BAC,$BAC looking strong today 🚀,0.429,Other,3
T02232,2026-09-17 10:33:00,X-sim,user_5658,AMZN,$AMZN breakout incoming?? 🔥,0.473,Other,4
T02233,2026-09-17 10:51:00,X-sim,user_5811,XOM,$XOM getting hammered rn 📉,-0.503,Other,4
T02234,2026-09-17 11:17:00,X-sim,user_9852,PFE,"$PFE credit upgrade, balance sheet looking healthier ✅ #markets",0.598,Credit Event,5
T02235,2026-09-17 11:19:00,X-sim,user_2426,JNJ,"$JNJ DOWNGRADED, SPREADS WIDENING ⚠️ #CREDIT #TRADING",-0.581,Credit Event,4
T02236,2026-09-17 11:55:00,X-sim,user_6447,,ceasefire!! risk on 🟢 #markets,0.775,Geopolitical,8
T02237,2026-09-17 11:56:00,X-sim,user_5988,XOM,$XOM LOOKS BAD 😬 BEARISH,-0.528,Other,3
T02238,2026-09-17 12:19:00,X-sim,user_5013,META,$META new launch looks 🔥 early demand is huge #markets,0.743,Product Launch,7
T02239,2026-09-17 12:22:00,X-sim,user_6714,MSFT,watching $MSFT today #trading 👀,0.041,Other,1
T02240,2026-09-17 12:40:00,X-sim,user_8824,AMZN,RT @user_3623: $AMZN wins approval 🎉 big relief #investing,0.343,Regulatory/Legal,3
T02241,2026-09-17 12:53:00,X-sim,user_4180,GOOGL,RT @user_7080: $GOOGL breakout incoming?? 🔥 #trading,0.57,Other,4
T02242,2026-09-17 13:12:00,X-sim,user_2463,JPM,$JPM looks bad 😬 bearish,-0.369,Other,2
T02243,2026-09-17 13:20:00,X-sim,user_6763,BAC,$BAC LOOKS BAD 😬 BEARISH,-0.474,Other,3
T02244,2026-09-17 13:46:00,X-sim,user_5974,JPM,"$JPM margins shrinking, earnings were weak #investing 🔥",-0.7,Earnings,6
T02245,2026-09-17 13:50:00,X-sim,user_8334,AAPL,"$AAPL FLAT, NOTHING HAPPENING",-0.04,Other,1
T02246,2026-09-17 14:04:00,X-sim,user_1547,META,$META BREAKOUT INCOMING?? 🔥 #TRADING 🔥,0.332,Other,2
T02247,2026-09-17 14:41:00,X-sim,user_3289,,"cpi cooled, rate cuts soon? 📈 #Fed",0.88,Macroeconomic,8
T02248,2026-09-17 14:44:00,X-sim,user_6997,KO,$KO looks bad 😬 bearish,-0.442,Other,3
T02249,2026-09-17 14:56:00,X-sim,user_7951,JPM,"bought more $JPM on the dip, feeling good 📈",0.333,Other,2
T02250,2026-09-17 15:33:00,X-sim,user_9339,AAPL,$AAPL getting hammered rn 📉,-0.37,Other,2
T02251,2026-09-17 15:48:00,X-sim,user_8504,CVX,$CVX wins approval 🎉 big relief 📊,0.428,Regulatory/Legal,3
T02252,2026-09-17 16:07:00,X-sim,user_2724,,ceasefire!! risk on 🟢 #markets,0.828,Geopolitical,7
T02253,2026-09-17 16:22:00,X-sim,user_1243,MSFT,$MSFT getting hammered rn 📉 💬,-0.422,Other,2
T02254,2026-09-17 16:24:00,X-sim,user_5959,BAC,watching $BAC today,-0.092,Other,1
T02255,2026-09-17 16:47:00,X-sim,user_1361,NVDA,$NVDA NEW LAUNCH LOOKS 🔥 EARLY DEMAND IS HUGE #TRADING,0.428,Product Launch,4
T02256,2026-09-17 16:53:00,X-sim,user_9247,BAC,$BAC breakout incoming?? 🔥,0.353,Other,2
T02257,2026-09-17 17:05:00,X-sim,user_6214,XOM,$XOM getting hammered rn 📉,-0.437,Other,3
T02258,2026-09-17 17:09:00,X-sim,user_2506,GOOGL,watching $GOOGL today,-0.002,Other,1
T02259,2026-09-17 17:12:00,X-sim,user_8441,AAPL,"$AAPL debt worries growing, bonds selling off #stocks",-0.565,Credit Event,4
T02260,2026-09-17 18:36:00,X-sim,user_6824,META,$META looking strong today 🚀,0.394,Other,2
T02261,2026-09-17 19:01:00,X-sim,user_2470,META,"$META margins shrinking, earnings were weak #trading",-0.497,Earnings,3
T02262,2026-09-17 19:01:00,X-sim,user_8659,META,"$META product recall, yikes 😬 #trading",-0.647,Product Launch,5
T02263,2026-09-17 19:35:00,X-sim,user_9253,KO,anyone have thoughts on $KO? #investing 📊,0.001,Other,1
T02264,2026-09-17 20:32:00,X-sim,user_9381,GS,RT @user_2043: $GS getting hammered rn 📉,-0.497,Other,4
T02265,2026-09-17 20:41:00,X-sim,user_3327,AMZN,RT @user_9804: $AMZN volume is low today #investing,-0.074,Other,3
T02266,2026-09-18 06:02:00,X-sim,user_6526,PFE,$PFE looking strong today 🚀,0.455,Other,3
T02267,2026-09-18 06:40:00,X-sim,user_4446,MSFT,"bought more $MSFT on the dip, feeling good 📈",0.562,Other,4
T02268,2026-09-18 07:02:00,X-sim,user_7916,WMT,"sold my $WMT, not liking this 💬",-0.446,Other,2
T02269,2026-09-18 07:09:00,X-sim,user_8413,BAC,watching $BAC today,0.036,Other,3
T02270,2026-09-18 07:28:00,X-sim,user_2068,CVX,"$CVX delaying the launch again, not good #trading",-0.514,Product Launch,3
T02271,2026-09-18 07:35:00,X-sim,user_1836,AAPL,"$AAPL product recall, yikes 😬",-0.452,Product Launch,5
T02272,2026-09-18 07:50:00,X-sim,user_1471,JNJ,"$JNJ downgraded, spreads widening ⚠️ #credit #investing",-0.545,Credit Event,4
T02273,2026-09-18 09:00:00,X-sim,user_1275,JNJ,$JNJ VOLUME IS LOW TODAY,0.15,Other,2
T02274,2026-09-18 09:06:00,X-sim,user_3358,GS,ugh $GS again... down bad #stocks,-0.465,Other,3
T02275,2026-09-18 09:22:00,X-sim,user_7903,JNJ,$JNJ looks bad 😬 bearish,-0.402,Other,2
T02276,2026-09-18 09:47:00,X-sim,user_7330,JNJ,anyone have thoughts on $JNJ? #markets,0.06,Other,1
T02277,2026-09-18 09:51:00,X-sim,user_2093,MSFT,watching $MSFT today,-0.122,Other,1
T02278,2026-09-18 10:04:00,X-sim,user_2303,JNJ,"SOLD MY $JNJ, NOT LIKING THIS",-0.432,Other,2
T02279,2026-09-18 10:07:00,X-sim,user_2779,WMT,$WMT looking strong today 🚀 🔥,0.506,Other,4
T02280,2026-09-18 10:40:00,X-sim,user_8415,MSFT,$MSFT LOOKING STRONG TODAY 🚀 #TRADING 🔥,0.355,Other,2
T02281,2026-09-18 11:10:00,X-sim,user_5346,JPM,"$JPM debt worries growing, bonds selling off",-0.561,Credit Event,5
T02282,2026-09-18 11:15:00,X-sim,user_7777,WMT,$WMT volume is low today,-0.003,Other,2
T02283,2026-09-18 11:20:00,X-sim,user_6598,XOM,"$XOM DEBT WORRIES GROWING, BONDS SELLING OFF",-0.572,Credit Event,4
T02284,2026-09-18 11:35:00,X-sim,user_6777,META,RT @user_7573: $META volume is low today #markets,-0.062,Other,2
T02285,2026-09-18 11:46:00,X-sim,user_9157,AMZN,$AMZN looking strong today 🚀 #markets,0.483,Other,3
T02286,2026-09-18 12:06:00,X-sim,user_3171,NVDA,"$NVDA credit upgrade, balance sheet looking healthier ✅ #stocks",0.698,Credit Event,7
T02287,2026-09-18 12:08:00,X-sim,user_6128,PFE,"bought more $PFE on the dip, feeling good 📈 🔥",0.434,Other,3
T02288,2026-09-18 12:40:00,X-sim,user_5185,JNJ,$JNJ GETTING HAMMERED RN 📉 #TRADING,-0.584,Other,4
T02289,2026-09-18 13:25:00,X-sim,user_9258,NVDA,"$NVDA margins shrinking, earnings were weak",-0.714,Earnings,7
T02290,2026-09-18 13:58:00,X-sim,user_8874,CVX,"$CVX credit upgrade, balance sheet looking healthier ✅ #stocks",0.48,Credit Event,3
T02291,2026-09-18 14:17:00,X-sim,user_3417,BAC,$BAC missed earnings and cut guide... brutal 📉,-0.481,Earnings,4
T02292,2026-09-18 14:18:00,X-sim,user_4680,GS,ANYONE HAVE THOUGHTS ON $GS? #TRADING,-0.112,Other,2
T02293,2026-09-18 14:22:00,X-sim,user_1479,GOOGL,"RT @user_8776: sold my $GOOGL, not liking this",-0.36,Other,2
T02294,2026-09-18 14:23:00,X-sim,user_7824,GOOGL,"sold my $GOOGL, not liking this",-0.311,Other,2
T02295,2026-09-18 14:39:00,X-sim,user_4220,WMT,RT @user_9695: $WMT looks bad 😬 bearish 🤔,-0.399,Other,2
T02296,2026-09-18 15:00:00,X-sim,user_7108,,"jobs data strong, soft landing vibes ✅ #macro",0.789,Macroeconomic,8
T02297,2026-09-18 15:11:00,X-sim,user_5373,XOM,"$XOM margins shrinking, earnings were weak",-0.453,Earnings,5
T02298,2026-09-18 16:21:00,X-sim,user_2633,KO,"$KO debt worries growing, bonds selling off #trading",-0.76,Credit Event,7
T02299,2026-09-18 16:28:00,X-sim,user_1430,GOOGL,"$GOOGL flat, nothing happening",0.049,Other,3
T02300,2026-09-18 16:32:00,X-sim,user_6975,MSFT,"$MSFT flat, nothing happening",0.008,Other,3
T02301,2026-09-18 16:35:00,X-sim,user_2918,KO,"$KO flat, nothing happening #stocks",-0.045,Other,3
T02302,2026-09-18 16:50:00,X-sim,user_6379,CVX,"$CVX UNDER INVESTIGATION, THIS COULD GET UGLY 🤔",-0.732,Regulatory/Legal,6
T02303,2026-09-18 18:03:00,X-sim,user_8332,KO,"$KO flat, nothing happening 👀",-0.024,Other,3
T02304,2026-09-18 18:17:00,X-sim,user_6449,,"cpi cooled, rate cuts soon? 📈 #Fed 👀",0.705,Macroeconomic,7
T02305,2026-09-18 18:22:00,X-sim,user_8190,JPM,RT @user_3897: $JPM new launch looks 🔥 early demand is huge,0.524,Product Launch,4
T02306,2026-09-18 18:37:00,X-sim,user_6503,GOOGL,"$GOOGL margins shrinking, earnings were weak #investing",-0.693,Earnings,6
T02307,2026-09-18 18:55:00,X-sim,user_9121,AMZN,"$AMZN flat, nothing happening 🔥",-0.014,Other,3
T02308,2026-09-18 18:59:00,X-sim,user_8178,JPM,"RT @user_2158: bought more $JPM on the dip, feeling good 📈",0.428,Other,4
T02309,2026-09-18 19:13:00,X-sim,user_2199,PFE,"$PFE CREDIT UPGRADE, BALANCE SHEET LOOKING HEALTHIER ✅",0.574,Credit Event,3
T02310,2026-09-18 19:31:00,X-sim,user_3113,XOM,"$XOM flat, nothing happening",0.013,Other,2
T02311,2026-09-18 19:32:00,X-sim,user_5625,,RECESSION SIGNALS FLASHING RED 🚨 #MACRO,-0.501,Macroeconomic,5
T02312,2026-09-18 19:36:00,X-sim,user_1303,WMT,$WMT earnings beat!! EPS way above estimates 🚀,0.701,Earnings,7
T02313,2026-09-18 19:37:00,X-sim,user_3340,JPM,watching $JPM today,0.09,Other,2
T02314,2026-09-18 20:19:00,X-sim,user_7441,,"jobs data strong, soft landing vibes ✅ #macro",0.693,Macroeconomic,5
T02315,2026-09-18 20:24:00,X-sim,user_3807,XOM,$XOM acquisition could be a game changer 👀🔥,0.66,Merger/Acquisition,6
T02316,2026-09-21 06:04:00,X-sim,user_1529,BAC,$BAC getting hammered rn 📉,-0.471,Other,3
T02317,2026-09-21 06:36:00,X-sim,user_3153,GS,watching $GS today,0.069,Other,3
T02318,2026-09-21 07:49:00,X-sim,user_4606,XOM,"$XOM merger facing antitrust heat, deal at risk",-0.672,Merger/Acquisition,7
T02319,2026-09-21 08:14:00,X-sim,user_6899,PFE,RT @user_5345: $PFE looking strong today 🚀,0.605,Other,4
T02320,2026-09-21 08:21:00,X-sim,user_4237,META,$META wins approval 🎉 big relief,0.394,Regulatory/Legal,3
T02321,2026-09-21 08:44:00,X-sim,user_8443,AAPL,$AAPL BREAKOUT INCOMING?? 🔥 #STOCKS,0.621,Other,4
T02322,2026-09-21 09:26:00,X-sim,user_2172,AMZN,$AMZN volume is low today,0.006,Other,1
T02323,2026-09-21 09:36:00,X-sim,user_3091,KO,$KO overpaying for this acquisition imo #investing,-0.488,Merger/Acquisition,4
T02324,2026-09-21 10:15:00,X-sim,user_7099,,"jobs data strong, soft landing vibes ✅ #macro",0.528,Macroeconomic,4
T02325,2026-09-21 11:04:00,X-sim,user_3713,GS,anyone have thoughts on $GS?,0.051,Other,2
T02326,2026-09-21 11:32:00,X-sim,user_3856,NVDA,RT @user_9555: $NVDA looks bad 😬 bearish,-0.543,Other,4
T02327,2026-09-21 12:14:00,X-sim,user_8345,WMT,"$WMT flat, nothing happening",0.009,Other,1
T02328,2026-09-21 12:32:00,X-sim,user_6930,JPM,ANYONE HAVE THOUGHTS ON $JPM?,-0.034,Other,1
T02329,2026-09-21 12:48:00,X-sim,user_1496,WMT,watching $WMT today 🔥,0.127,Other,3
T02330,2026-09-21 13:06:00,X-sim,user_3027,KO,"$KO merger facing antitrust heat, deal at risk 👀",-0.709,Merger/Acquisition,7
T02331,2026-09-21 13:12:00,X-sim,user_2348,GOOGL,"$GOOGL fined again, regulators not messing around",-0.685,Regulatory/Legal,6
T02332,2026-09-21 13:51:00,X-sim,user_3212,NVDA,"$NVDA under investigation, this could get ugly",-0.586,Regulatory/Legal,4
T02333,2026-09-21 14:31:00,X-sim,user_7899,WMT,$WMT volume is low today #markets,-0.0,Other,1
T02334,2026-09-21 14:32:00,X-sim,user_2527,JPM,RT @user_9036: $JPM looks bad 😬 bearish 💬,-0.566,Other,4
T02335,2026-09-21 15:21:00,X-sim,user_8476,NVDA,$NVDA acquisition could be a game changer 👀🔥,0.668,Merger/Acquisition,6
T02336,2026-09-21 15:24:00,X-sim,user_9028,CVX,"RT @user_2246: $CVX credit upgrade, balance sheet looking healthier ✅ 🤔",0.57,Credit Event,5
T02337,2026-09-21 15:28:00,X-sim,user_9737,AMZN,$AMZN acquisition could be a game changer 👀🔥 #markets,0.655,Merger/Acquisition,5
T02338,2026-09-21 15:55:00,X-sim,user_4696,AMZN,$AMZN volume is low today 📊,0.06,Other,1
T02339,2026-09-21 16:02:00,X-sim,user_4142,PFE,"$PFE credit upgrade, balance sheet looking healthier ✅",0.685,Credit Event,7
T02340,2026-09-21 16:28:00,X-sim,user_1058,GOOGL,$GOOGL acquisition could be a game changer 👀🔥,0.653,Merger/Acquisition,6
T02341,2026-09-21 17:10:00,X-sim,user_3480,GOOGL,ugh $GOOGL again... down bad,-0.584,Other,4
T02342,2026-09-21 17:28:00,X-sim,user_9894,XOM,ugh $XOM again... down bad,-0.301,Other,2
T02343,2026-09-21 17:35:00,X-sim,user_4998,WMT,"$WMT flat, nothing happening",-0.003,Other,2
T02344,2026-09-21 17:43:00,X-sim,user_1277,PFE,$PFE wins approval 🎉 big relief,0.379,Regulatory/Legal,3
T02345,2026-09-21 18:34:00,X-sim,user_1539,,"cpi cooled, rate cuts soon? 📈 #Fed",0.836,Macroeconomic,8
T02346,2026-09-21 19:05:00,X-sim,user_1819,JPM,$JPM volume is low today,0.058,Other,1
T02347,2026-09-21 19:33:00,X-sim,user_6063,PFE,"$PFE smashing guidance, loading up 📈 #investing",0.477,Earnings,4
T02348,2026-09-21 19:43:00,X-sim,user_4302,NVDA,$NVDA LOOKS BAD 😬 BEARISH,-0.64,Other,4
T02349,2026-09-21 20:17:00,X-sim,user_1587,XOM,"$XOM downgraded, spreads widening ⚠️ #credit #trading",-0.772,Credit Event,7
T02350,2026-09-21 20:19:00,X-sim,user_3812,AAPL,ugh $AAPL again... down bad #trading,-0.353,Other,2
T02351,2026-09-21 20:35:00,X-sim,user_8123,WMT,anyone have thoughts on $WMT?,0.005,Other,2
T02352,2026-09-22 06:21:00,X-sim,user_3246,WMT,"$WMT flat, nothing happening",0.124,Other,1
T02353,2026-09-22 07:11:00,X-sim,user_3128,GS,$GS overpaying for this acquisition imo #stocks,-0.723,Merger/Acquisition,6
T02354,2026-09-22 07:13:00,X-sim,user_1257,JPM,anyone have thoughts on $JPM? 💬,-0.059,Other,2
T02355,2026-09-22 07:26:00,X-sim,user_6516,CVX,RT @user_5914: $CVX LOOKS BAD 😬 BEARISH #MARKETS,-0.355,Other,2
T02356,2026-09-22 08:05:00,X-sim,user_7775,AMZN,$AMZN wins approval 🎉 big relief,0.695,Regulatory/Legal,6
T02357,2026-09-22 09:06:00,X-sim,user_5598,WMT,$WMT breakout incoming?? 🔥,0.598,Other,4
T02358,2026-09-22 09:31:00,X-sim,user_9379,GOOGL,UGH $GOOGL AGAIN... DOWN BAD,-0.505,Other,4
T02359,2026-09-22 09:34:00,X-sim,user_2644,GOOGL,"sold my $GOOGL, not liking this",-0.468,Other,3
T02360,2026-09-22 09:42:00,X-sim,user_5495,,ceasefire!! risk on 🟢 #markets,0.584,Geopolitical,4
T02361,2026-09-22 10:30:00,X-sim,user_2708,,"TRADE DEAL SIGNED, FINALLY GOOD NEWS 🎉",0.627,Geopolitical,5
T02362,2026-09-22 10:32:00,X-sim,user_8132,XOM,"$XOM product recall, yikes 😬 👀",-0.705,Product Launch,6
T02363,2026-09-22 10:49:00,X-sim,user_4208,WMT,$WMT BREAKOUT INCOMING?? 🔥,0.373,Other,3
T02364,2026-09-22 11:11:00,X-sim,user_3207,NVDA,WATCHING $NVDA TODAY,-0.055,Other,1
T02365,2026-09-22 11:31:00,X-sim,user_1700,,"TRADE DEAL SIGNED, FINALLY GOOD NEWS 🎉",0.484,Geopolitical,4
T02366,2026-09-22 11:39:00,X-sim,user_5089,META,anyone have thoughts on $META? 📊,0.077,Other,3
T02367,2026-09-22 11:54:00,X-sim,user_7820,BAC,"$BAC fined again, regulators not messing around",-0.426,Regulatory/Legal,3
T02368,2026-09-22 12:22:00,X-sim,user_1952,KO,"RT @user_9231: $KO product recall, yikes 😬 #trading 🤔",-0.762,Product Launch,6
T02369,2026-09-22 13:11:00,X-sim,user_1878,GS,ugh $GS again... down bad,-0.416,Other,2
T02370,2026-09-22 13:13:00,X-sim,user_3653,PFE,"$PFE flat, nothing happening",-0.025,Other,3
T02371,2026-09-22 13:40:00,X-sim,user_4200,XOM,"sold my $XOM, not liking this 👀",-0.392,Other,3
T02372,2026-09-22 14:05:00,X-sim,user_9054,GOOGL,$GOOGL new launch looks 🔥 early demand is huge,0.522,Product Launch,4
T02373,2026-09-22 14:51:00,X-sim,user_2721,GOOGL,anyone have thoughts on $GOOGL?,0.011,Other,2
T02374,2026-09-22 14:57:00,X-sim,user_6506,,CEASEFIRE!! RISK ON 🟢 #MARKETS #TRADING,0.911,Geopolitical,8
T02375,2026-09-22 15:25:00,X-sim,user_9939,JPM,"sold my $JPM, not liking this #trading",-0.545,Other,4
T02376,2026-09-22 15:57:00,X-sim,user_9934,NVDA,"sold my $NVDA, not liking this 📊",-0.573,Other,4
T02377,2026-09-22 16:14:00,X-sim,user_8332,JPM,$JPM getting hammered rn 📉,-0.52,Other,4
T02378,2026-09-22 16:57:00,X-sim,user_4321,CVX,"$CVX credit upgrade, balance sheet looking healthier ✅",0.815,Credit Event,7
T02379,2026-09-22 17:01:00,X-sim,user_8216,,recession signals flashing red 🚨 #macro #investing,-0.804,Macroeconomic,8
T02380,2026-09-22 17:26:00,X-sim,user_7373,GOOGL,ugh $GOOGL again... down bad,-0.568,Other,4
T02381,2026-09-22 18:37:00,X-sim,user_3381,JNJ,anyone have thoughts on $JNJ?,-0.093,Other,3
T02382,2026-09-22 18:50:00,X-sim,user_8826,AMZN,"$AMZN crushing it, bullish #stocks",0.591,Other,4
T02383,2026-09-22 19:11:00,X-sim,user_4480,NVDA,"$NVDA merger facing antitrust heat, deal at risk #stocks",-0.776,Merger/Acquisition,7
T02384,2026-09-22 19:30:00,X-sim,user_2187,XOM,"$XOM margins shrinking, earnings were weak",-0.538,Earnings,5
T02385,2026-09-22 19:35:00,X-sim,user_6568,AAPL,$AAPL looks bad 😬 bearish,-0.406,Other,2
T02386,2026-09-22 20:03:00,X-sim,user_9561,CVX,ugh $CVX again... down bad,-0.435,Other,2
T02387,2026-09-22 20:05:00,X-sim,user_7637,WMT,$WMT breakout incoming?? 🔥,0.413,Other,3
T02388,2026-09-22 20:06:00,X-sim,user_7679,AAPL,$AAPL looks bad 😬 bearish #trading,-0.497,Other,4
T02389,2026-09-22 20:24:00,X-sim,user_9202,AMZN,"$AMZN credit upgrade, balance sheet looking healthier ✅ 🔥",0.623,Credit Event,6
T02390,2026-09-22 20:29:00,X-sim,user_4460,CVX,$CVX getting hammered rn 📉,-0.3,Other,3
T02391,2026-09-22 20:40:00,X-sim,user_5065,GOOGL,$GOOGL looking strong today 🚀,0.506,Other,4
T02392,2026-09-22 20:49:00,X-sim,user_8115,JPM,"sold my $JPM, not liking this",-0.478,Other,4
T02393,2026-09-23 06:06:00,X-sim,user_2985,XOM,$XOM acquisition could be a game changer 👀🔥 #trading 💬,0.628,Merger/Acquisition,5
T02394,2026-09-23 06:41:00,X-sim,user_2661,GOOGL,"$GOOGL margins shrinking, earnings were weak",-0.538,Earnings,4
T02395,2026-09-23 07:09:00,X-sim,user_9864,MSFT,watching $MSFT today,-0.015,Other,2
T02396,2026-09-23 07:19:00,X-sim,user_6393,AAPL,$AAPL looks bad 😬 bearish #stocks,-0.439,Other,4
T02397,2026-09-23 07:25:00,X-sim,user_2528,,recession signals flashing red 🚨 #macro,-0.742,Macroeconomic,7
T02398,2026-09-23 07:31:00,X-sim,user_8656,GS,"$GS under investigation, this could get ugly #investing",-0.482,Regulatory/Legal,4
T02399,2026-09-23 07:36:00,X-sim,user_8877,,"cpi cooled, rate cuts soon? 📈 #Fed",0.843,Macroeconomic,8
T02400,2026-09-23 07:37:00,X-sim,user_8986,AMZN,"$AMZN crushing it, bullish",0.457,Other,4
T02401,2026-09-23 07:42:00,X-sim,user_7386,PFE,$PFE volume is low today #investing,-0.025,Other,2
T02402,2026-09-23 07:52:00,X-sim,user_6955,CVX,"$CVX smashing guidance, loading up 📈",0.665,Earnings,6
T02403,2026-09-23 08:01:00,X-sim,user_6940,META,$META volume is low today #trading,0.038,Other,2
T02404,2026-09-23 08:07:00,X-sim,user_9964,KO,$KO VOLUME IS LOW TODAY 🔥,0.058,Other,2
T02405,2026-09-23 08:13:00,X-sim,user_8157,WMT,watching $WMT today,-0.048,Other,3
T02406,2026-09-23 08:57:00,X-sim,user_6444,MSFT,$MSFT breakout incoming?? 🔥,0.43,Other,4
T02407,2026-09-23 09:10:00,X-sim,user_6115,XOM,$XOM overpaying for this acquisition imo,-0.547,Merger/Acquisition,4
T02408,2026-09-23 09:32:00,X-sim,user_6631,JPM,ugh $JPM again... down bad 🔥,-0.442,Other,3
T02409,2026-09-23 09:42:00,X-sim,user_7672,CVX,anyone have thoughts on $CVX?,-0.037,Other,3
T02410,2026-09-23 09:42:00,X-sim,user_5989,GS,"RT @user_1724: $GS downgraded, spreads widening ⚠️ #credit",-0.486,Credit Event,3
T02411,2026-09-23 09:51:00,X-sim,user_1233,,"CPI COOLED, RATE CUTS SOON? 📈 #FED #STOCKS 📊",0.441,Macroeconomic,4
T02412,2026-09-23 09:59:00,X-sim,user_6548,GOOGL,$GOOGL GETTING HAMMERED RN 📉,-0.39,Other,2
T02413,2026-09-23 10:05:00,X-sim,user_5638,AAPL,"$AAPL delaying the launch again, not good 🔥",-0.849,Product Launch,7
T02414,2026-09-23 10:41:00,X-sim,user_8184,JPM,watching $JPM today,-0.025,Other,2
T02415,2026-09-23 10:51:00,X-sim,user_2471,GS,$GS VOLUME IS LOW TODAY,0.016,Other,1
T02416,2026-09-23 10:54:00,X-sim,user_5588,BAC,$BAC earnings beat!! EPS way above estimates 🚀 #stocks,0.652,Earnings,7
T02417,2026-09-23 10:55:00,X-sim,user_7231,META,ugh $META again... down bad,-0.446,Other,3
T02418,2026-09-23 11:38:00,X-sim,user_2634,MSFT,$MSFT volume is low today,-0.01,Other,3
T02419,2026-09-23 11:52:00,X-sim,user_8643,AMZN,"$AMZN merger facing antitrust heat, deal at risk",-0.582,Merger/Acquisition,7
T02420,2026-09-23 12:59:00,X-sim,user_3530,KO,"$KO downgraded, spreads widening ⚠️ #credit",-0.765,Credit Event,7
T02421,2026-09-23 14:00:00,X-sim,user_9707,NVDA,"$NVDA delaying the launch again, not good",-0.688,Product Launch,7
T02422,2026-09-23 15:27:00,X-sim,user_3675,NVDA,ugh $NVDA again... down bad #markets,-0.525,Other,3
T02423,2026-09-23 15:29:00,X-sim,user_3820,,"trade deal signed, finally good news 🎉 #investing",0.703,Geopolitical,7
T02424,2026-09-23 15:58:00,X-sim,user_1453,JPM,RT @user_5377: $JPM wins approval 🎉 big relief,0.6,Regulatory/Legal,5
T02425,2026-09-23 16:31:00,X-sim,user_7483,WMT,"RT @user_2550: $WMT credit upgrade, balance sheet looking healthier ✅",0.662,Credit Event,5
T02426,2026-09-23 16:32:00,X-sim,user_6639,CVX,RT @user_7885: anyone have thoughts on $CVX? 💬,0.061,Other,2
T02427,2026-09-23 16:49:00,X-sim,user_1874,NVDA,$NVDA new launch looks 🔥 early demand is huge,0.473,Product Launch,3
T02428,2026-09-23 16:55:00,X-sim,user_1423,CVX,$CVX volume is low today,-0.02,Other,2
T02429,2026-09-23 17:04:00,X-sim,user_4774,CVX,watching $CVX today #trading 🔥,0.001,Other,2
T02430,2026-09-23 17:31:00,X-sim,user_4906,NVDA,$NVDA breakout incoming?? 🔥,0.494,Other,4
T02431,2026-09-23 18:32:00,X-sim,user_2277,CVX,$CVX looks bad 😬 bearish 🔥,-0.503,Other,4
T02432,2026-09-23 19:02:00,X-sim,user_8138,AMZN,$AMZN volume is low today,0.012,Other,1
T02433,2026-09-23 19:12:00,X-sim,user_5879,GS,$GS VOLUME IS LOW TODAY 📊,0.042,Other,2
T02434,2026-09-23 19:54:00,X-sim,user_6856,NVDA,$NVDA getting hammered rn 📉,-0.333,Other,2
T02435,2026-09-23 19:57:00,X-sim,user_5065,XOM,"$XOM fined again, regulators not messing around",-0.747,Regulatory/Legal,7
T02436,2026-09-23 20:08:00,X-sim,user_8690,JPM,$JPM volume is low today,-0.036,Other,3
T02437,2026-09-23 20:38:00,X-sim,user_5798,JPM,anyone have thoughts on $JPM? 👀,0.12,Other,2
T02438,2026-09-23 20:46:00,X-sim,user_9959,GS,$GS LOOKS BAD 😬 BEARISH #STOCKS 🤔,-0.483,Other,4
T02439,2026-09-24 06:05:00,X-sim,user_2189,NVDA,RT @user_8714: $NVDA looks bad 😬 bearish #stocks 🤔,-0.43,Other,2
T02440,2026-09-24 08:13:00,X-sim,user_5567,JNJ,"sold my $JNJ, not liking this",-0.364,Other,2
T02441,2026-09-24 08:14:00,X-sim,user_8205,PFE,"$PFE crushing it, bullish",0.604,Other,4
T02442,2026-09-24 08:26:00,X-sim,user_8005,AAPL,$AAPL volume is low today,0.043,Other,3
T02443,2026-09-24 08:26:00,X-sim,user_3092,PFE,RT @user_3419: $PFE new launch looks 🔥 early demand is huge,0.49,Product Launch,4
T02444,2026-09-24 08:55:00,X-sim,user_2023,AAPL,ugh $AAPL again... down bad #trading,-0.543,Other,4
T02445,2026-09-24 08:58:00,X-sim,user_5521,PFE,"$PFE CREDIT UPGRADE, BALANCE SHEET LOOKING HEALTHIER ✅ 👀",0.616,Credit Event,5
T02446,2026-09-24 10:00:00,X-sim,user_6736,,ceasefire!! risk on 🟢 #markets,0.798,Geopolitical,6
T02447,2026-09-24 11:16:00,X-sim,user_4369,GS,"$GS delaying the launch again, not good #markets",-0.548,Product Launch,3
T02448,2026-09-24 11:16:00,X-sim,user_9747,META,$META looking strong today 🚀,0.5,Other,4
T02449,2026-09-24 11:25:00,X-sim,user_9176,BAC,"$BAC flat, nothing happening",0.007,Other,1
T02450,2026-09-24 11:29:00,X-sim,user_6704,,"trade deal signed, finally good news 🎉",0.559,Geopolitical,4
T02451,2026-09-24 12:06:00,X-sim,user_5387,MSFT,"$MSFT crushing it, bullish 📊",0.517,Other,4
T02452,2026-09-24 12:38:00,X-sim,user_5170,META,$META OVERPAYING FOR THIS ACQUISITION IMO 🤔,-0.364,Merger/Acquisition,3
T02453,2026-09-24 12:49:00,X-sim,user_8534,NVDA,"sold my $NVDA, not liking this #trading",-0.399,Other,3
T02454,2026-09-24 13:04:00,X-sim,user_8703,MSFT,"bought more $MSFT on the dip, feeling good 📈 #stocks",0.534,Other,4
T02455,2026-09-24 13:05:00,X-sim,user_5893,JPM,"$JPM FLAT, NOTHING HAPPENING 📊",0.068,Other,1
T02456,2026-09-24 13:32:00,X-sim,user_6042,NVDA,"$NVDA DOWNGRADED, SPREADS WIDENING ⚠️ #CREDIT #STOCKS",-0.525,Credit Event,3
T02457,2026-09-24 13:41:00,X-sim,user_5674,CVX,"$CVX CREDIT UPGRADE, BALANCE SHEET LOOKING HEALTHIER ✅ #MARKETS",0.518,Credit Event,4
T02458,2026-09-24 13:50:00,X-sim,user_1939,,ceasefire!! risk on 🟢 #markets,0.657,Geopolitical,6
T02459,2026-09-24 14:46:00,X-sim,user_1285,GS,RT @user_4537: anyone have thoughts on $GS?,-0.007,Other,1
T02460,2026-09-24 14:59:00,X-sim,user_3105,AMZN,"$AMZN crushing it, bullish #investing",0.317,Other,2
T02461,2026-09-24 15:08:00,X-sim,user_8232,META,RT @user_7264: $META getting hammered rn 📉,-0.526,Other,3
T02462,2026-09-24 15:10:00,X-sim,user_1179,AMZN,RT @user_5638: $AMZN ACQUISITION COULD BE A GAME CHANGER 👀🔥 #STOCKS,0.558,Merger/Acquisition,6
T02463,2026-09-24 15:15:00,X-sim,user_3015,JPM,ugh $JPM again... down bad,-0.541,Other,4
T02464,2026-09-24 15:24:00,X-sim,user_2258,META,$META breakout incoming?? 🔥 #investing 👀,0.378,Other,3
T02465,2026-09-24 15:27:00,X-sim,user_8158,GOOGL,$GOOGL volume is low today #stocks,-0.04,Other,3
T02466,2026-09-24 15:33:00,X-sim,user_5968,META,"$META credit upgrade, balance sheet looking healthier ✅",0.701,Credit Event,6
T02467,2026-09-24 15:36:00,X-sim,user_4081,PFE,"$PFE crushing it, bullish 🔥",0.525,Other,4
T02468,2026-09-24 15:40:00,X-sim,user_7539,GOOGL,"$GOOGL delaying the launch again, not good #trading",-0.483,Product Launch,3
T02469,2026-09-24 15:56:00,X-sim,user_6974,,recession signals flashing red 🚨 #macro,-0.571,Macroeconomic,5
T02470,2026-09-24 16:02:00,X-sim,user_9992,GS,"$GS under investigation, this could get ugly 📊",-0.595,Regulatory/Legal,4
T02471,2026-09-24 16:21:00,X-sim,user_1910,GS,"$GS merger facing antitrust heat, deal at risk",-0.518,Merger/Acquisition,3
T02472,2026-09-24 16:29:00,X-sim,user_4004,JNJ,$JNJ looking strong today 🚀 #stocks,0.518,Other,3
T02473,2026-09-24 16:45:00,X-sim,user_6777,XOM,$XOM volume is low today,-0.146,Other,1
T02474,2026-09-24 16:47:00,X-sim,user_5459,AAPL,"$AAPL margins shrinking, earnings were weak",-0.521,Earnings,4
T02475,2026-09-24 17:03:00,X-sim,user_8419,GOOGL,$GOOGL volume is low today,-0.075,Other,2
T02476,2026-09-24 17:07:00,X-sim,user_5627,GS,$GS looks bad 😬 bearish #markets,-0.527,Other,4
T02477,2026-09-24 17:12:00,X-sim,user_9035,GS,$GS GETTING HAMMERED RN 📉,-0.352,Other,2
T02478,2026-09-24 17:18:00,X-sim,user_2095,MSFT,"$MSFT crushing it, bullish 🔥",0.399,Other,2
T02479,2026-09-24 17:18:00,X-sim,user_7495,GS,"RT @user_9857: $GS debt worries growing, bonds selling off #investing",-0.453,Credit Event,3
T02480,2026-09-24 17:21:00,X-sim,user_1516,AMZN,watching $AMZN today 📊,0.053,Other,3
T02481,2026-09-24 17:25:00,X-sim,user_6932,AAPL,"RT @user_2816: $AAPL PRODUCT RECALL, YIKES 😬 #MARKETS",-0.392,Product Launch,3
T02482,2026-09-24 18:34:00,X-sim,user_7092,BAC,"sold my $BAC, not liking this #markets",-0.435,Other,2
T02483,2026-09-24 19:04:00,X-sim,user_1015,,ceasefire!! risk on 🟢 #markets,0.823,Geopolitical,8
T02484,2026-09-24 19:20:00,X-sim,user_6599,NVDA,$NVDA looking strong today 🚀,0.41,Other,3
T02485,2026-09-24 19:31:00,X-sim,user_7524,PFE,$PFE LOOKING STRONG TODAY 🚀,0.426,Other,2
T02486,2026-09-24 19:46:00,X-sim,user_2930,CVX,$CVX new launch looks 🔥 early demand is huge 🔥,0.698,Product Launch,7
T02487,2026-09-24 19:52:00,X-sim,user_5084,AAPL,"$AAPL crushing it, bullish",0.564,Other,4
T02488,2026-09-24 19:59:00,X-sim,user_3748,NVDA,$NVDA volume is low today #investing,0.116,Other,2
T02489,2026-09-24 20:08:00,X-sim,user_5662,GS,"bought more $GS on the dip, feeling good 📈 🤔",0.514,Other,3
T02490,2026-09-24 20:08:00,X-sim,user_6739,META,$META new launch looks 🔥 early demand is huge,0.491,Product Launch,4
T02491,2026-09-24 20:28:00,X-sim,user_3871,MSFT,"bought more $MSFT on the dip, feeling good 📈 #trading",0.38,Other,2
T02492,2026-09-25 06:22:00,X-sim,user_4402,JNJ,$JNJ looking strong today 🚀,0.554,Other,4
T02493,2026-09-25 07:08:00,X-sim,user_1094,JPM,watching $JPM today #trading,0.046,Other,2
T02494,2026-09-25 08:02:00,X-sim,user_9222,KO,"sold my $KO, not liking this",-0.446,Other,3
T02495,2026-09-25 08:05:00,X-sim,user_1549,BAC,"$BAC credit upgrade, balance sheet looking healthier ✅ 🤔",0.655,Credit Event,6
T02496,2026-09-25 08:21:00,X-sim,user_9320,AAPL,"$AAPL flat, nothing happening",-0.038,Other,2
T02497,2026-09-25 08:31:00,X-sim,user_2073,META,$META looking strong today 🚀,0.453,Other,3
T02498,2026-09-25 08:31:00,X-sim,user_7747,NVDA,$NVDA overpaying for this acquisition imo #markets,-0.706,Merger/Acquisition,6
T02499,2026-09-25 08:56:00,X-sim,user_2049,NVDA,$NVDA looking strong today 🚀,0.492,Other,3
T02500,2026-09-25 09:11:00,X-sim,user_6073,MSFT,$MSFT new launch looks 🔥 early demand is huge,0.579,Product Launch,6
T02501,2026-09-25 09:17:00,X-sim,user_5417,XOM,$XOM getting hammered rn 📉,-0.335,Other,2
T02502,2026-09-25 09:31:00,X-sim,user_4021,NVDA,$NVDA acquisition could be a game changer 👀🔥,0.721,Merger/Acquisition,6
T02503,2026-09-25 09:35:00,X-sim,user_3361,,"war escalating, markets gonna bleed 😰 #markets",-0.882,Geopolitical,8
T02504,2026-09-25 09:36:00,X-sim,user_8646,PFE,$PFE new launch looks 🔥 early demand is huge,0.511,Product Launch,4
T02505,2026-09-25 10:05:00,X-sim,user_8762,,"RT @user_7131: trade deal signed, finally good news 🎉",0.673,Geopolitical,5
T02506,2026-09-25 10:15:00,X-sim,user_2756,KO,ugh $KO again... down bad,-0.579,Other,3
T02507,2026-09-25 10:43:00,X-sim,user_3121,NVDA,RT @user_5167: $NVDA volume is low today,-0.012,Other,3
T02508,2026-09-25 11:04:00,X-sim,user_7555,XOM,"BOUGHT MORE $XOM ON THE DIP, FEELING GOOD 📈",0.472,Other,2
T02509,2026-09-25 11:13:00,X-sim,user_3575,PFE,$PFE new launch looks 🔥 early demand is huge #stocks,0.623,Product Launch,4
T02510,2026-09-25 11:27:00,X-sim,user_2519,GS,"sold my $GS, not liking this",-0.398,Other,3
T02511,2026-09-25 13:37:00,X-sim,user_8494,META,$META wins approval 🎉 big relief,0.531,Regulatory/Legal,5
T02512,2026-09-25 13:52:00,X-sim,user_8100,AMZN,watching $AMZN today,0.034,Other,2
T02513,2026-09-25 14:06:00,X-sim,user_9537,NVDA,$NVDA wins approval 🎉 big relief 💬,0.515,Regulatory/Legal,3
T02514,2026-09-25 15:59:00,X-sim,user_8394,PFE,"BOUGHT MORE $PFE ON THE DIP, FEELING GOOD 📈",0.446,Other,3
T02515,2026-09-25 16:11:00,X-sim,user_7165,JNJ,"$JNJ UNDER INVESTIGATION, THIS COULD GET UGLY",-0.498,Regulatory/Legal,5
T02516,2026-09-25 16:21:00,X-sim,user_6654,WMT,"$WMT credit upgrade, balance sheet looking healthier ✅ 🔥",0.497,Credit Event,4
T02517,2026-09-25 16:42:00,X-sim,user_8035,GOOGL,$GOOGL breakout incoming?? 🔥,0.403,Other,3
T02518,2026-09-25 16:54:00,X-sim,user_6194,XOM,RT @user_2052: anyone have thoughts on $XOM?,-0.001,Other,1
T02519,2026-09-25 17:04:00,X-sim,user_9786,NVDA,RT @user_9410: $NVDA looks bad 😬 bearish #stocks,-0.389,Other,2
T02520,2026-09-25 17:17:00,X-sim,user_6329,BAC,watching $BAC today,0.11,Other,3
T02521,2026-09-25 17:21:00,X-sim,user_6365,XOM,"sold my $XOM, not liking this",-0.425,Other,2
T02522,2026-09-25 17:38:00,X-sim,user_5076,MSFT,"bought more $MSFT on the dip, feeling good 📈 #trading",0.548,Other,4
T02523,2026-09-25 17:44:00,X-sim,user_7021,GS,$GS looks bad 😬 bearish #markets,-0.623,Other,4
T02524,2026-09-25 18:00:00,X-sim,user_5283,JPM,"$JPM merger facing antitrust heat, deal at risk 👀",-0.721,Merger/Acquisition,5
T02525,2026-09-25 18:11:00,X-sim,user_6107,NVDA,"$NVDA crushing it, bullish",0.578,Other,3
T02526,2026-09-25 18:48:00,X-sim,user_2557,PFE,$PFE getting hammered rn 📉 🔥,-0.656,Other,4
T02527,2026-09-25 19:08:00,X-sim,user_3018,AMZN,"RT @user_8978: $AMZN flat, nothing happening #stocks",0.023,Other,2
T02528,2026-09-25 19:21:00,X-sim,user_8559,WMT,RT @user_2338: $WMT breakout incoming?? 🔥,0.415,Other,3
T02529,2026-09-25 19:22:00,X-sim,user_3120,AMZN,watching $AMZN today,-0.009,Other,1
T02530,2026-09-25 19:58:00,X-sim,user_5164,JPM,$JPM volume is low today #trading,-0.004,Other,2
T02531,2026-09-25 20:27:00,X-sim,user_2773,GOOGL,$GOOGL getting hammered rn 📉,-0.426,Other,2
T02532,2026-09-28 06:04:00,X-sim,user_3003,,"RT @user_7930: jobs data strong, soft landing vibes ✅ #macro",0.598,Macroeconomic,6
T02533,2026-09-28 06:24:00,X-sim,user_1038,META,"$META crushing it, bullish 🤔",0.616,Other,4
T02534,2026-09-28 06:26:00,X-sim,user_4517,META,$META acquisition could be a game changer 👀🔥,0.846,Merger/Acquisition,7
T02535,2026-09-28 06:29:00,X-sim,user_8355,PFE,$PFE looking strong today 🚀,0.464,Other,4
T02536,2026-09-28 06:58:00,X-sim,user_1817,GOOGL,"sold my $GOOGL, not liking this",-0.346,Other,2
T02537,2026-09-28 07:12:00,X-sim,user_3678,JNJ,"$JNJ crushing it, bullish",0.555,Other,4
T02538,2026-09-28 07:21:00,X-sim,user_1091,XOM,$XOM breakout incoming?? 🔥,0.369,Other,3
T02539,2026-09-28 08:03:00,X-sim,user_7829,GS,"$GS credit upgrade, balance sheet looking healthier ✅",0.712,Credit Event,7
T02540,2026-09-28 08:04:00,X-sim,user_8140,,"RT @user_2336: trade deal signed, finally good news 🎉",0.743,Geopolitical,6
T02541,2026-09-28 08:29:00,X-sim,user_1731,GOOGL,"$GOOGL fined again, regulators not messing around #trading",-0.656,Regulatory/Legal,4
T02542,2026-09-28 08:30:00,X-sim,user_8084,NVDA,$NVDA missed earnings and cut guide... brutal 📉,-0.606,Earnings,6
T02543,2026-09-28 08:39:00,X-sim,user_3382,GOOGL,$GOOGL getting hammered rn 📉,-0.596,Other,4
T02544,2026-09-28 09:08:00,X-sim,user_2129,,"JOBS DATA STRONG, SOFT LANDING VIBES ✅ #MACRO",0.557,Macroeconomic,7
T02545,2026-09-28 09:29:00,X-sim,user_9018,AMZN,"$AMZN DELAYING THE LAUNCH AGAIN, NOT GOOD",-0.83,Product Launch,7
T02546,2026-09-28 10:08:00,X-sim,user_9495,GOOGL,"$GOOGL debt worries growing, bonds selling off",-0.575,Credit Event,5
T02547,2026-09-28 10:17:00,X-sim,user_5044,BAC,$BAC new launch looks 🔥 early demand is huge,0.706,Product Launch,5
T02548,2026-09-28 10:20:00,X-sim,user_8827,AAPL,$AAPL WINS APPROVAL 🎉 BIG RELIEF,0.745,Regulatory/Legal,7
T02549,2026-09-28 10:20:00,X-sim,user_7832,AMZN,$AMZN volume is low today #stocks,-0.041,Other,3
T02550,2026-09-28 10:40:00,X-sim,user_9517,JNJ,$JNJ looking strong today 🚀 🔥,0.424,Other,3
T02551,2026-09-28 10:56:00,X-sim,user_5083,JPM,"sold my $JPM, not liking this",-0.598,Other,4
T02552,2026-09-28 11:05:00,X-sim,user_9927,MSFT,"$MSFT crushing it, bullish 💬",0.492,Other,3
T02553,2026-09-28 12:01:00,X-sim,user_9420,JNJ,watching $JNJ today,-0.007,Other,2
T02554,2026-09-28 12:10:00,X-sim,user_1639,,"jobs data strong, soft landing vibes ✅ #macro",0.646,Macroeconomic,4
T02555,2026-09-28 12:33:00,X-sim,user_1227,JPM,$JPM getting hammered rn 📉 #trading,-0.386,Other,2
T02556,2026-09-28 12:42:00,X-sim,user_1012,JPM,$JPM looks bad 😬 bearish 🤔,-0.381,Other,2
T02557,2026-09-28 13:11:00,X-sim,user_6625,WMT,"$WMT fined again, regulators not messing around",-0.427,Regulatory/Legal,3
T02558,2026-09-28 13:31:00,X-sim,user_1455,NVDA,$NVDA volume is low today #investing,-0.031,Other,1
T02559,2026-09-28 13:34:00,X-sim,user_9643,GOOGL,ugh $GOOGL again... down bad,-0.384,Other,2
T02560,2026-09-28 13:36:00,X-sim,user_8866,MSFT,"RT @user_3966: $MSFT crushing it, bullish",0.489,Other,3
T02561,2026-09-28 13:40:00,X-sim,user_4329,XOM,"bought more $XOM on the dip, feeling good 📈",0.555,Other,4
T02562,2026-09-28 13:54:00,X-sim,user_4587,CVX,"$CVX crushing it, bullish",0.392,Other,3
T02563,2026-09-28 14:07:00,X-sim,user_7180,PFE,$PFE acquisition could be a game changer 👀🔥,0.564,Merger/Acquisition,4
T02564,2026-09-28 14:37:00,X-sim,user_5124,MSFT,"sold my $MSFT, not liking this #markets",-0.382,Other,2
T02565,2026-09-28 16:47:00,X-sim,user_2559,WMT,anyone have thoughts on $WMT? #investing,-0.033,Other,1
T02566,2026-09-28 18:09:00,X-sim,user_4409,JPM,"$JPM under investigation, this could get ugly",-0.437,Regulatory/Legal,3
T02567,2026-09-28 18:10:00,X-sim,user_8762,BAC,$BAC getting hammered rn 📉 💬,-0.513,Other,4
T02568,2026-09-28 19:27:00,X-sim,user_8409,NVDA,"$NVDA credit upgrade, balance sheet looking healthier ✅",0.723,Credit Event,6
T02569,2026-09-28 19:32:00,X-sim,user_4663,GOOGL,$GOOGL looks bad 😬 bearish #investing,-0.435,Other,3
T02570,2026-09-28 20:38:00,X-sim,user_5360,GS,watching $GS today,0.106,Other,3
T02571,2026-09-29 06:00:00,X-sim,user_1488,AMZN,ANYONE HAVE THOUGHTS ON $AMZN?,-0.038,Other,1
T02572,2026-09-29 06:04:00,X-sim,user_1053,,"jobs data strong, soft landing vibes ✅ #macro",0.605,Macroeconomic,5
T02573,2026-09-29 06:18:00,X-sim,user_4258,BAC,$BAC volume is low today #investing,-0.013,Other,1
T02574,2026-09-29 07:09:00,X-sim,user_1719,CVX,"$CVX DELAYING THE LAUNCH AGAIN, NOT GOOD",-0.553,Product Launch,5
T02575,2026-09-29 07:19:00,X-sim,user_5445,MSFT,RT @user_3959: $MSFT looking strong today 🚀,0.392,Other,3
T02576,2026-09-29 07:34:00,X-sim,user_9717,JNJ,$JNJ earnings beat!! EPS way above estimates 🚀 📊,0.464,Earnings,4
T02577,2026-09-29 07:48:00,X-sim,user_8271,AAPL,$AAPL volume is low today,-0.094,Other,3
T02578,2026-09-29 08:18:00,X-sim,user_7638,KO,$KO acquisition could be a game changer 👀🔥,0.718,Merger/Acquisition,6
T02579,2026-09-29 08:43:00,X-sim,user_8915,PFE,"$PFE flat, nothing happening",0.061,Other,3
T02580,2026-09-29 08:55:00,X-sim,user_2547,META,$META getting hammered rn 📉 #markets,-0.494,Other,3
T02581,2026-09-29 09:02:00,X-sim,user_3382,KO,anyone have thoughts on $KO?,-0.007,Other,2
T02582,2026-09-29 09:26:00,X-sim,user_3466,GOOGL,"$GOOGL flat, nothing happening",-0.06,Other,2
T02583,2026-09-29 10:45:00,X-sim,user_3191,JNJ,$JNJ wins approval 🎉 big relief,0.534,Regulatory/Legal,3
T02584,2026-09-29 11:06:00,X-sim,user_1012,AMZN,$AMZN breakout incoming?? 🔥,0.52,Other,3
T02585,2026-09-29 11:07:00,X-sim,user_9795,GS,RT @user_7341: $GS EARNINGS BEAT!! EPS WAY ABOVE ESTIMATES 🚀 #MARKETS,0.543,Earnings,5
T02586,2026-09-29 11:20:00,X-sim,user_3589,,recession signals flashing red 🚨 #macro,-0.471,Macroeconomic,4
T02587,2026-09-29 12:04:00,X-sim,user_5177,KO,"$KO debt worries growing, bonds selling off",-0.595,Credit Event,5
T02588,2026-09-29 12:16:00,X-sim,user_8193,AMZN,"$AMZN crushing it, bullish",0.405,Other,3
T02589,2026-09-29 12:24:00,X-sim,user_1340,META,$META earnings beat!! EPS way above estimates 🚀 💬,0.633,Earnings,6
T02590,2026-09-29 12:28:00,X-sim,user_9310,CVX,$CVX looks bad 😬 bearish 🔥,-0.463,Other,4
T02591,2026-09-29 12:51:00,X-sim,user_4496,MSFT,$MSFT breakout incoming?? 🔥,0.419,Other,4
T02592,2026-09-29 12:53:00,X-sim,user_1609,AMZN,"$AMZN debt worries growing, bonds selling off",-0.492,Credit Event,5
T02593,2026-09-29 12:59:00,X-sim,user_1914,GOOGL,"RT @user_2937: sold my $GOOGL, not liking this #stocks",-0.414,Other,3
T02594,2026-09-29 13:18:00,X-sim,user_4870,PFE,$PFE looks bad 😬 bearish 💬,-0.603,Other,4
T02595,2026-09-29 13:30:00,X-sim,user_9593,JPM,$JPM getting hammered rn 📉 🤔,-0.51,Other,4
T02596,2026-09-29 14:09:00,X-sim,user_7013,JPM,"$JPM margins shrinking, earnings were weak #trading",-0.799,Earnings,7
T02597,2026-09-29 14:27:00,X-sim,user_1039,XOM,"$XOM margins shrinking, earnings were weak",-0.768,Earnings,7
T02598,2026-09-29 14:43:00,X-sim,user_2890,MSFT,"$MSFT flat, nothing happening 🔥",0.018,Other,1
T02599,2026-09-29 15:25:00,X-sim,user_6727,PFE,"$PFE CRUSHING IT, BULLISH",0.393,Other,3
T02600,2026-09-29 15:31:00,X-sim,user_5902,CVX,$CVX acquisition could be a game changer 👀🔥,0.824,Merger/Acquisition,7
T02601,2026-09-29 15:42:00,X-sim,user_3307,AMZN,anyone have thoughts on $AMZN?,0.028,Other,3
T02602,2026-09-29 16:46:00,X-sim,user_1267,XOM,"$XOM flat, nothing happening",-0.049,Other,1
T02603,2026-09-29 16:55:00,X-sim,user_1755,PFE,$PFE overpaying for this acquisition imo 🔥,-0.674,Merger/Acquisition,5
T02604,2026-09-29 17:09:00,X-sim,user_5186,META,$META LOOKS BAD 😬 BEARISH,-0.524,Other,3
T02605,2026-09-29 17:10:00,X-sim,user_5732,WMT,ANYONE HAVE THOUGHTS ON $WMT?,-0.016,Other,3
T02606,2026-09-29 17:28:00,X-sim,user_5307,GOOGL,"$GOOGL under investigation, this could get ugly",-0.562,Regulatory/Legal,4
T02607,2026-09-29 18:05:00,X-sim,user_2403,GOOGL,anyone have thoughts on $GOOGL? 🔥,0.024,Other,3
T02608,2026-09-29 18:34:00,X-sim,user_5716,GOOGL,watching $GOOGL today #markets,0.036,Other,3
T02609,2026-09-29 18:59:00,X-sim,user_6679,,"jobs data strong, soft landing vibes ✅ #macro",0.574,Macroeconomic,5
T02610,2026-09-29 19:07:00,X-sim,user_4766,GS,$GS getting hammered rn 📉 🔥,-0.5,Other,3
T02611,2026-09-29 19:49:00,X-sim,user_7409,PFE,"bought more $PFE on the dip, feeling good 📈 #trading",0.596,Other,4
T02612,2026-09-29 19:55:00,X-sim,user_6976,KO,watching $KO today 🤔,-0.051,Other,2
T02613,2026-09-29 20:41:00,X-sim,user_6970,GOOGL,"$GOOGL debt worries growing, bonds selling off",-0.717,Credit Event,7
T02614,2026-09-30 06:23:00,X-sim,user_7538,GS,"$GS under investigation, this could get ugly #trading",-0.598,Regulatory/Legal,5
T02615,2026-09-30 06:57:00,X-sim,user_6014,META,$META WINS APPROVAL 🎉 BIG RELIEF,0.614,Regulatory/Legal,5
T02616,2026-09-30 07:17:00,X-sim,user_2849,GOOGL,$GOOGL getting hammered rn 📉,-0.497,Other,3
T02617,2026-09-30 07:34:00,X-sim,user_3861,CVX,$CVX wins approval 🎉 big relief 💬,0.537,Regulatory/Legal,5
T02618,2026-09-30 08:03:00,X-sim,user_8121,PFE,$PFE looking strong today 🚀 #trading,0.482,Other,2
T02619,2026-09-30 08:04:00,X-sim,user_8186,META,RT @user_2213: $META earnings beat!! EPS way above estimates 🚀,0.715,Earnings,7
T02620,2026-09-30 08:08:00,X-sim,user_8195,META,$META missed earnings and cut guide... brutal 📉,-0.475,Earnings,4
T02621,2026-09-30 08:19:00,X-sim,user_2629,BAC,anyone have thoughts on $BAC?,-0.043,Other,2
T02622,2026-09-30 08:33:00,X-sim,user_7938,AAPL,$AAPL new launch looks 🔥 early demand is huge,0.717,Product Launch,6
T02623,2026-09-30 08:44:00,X-sim,user_5263,NVDA,"$NVDA delaying the launch again, not good",-0.456,Product Launch,4
T02624,2026-09-30 08:58:00,X-sim,user_8476,JNJ,$JNJ looks bad 😬 bearish 👀,-0.557,Other,4
T02625,2026-09-30 09:22:00,X-sim,user_9121,,"jobs data strong, soft landing vibes ✅ #macro 📊",0.631,Macroeconomic,5
T02626,2026-09-30 09:35:00,X-sim,user_3904,,"trade deal signed, finally good news 🎉 👀",0.829,Geopolitical,8
T02627,2026-09-30 09:42:00,X-sim,user_7855,NVDA,"$NVDA fined again, regulators not messing around #markets",-0.695,Regulatory/Legal,6
T02628,2026-09-30 10:01:00,X-sim,user_8220,META,$META volume is low today,-0.055,Other,1
T02629,2026-09-30 10:21:00,X-sim,user_9934,NVDA,$NVDA looks bad 😬 bearish #trading,-0.531,Other,2
T02630,2026-09-30 10:34:00,X-sim,user_3272,MSFT,"$MSFT flat, nothing happening",0.069,Other,3
T02631,2026-09-30 12:24:00,X-sim,user_4500,GS,"$GS flat, nothing happening #trading",-0.026,Other,2
T02632,2026-09-30 13:27:00,X-sim,user_2441,META,$META looking strong today 🚀,0.557,Other,4
T02633,2026-09-30 13:29:00,X-sim,user_3061,META,$META looking strong today 🚀 #investing,0.472,Other,4
T02634,2026-09-30 14:06:00,X-sim,user_4448,WMT,"$WMT under investigation, this could get ugly",-0.432,Regulatory/Legal,4
T02635,2026-09-30 14:29:00,X-sim,user_1895,GOOGL,"$GOOGL under investigation, this could get ugly #trading",-0.451,Regulatory/Legal,4
T02636,2026-09-30 14:44:00,X-sim,user_7945,JPM,"$JPM DOWNGRADED, SPREADS WIDENING ⚠️ #CREDIT",-0.717,Credit Event,7
T02637,2026-09-30 15:27:00,X-sim,user_3148,AMZN,"$AMZN margins shrinking, earnings were weak",-0.467,Earnings,4
T02638,2026-09-30 15:36:00,X-sim,user_7860,GS,$GS breakout incoming?? 🔥,0.462,Other,3
T02639,2026-09-30 16:14:00,X-sim,user_8306,WMT,"$WMT flat, nothing happening #trading",-0.068,Other,1
T02640,2026-09-30 16:39:00,X-sim,user_3545,GOOGL,"sold my $GOOGL, not liking this",-0.41,Other,2
T02641,2026-09-30 16:42:00,X-sim,user_2808,AMZN,$AMZN volume is low today #stocks,0.037,Other,2
T02642,2026-09-30 17:19:00,X-sim,user_8182,JPM,"sold my $JPM, not liking this",-0.534,Other,4
T02643,2026-09-30 17:38:00,X-sim,user_9697,WMT,"$WMT merger facing antitrust heat, deal at risk #stocks",-0.582,Merger/Acquisition,5
T02644,2026-09-30 17:49:00,X-sim,user_9344,,"cpi cooled, rate cuts soon? 📈 #Fed",0.592,Macroeconomic,4
T02645,2026-09-30 17:55:00,X-sim,user_7210,KO,"$KO smashing guidance, loading up 📈",0.74,Earnings,7
T02646,2026-09-30 18:02:00,X-sim,user_1814,AMZN,"$AMZN fined again, regulators not messing around #markets",-0.506,Regulatory/Legal,4
T02647,2026-09-30 18:06:00,X-sim,user_9654,AMZN,"$AMZN under investigation, this could get ugly 💬",-0.444,Regulatory/Legal,4
T02648,2026-09-30 18:45:00,X-sim,user_4785,,"cpi cooled, rate cuts soon? 📈 #Fed",0.819,Macroeconomic,7
T02649,2026-09-30 19:18:00,X-sim,user_4545,META,anyone have thoughts on $META?,0.006,Other,2
T02650,2026-09-30 19:24:00,X-sim,user_8627,,"trade deal signed, finally good news 🎉",0.566,Geopolitical,6
T02651,2026-09-30 19:48:00,X-sim,user_2554,CVX,anyone have thoughts on $CVX?,0.013,Other,2
T02652,2026-09-30 20:08:00,X-sim,user_5935,,"cpi cooled, rate cuts soon? 📈 #Fed #investing",0.68,Macroeconomic,7
T02653,2026-09-30 20:13:00,X-sim,user_6533,XOM,$XOM volume is low today #markets,-0.037,Other,3
T02654,2026-09-30 20:20:00,X-sim,user_7744,,"JOBS DATA STRONG, SOFT LANDING VIBES ✅ #MACRO #INVESTING",0.518,Macroeconomic,4
T02655,2026-09-30 20:26:00,X-sim,user_2685,AAPL,$AAPL acquisition could be a game changer 👀🔥 #stocks,0.575,Merger/Acquisition,5
T02656,2026-09-30 20:33:00,X-sim,user_9577,KO,"$KO credit upgrade, balance sheet looking healthier ✅",0.686,Credit Event,6
T02657,2026-10-01 06:18:00,X-sim,user_4214,PFE,$PFE acquisition could be a game changer 👀🔥,0.734,Merger/Acquisition,7
T02658,2026-10-01 06:22:00,X-sim,user_3857,GS,$GS getting hammered rn 📉 #trading,-0.397,Other,2
T02659,2026-10-01 06:29:00,X-sim,user_3826,GS,"sold my $GS, not liking this 🤔",-0.52,Other,3
T02660,2026-10-01 07:10:00,X-sim,user_6791,GOOGL,$GOOGL LOOKS BAD 😬 BEARISH,-0.49,Other,4
T02661,2026-10-01 07:12:00,X-sim,user_3355,JNJ,$JNJ wins approval 🎉 big relief,0.739,Regulatory/Legal,6
T02662,2026-10-01 07:22:00,X-sim,user_7903,,"cpi cooled, rate cuts soon? 📈 #Fed #markets",0.533,Macroeconomic,4
T02663,2026-10-01 07:23:00,X-sim,user_6390,CVX,anyone have thoughts on $CVX? #markets 💬,-0.027,Other,2
T02664,2026-10-01 07:26:00,X-sim,user_6308,WMT,$WMT breakout incoming?? 🔥,0.468,Other,3
T02665,2026-10-01 07:30:00,X-sim,user_8744,PFE,$PFE getting hammered rn 📉,-0.303,Other,2
T02666,2026-10-01 08:04:00,X-sim,user_5812,GS,$GS looks bad 😬 bearish,-0.561,Other,4
T02667,2026-10-01 08:18:00,X-sim,user_6427,GOOGL,"$GOOGL debt worries growing, bonds selling off",-0.637,Credit Event,5
T02668,2026-10-01 08:41:00,X-sim,user_4283,,"RT @user_7706: trade deal signed, finally good news 🎉 #investing",0.663,Geopolitical,6
T02669,2026-10-01 08:48:00,X-sim,user_2189,GOOGL,$GOOGL getting hammered rn 📉 💬,-0.48,Other,4
T02670,2026-10-01 09:08:00,X-sim,user_4372,PFE,RT @user_6792: $PFE ACQUISITION COULD BE A GAME CHANGER 👀🔥 📊,0.569,Merger/Acquisition,5
T02671,2026-10-01 09:27:00,X-sim,user_4123,GOOGL,RT @user_9631: $GOOGL getting hammered rn 📉 #markets,-0.533,Other,3
T02672,2026-10-01 09:27:00,X-sim,user_2450,AAPL,$AAPL earnings beat!! EPS way above estimates 🚀,0.585,Earnings,4
T02673,2026-10-01 09:49:00,X-sim,user_3193,GS,"bought more $GS on the dip, feeling good 📈 #markets",0.294,Other,2
T02674,2026-10-01 10:03:00,X-sim,user_1342,XOM,"$XOM merger facing antitrust heat, deal at risk",-0.507,Merger/Acquisition,5
T02675,2026-10-01 10:04:00,X-sim,user_1328,GS,anyone have thoughts on $GS?,-0.081,Other,2
T02676,2026-10-01 10:16:00,X-sim,user_3891,PFE,"bought more $PFE on the dip, feeling good 📈 📊",0.504,Other,4
T02677,2026-10-01 10:25:00,X-sim,user_6650,AMZN,anyone have thoughts on $AMZN? #trading 💬,-0.06,Other,3
T02678,2026-10-01 10:48:00,X-sim,user_5302,BAC,"$BAC DELAYING THE LAUNCH AGAIN, NOT GOOD #MARKETS",-0.466,Product Launch,3
T02679,2026-10-01 11:24:00,X-sim,user_5294,NVDA,$NVDA getting hammered rn 📉,-0.482,Other,4
T02680,2026-10-01 12:07:00,X-sim,user_9053,,"jobs data strong, soft landing vibes ✅ #macro",0.726,Macroeconomic,8
T02681,2026-10-01 12:38:00,X-sim,user_4981,NVDA,$NVDA getting hammered rn 📉,-0.357,Other,2
T02682,2026-10-01 12:42:00,X-sim,user_4278,,ceasefire!! risk on 🟢 #markets 📊,0.51,Geopolitical,5
T02683,2026-10-01 12:45:00,X-sim,user_7283,MSFT,"$MSFT flat, nothing happening",0.002,Other,2
T02684,2026-10-01 12:49:00,X-sim,user_4966,JPM,$JPM earnings beat!! EPS way above estimates 🚀,0.584,Earnings,5
T02685,2026-10-01 12:56:00,X-sim,user_5808,BAC,"$BAC delaying the launch again, not good",-0.478,Product Launch,3
T02686,2026-10-01 13:09:00,X-sim,user_6711,BAC,$BAC acquisition could be a game changer 👀🔥,0.675,Merger/Acquisition,6
T02687,2026-10-01 13:25:00,X-sim,user_6917,JPM,"$JPM credit upgrade, balance sheet looking healthier ✅ #stocks",0.474,Credit Event,3
T02688,2026-10-01 13:28:00,X-sim,user_6025,,"jobs data strong, soft landing vibes ✅ #macro",0.675,Macroeconomic,6
T02689,2026-10-01 13:29:00,X-sim,user_3948,GS,"sold my $GS, not liking this",-0.339,Other,2
T02690,2026-10-01 13:48:00,X-sim,user_3387,JPM,"sold my $JPM, not liking this",-0.391,Other,2
T02691,2026-10-01 14:25:00,X-sim,user_6882,,"trade deal signed, finally good news 🎉",0.555,Geopolitical,4
T02692,2026-10-01 14:45:00,X-sim,user_3438,PFE,$PFE breakout incoming?? 🔥 #trading,0.515,Other,4
T02693,2026-10-01 15:08:00,X-sim,user_6349,WMT,"$WMT CREDIT UPGRADE, BALANCE SHEET LOOKING HEALTHIER ✅",0.459,Credit Event,3
T02694,2026-10-01 15:10:00,X-sim,user_3484,BAC,$BAC VOLUME IS LOW TODAY,0.033,Other,1
T02695,2026-10-01 15:50:00,X-sim,user_8395,META,watching $META today #markets,0.006,Other,2
T02696,2026-10-01 16:16:00,X-sim,user_8902,AAPL,$AAPL volume is low today #markets 📊,0.067,Other,3
T02697,2026-10-01 16:20:00,X-sim,user_2869,META,$META wins approval 🎉 big relief,0.551,Regulatory/Legal,3
T02698,2026-10-01 16:44:00,X-sim,user_2683,JPM,"$JPM FLAT, NOTHING HAPPENING",0.076,Other,1
T02699,2026-10-01 17:12:00,X-sim,user_2453,,ceasefire!! risk on 🟢 #markets #stocks,0.494,Geopolitical,4
T02700,2026-10-01 17:34:00,X-sim,user_2568,JNJ,anyone have thoughts on $JNJ?,0.018,Other,2
T02701,2026-10-01 18:21:00,X-sim,user_3324,BAC,watching $BAC today,0.022,Other,3
T02702,2026-10-01 18:40:00,X-sim,user_9994,GS,anyone have thoughts on $GS?,-0.062,Other,2
T02703,2026-10-01 19:35:00,X-sim,user_3753,,ceasefire!! risk on 🟢 #markets,0.738,Geopolitical,6
T02704,2026-10-01 20:21:00,X-sim,user_2850,CVX,$CVX getting hammered rn 📉 #markets,-0.501,Other,4
T02705,2026-10-01 20:24:00,X-sim,user_7329,WMT,"bought more $WMT on the dip, feeling good 📈 #trading",0.381,Other,2
T02706,2026-10-02 06:02:00,X-sim,user_6285,GOOGL,RT @user_1239: $GOOGL looks bad 😬 bearish,-0.47,Other,2
T02707,2026-10-02 06:15:00,X-sim,user_8830,,"jobs data strong, soft landing vibes ✅ #macro 🤔",0.674,Macroeconomic,6
T02708,2026-10-02 06:20:00,X-sim,user_1878,JPM,$JPM looking strong today 🚀 #stocks 👀,0.456,Other,3
T02709,2026-10-02 06:52:00,X-sim,user_8542,MSFT,"bought more $MSFT on the dip, feeling good 📈 #trading",0.331,Other,2
T02710,2026-10-02 06:52:00,X-sim,user_1445,GS,$GS looks bad 😬 bearish,-0.472,Other,3
T02711,2026-10-02 07:05:00,X-sim,user_2635,MSFT,$MSFT looks bad 😬 bearish,-0.525,Other,4
T02712,2026-10-02 07:30:00,X-sim,user_3422,,ceasefire!! risk on 🟢 #markets,0.784,Geopolitical,8
T02713,2026-10-02 07:32:00,X-sim,user_3088,META,anyone have thoughts on $META?,-0.005,Other,2
T02714,2026-10-02 07:38:00,X-sim,user_9759,GS,watching $GS today #markets 👀,0.036,Other,2
T02715,2026-10-02 08:03:00,X-sim,user_6217,,"cpi cooled, rate cuts soon? 📈 #Fed",0.698,Macroeconomic,7
T02716,2026-10-02 08:34:00,X-sim,user_9308,JNJ,$JNJ looking strong today 🚀 #trading,0.361,Other,2
T02717,2026-10-02 08:35:00,X-sim,user_9089,,ceasefire!! risk on 🟢 #markets #markets,0.563,Geopolitical,5
T02718,2026-10-02 08:43:00,X-sim,user_2889,WMT,$WMT getting hammered rn 📉,-0.435,Other,4
T02719,2026-10-02 09:13:00,X-sim,user_8137,NVDA,"$NVDA product recall, yikes 😬",-0.553,Product Launch,4
T02720,2026-10-02 09:23:00,X-sim,user_5376,XOM,$XOM wins approval 🎉 big relief,0.59,Regulatory/Legal,5
T02721,2026-10-02 09:27:00,X-sim,user_4978,CVX,"$CVX smashing guidance, loading up 📈",0.503,Earnings,5
T02722,2026-10-02 09:28:00,X-sim,user_5502,AMZN,ugh $AMZN again... down bad,-0.397,Other,2
T02723,2026-10-02 09:31:00,X-sim,user_9700,,"jobs data strong, soft landing vibes ✅ #macro",0.721,Macroeconomic,6
T02724,2026-10-02 10:01:00,X-sim,user_8916,PFE,$PFE volume is low today,-0.019,Other,1
T02725,2026-10-02 10:23:00,X-sim,user_1362,META,$META breakout incoming?? 🔥,0.308,Other,2
T02726,2026-10-02 10:46:00,X-sim,user_8464,WMT,$WMT looks bad 😬 bearish 🤔,-0.416,Other,3
T02727,2026-10-02 11:05:00,X-sim,user_9095,PFE,$PFE breakout incoming?? 🔥 🤔,0.263,Other,2
T02728,2026-10-02 11:20:00,X-sim,user_3792,MSFT,"$MSFT crushing it, bullish #trading",0.444,Other,3
T02729,2026-10-02 11:43:00,X-sim,user_1705,NVDA,"sold my $NVDA, not liking this 🤔",-0.331,Other,2
T02730,2026-10-02 11:50:00,X-sim,user_9630,JNJ,"sold my $JNJ, not liking this",-0.326,Other,2
T02731,2026-10-02 12:27:00,X-sim,user_7208,WMT,"$WMT DOWNGRADED, SPREADS WIDENING ⚠️ #CREDIT #INVESTING",-0.579,Credit Event,4
T02732,2026-10-02 12:38:00,X-sim,user_6631,JPM,"$JPM crushing it, bullish #investing",0.454,Other,3
T02733,2026-10-02 13:46:00,X-sim,user_4443,GS,$GS volume is low today,-0.071,Other,3
T02734,2026-10-02 14:00:00,X-sim,user_7592,,ceasefire!! risk on 🟢 #markets,0.613,Geopolitical,6
T02735,2026-10-02 15:19:00,X-sim,user_9070,KO,"sold my $KO, not liking this #stocks",-0.257,Other,2
T02736,2026-10-02 15:37:00,X-sim,user_7299,AAPL,"bought more $AAPL on the dip, feeling good 📈 #markets 🔥",0.549,Other,4
T02737,2026-10-02 15:54:00,X-sim,user_3520,,CEASEFIRE!! RISK ON 🟢 #MARKETS,0.544,Geopolitical,5
T02738,2026-10-02 16:11:00,X-sim,user_9929,AAPL,$AAPL NEW LAUNCH LOOKS 🔥 EARLY DEMAND IS HUGE #MARKETS,0.552,Product Launch,4
T02739,2026-10-02 16:16:00,X-sim,user_2709,MSFT,$MSFT looking strong today 🚀 💬,0.398,Other,3
T02740,2026-10-02 16:31:00,X-sim,user_2554,JPM,$JPM breakout incoming?? 🔥,0.475,Other,2
T02741,2026-10-02 16:35:00,X-sim,user_1604,AAPL,watching $AAPL today,0.01,Other,3
T02742,2026-10-02 16:48:00,X-sim,user_3867,,"trade deal signed, finally good news 🎉",0.803,Geopolitical,8
T02743,2026-10-02 16:52:00,X-sim,user_6200,,"jobs data strong, soft landing vibes ✅ #macro 📊",0.608,Macroeconomic,6
T02744,2026-10-02 16:57:00,X-sim,user_3335,NVDA,ugh $NVDA again... down bad #trading,-0.319,Other,3
T02745,2026-10-02 17:25:00,X-sim,user_9966,GS,ugh $GS again... down bad,-0.507,Other,3
T02746,2026-10-02 17:36:00,X-sim,user_1314,META,$META breakout incoming?? 🔥 #stocks,0.436,Other,3
T02747,2026-10-02 17:39:00,X-sim,user_8478,,"trade deal signed, finally good news 🎉 #markets",0.626,Geopolitical,5
T02748,2026-10-02 17:59:00,X-sim,user_6969,BAC,"$BAC flat, nothing happening",0.042,Other,2
T02749,2026-10-02 17:59:00,X-sim,user_3672,PFE,"RT @user_4745: $PFE flat, nothing happening",-0.122,Other,1
T02750,2026-10-02 18:40:00,X-sim,user_5633,GOOGL,"$GOOGL smashing guidance, loading up 📈 #stocks",0.573,Earnings,6
T02751,2026-10-02 18:42:00,X-sim,user_5607,GS,"$GS under investigation, this could get ugly",-0.615,Regulatory/Legal,4
T02752,2026-10-02 18:43:00,X-sim,user_8018,AMZN,"$AMZN FLAT, NOTHING HAPPENING",-0.036,Other,3
T02753,2026-10-02 18:45:00,X-sim,user_9617,NVDA,$NVDA getting hammered rn 📉 #investing 📊,-0.319,Other,2
T02754,2026-10-02 18:54:00,X-sim,user_7915,CVX,$CVX breakout incoming?? 🔥 #trading 🔥,0.564,Other,4
T02755,2026-10-02 19:15:00,X-sim,user_3227,AMZN,anyone have thoughts on $AMZN?,0.032,Other,1
T02756,2026-10-02 19:36:00,X-sim,user_6846,WMT,ugh $WMT again... down bad,-0.47,Other,2
T02757,2026-10-02 20:12:00,X-sim,user_8252,KO,"sold my $KO, not liking this #trading",-0.355,Other,2
T02758,2026-10-02 20:20:00,X-sim,user_4463,JPM,$JPM earnings beat!! EPS way above estimates 🚀 #trading,0.695,Earnings,6
T02759,2026-10-02 20:24:00,X-sim,user_9074,NVDA,"$NVDA crushing it, bullish 💬",0.561,Other,4
T02760,2026-10-02 20:53:00,X-sim,user_6432,BAC,"SOLD MY $BAC, NOT LIKING THIS 👀",-0.453,Other,2
T02761,2026-10-02 20:55:00,X-sim,user_8786,CVX,"$CVX flat, nothing happening",-0.005,Other,3
