signal_id,source_id,source_type,timestamp,ticker,scope,sentiment,event_type,impact,event_confidence,headline
ST00000,T00000,social,2026-07-06 06:04:00,CVX,company,0.668,Other,3.0,0.994,"$CVX crushing it, bullish"
SN00000,N00000,news,2026-07-06 06:12:00,CVX,company,-0.792,Earnings,5.9,0.975,"Chevron misses earnings expectations as margins shrink, sending shares lower. Analysts flagged downside risks and trimmed their estimates."
ST00001,T00001,social,2026-07-06 07:25:00,META,company,0.665,Other,2.9,0.994,"$META crushing it, bullish"
ST00002,T00002,social,2026-07-06 08:40:00,AAPL,company,0.437,Other,3.0,0.994,$AAPL looking strong today 🚀 👀
SN00001,N00001,news,2026-07-06 08:50:00,GOOGL,company,-0.854,Earnings,7.8,0.963,"Alphabet misses earnings expectations as margins shrink in what analysts call a major shock. Investors reacted cautiously, citing uncertaint"
ST00003,T00003,social,2026-07-06 09:02:00,JPM,company,0.001,Other,2.1,0.992,anyone have thoughts on $JPM? #stocks
ST00004,T00004,social,2026-07-06 09:14:00,,market,0.485,Macroeconomic,5.8,0.971,"jobs data strong, soft landing vibes ✅ #macro #stocks"
ST00005,T00005,social,2026-07-06 09:45:00,,market,-0.58,Macroeconomic,6.1,0.988,recession signals flashing red 🚨 #macro 📊
ST00006,T00006,social,2026-07-06 09:49:00,,market,0.606,Geopolitical,6.1,0.976,ceasefire!! risk on 🟢 #markets
SN00002,N00002,news,2026-07-06 09:53:00,WMT,company,-0.653,Regulatory/Legal,6.1,0.959,"Walmart loses court ruling, appeal expected, sending shares lower. Investors reacted cautiously, citing uncertainty over near-term outlook."
ST00007,T00007,social,2026-07-06 10:19:00,META,company,-0.185,Other,2.1,0.993,$META volume is low today #markets
SN00003,N00003,news,2026-07-06 10:22:00,GS,company,-0.748,Credit Event,6.8,0.94,"Goldman Sachs bond spreads widen on liquidity concerns, sending shares lower. Investors reacted cautiously, citing uncertainty over near-ter"
SN00004,N00004,news,2026-07-06 10:25:00,XOM,company,-0.735,Regulatory/Legal,6.2,0.969,Exxon Mobil faces new government investigation into its practices. Analysts flagged downside risks and trimmed their estimates.
ST00008,T00008,social,2026-07-06 10:36:00,GOOGL,company,-0.556,Credit Event,5.0,0.97,"$GOOGL debt worries growing, bonds selling off #investing"
ST00009,T00009,social,2026-07-06 10:38:00,XOM,company,-0.552,Credit Event,5.4,0.984,"$XOM downgraded, spreads widening ⚠️ #credit"
SN00005,N00005,news,2026-07-06 10:41:00,AMZN,company,0.811,Product Launch,5.9,0.963,Amazon launches delivery service to strong reviews in a landmark result. Traders cited improving fundamentals and strong momentum.
ST00010,T00010,social,2026-07-06 10:48:00,AAPL,company,-0.002,Other,2.1,0.993,anyone have thoughts on $AAPL? #stocks
SN00006,N00006,news,2026-07-06 11:10:00,BAC,company,0.812,Earnings,5.8,0.978,"Bank of America beats quarterly earnings estimates as revenue climbs 2.4%, lifting shares. Investors responded positively, with analysts rai"
SN00007,N00007,news,2026-07-06 11:15:00,PFE,company,0.862,Earnings,7.6,0.972,Pfizer raises full-year guidance after a strong quarter in a landmark result. Traders cited improving fundamentals and strong momentum.
ST00011,T00011,social,2026-07-06 11:36:00,JPM,company,-0.001,Other,2.0,0.996,"$JPM flat, nothing happening"
SN00008,N00008,news,2026-07-06 11:40:00,WMT,company,0.004,Product Launch,2.1,0.959,Walmart announces date for its next delivery service event. The development was largely expected by market participants.
ST00012,T00012,social,2026-07-06 11:55:00,JPM,company,0.668,Other,3.0,0.994,"$JPM crushing it, bullish"
ST00013,T00013,social,2026-07-06 12:12:00,WMT,company,0.804,Regulatory/Legal,5.5,0.981,$WMT wins approval 🎉 big relief #trading
ST00014,T00014,social,2026-07-06 12:25:00,,market,0.299,Macroeconomic,5.6,0.981,"cpi cooled, rate cuts soon? 📈 #Fed 🔥"
ST00015,T00015,social,2026-07-06 13:33:00,AAPL,company,0.506,Other,2.8,0.992,RT @user_1170: $AAPL LOOKING STRONG TODAY 🚀 #INVESTING
SN00009,N00009,news,2026-07-06 13:39:00,GS,company,0.814,Merger/Acquisition,7.9,0.953,"Goldman Sachs to acquire a rival in a $39bn deal expected to boost margins in a landmark result. Investors responded positively, with analys"
SN00010,N00010,news,2026-07-06 14:47:00,AMZN,company,0.87,Earnings,6.6,0.977,"Amazon raises full-year guidance after a strong quarter, sparking a strong rally. Investors responded positively, with analysts raising pric"
ST00016,T00016,social,2026-07-06 15:10:00,AMZN,company,-0.548,Credit Event,5.1,0.987,"$AMZN downgraded, spreads widening ⚠️ #credit"
ST00017,T00017,social,2026-07-06 15:27:00,PFE,company,-0.571,Credit Event,5.3,0.986,"$PFE debt worries growing, bonds selling off"
SN00011,N00011,news,2026-07-06 15:27:00,AAPL,company,-0.808,Regulatory/Legal,8.0,0.955,"Apple loses court ruling, appeal expected in what analysts call a major shock. Investors reacted cautiously, citing uncertainty over near-te"
ST00018,T00018,social,2026-07-06 15:38:00,NVDA,company,-0.532,Regulatory/Legal,5.4,0.985,"$NVDA fined again, regulators not messing around"
ST00019,T00019,social,2026-07-06 15:52:00,GS,company,0.807,Regulatory/Legal,4.9,0.994,$GS wins approval 🎉 big relief 💬
ST00020,T00020,social,2026-07-06 16:03:00,WMT,company,0.18,Earnings,5.3,0.982,"$WMT smashing guidance, loading up 📈"
ST00021,T00021,social,2026-07-06 16:10:00,JNJ,company,-0.827,Earnings,5.3,0.986,$JNJ MISSED EARNINGS AND CUT GUIDE... BRUTAL 📉
ST00022,T00022,social,2026-07-06 16:11:00,MSFT,company,-0.626,Other,2.9,0.995,$MSFT getting hammered rn 📉 #stocks 🔥
ST00023,T00023,social,2026-07-06 16:25:00,GOOGL,company,-0.56,Merger/Acquisition,4.9,0.985,$GOOGL OVERPAYING FOR THIS ACQUISITION IMO
ST00024,T00024,social,2026-07-06 16:32:00,JNJ,company,-0.001,Other,2.0,0.996,ANYONE HAVE THOUGHTS ON $JNJ? 💬
ST00025,T00025,social,2026-07-06 16:44:00,BAC,company,-0.571,Credit Event,5.3,0.986,"$BAC debt worries growing, bonds selling off"
SN00012,N00012,news,2026-07-06 16:52:00,AAPL,company,0.817,Product Launch,6.2,0.958,Apple launches software suite to strong reviews in a landmark result. Traders cited improving fundamentals and strong momentum.
SN00013,N00013,news,2026-07-06 16:59:00,GS,company,0.642,Product Launch,3.9,0.957,"Goldman Sachs launches digital banking app to strong reviews. Investors responded positively, with analysts raising price targets."
ST00026,T00026,social,2026-07-06 16:59:00,JNJ,company,-0.756,Product Launch,5.2,0.987,"$JNJ product recall, yikes 😬"
ST00027,T00027,social,2026-07-06 17:50:00,PFE,company,-0.646,Regulatory/Legal,4.6,0.972,"$PFE under investigation, this could get ugly #stocks"
SN00014,N00014,news,2026-07-06 18:20:00,AAPL,company,-0.005,Regulatory/Legal,2.2,0.963,Regulators open consultation on rules affecting the Technology sector. The development was largely expected by market participants.
SN00015,N00015,news,2026-07-06 18:41:00,,market,0.841,Macroeconomic,5.8,0.934,"Inflation cools to 3.5%, raising hopes of rate cuts, lifting shares. Investors responded positively, with analysts raising price targets."
ST00028,T00028,social,2026-07-06 18:43:00,,market,-0.818,Geopolitical,6.5,0.979,sanctions + tariffs = chaos for stocks 📉 #geopolitics 🔥
ST00029,T00029,social,2026-07-06 18:57:00,AMZN,company,-0.004,Other,2.4,0.992,"$AMZN flat, nothing happening #investing"
SN00016,N00016,news,2026-07-06 18:58:00,,market,0.839,Macroeconomic,5.8,0.934,"Inflation cools to 8.9%, raising hopes of rate cuts, lifting shares. Investors responded positively, with analysts raising price targets."
SN00017,N00017,news,2026-07-06 19:05:00,PFE,company,0.775,Regulatory/Legal,4.1,0.972,"Pfizer wins regulatory approval for its oncology drug. Investors responded positively, with analysts raising price targets."
ST00030,T00030,social,2026-07-06 19:15:00,CVX,company,-0.734,Other,3.2,0.99,$CVX looks bad 😬 bearish #trading 🤔
ST00031,T00031,social,2026-07-06 19:16:00,JNJ,company,0.807,Regulatory/Legal,4.9,0.994,RT @user_7765: $JNJ wins approval 🎉 big relief
ST00032,T00032,social,2026-07-06 19:35:00,BAC,company,0.075,Product Launch,5.2,0.991,$BAC new launch looks 🔥 early demand is huge
ST00033,T00033,social,2026-07-06 19:43:00,META,company,-0.003,Other,1.9,0.996,"$META flat, nothing happening"
ST00034,T00034,social,2026-07-06 19:52:00,AAPL,company,-0.188,Other,2.0,0.994,$AAPL volume is low today #stocks
ST00035,T00035,social,2026-07-06 20:00:00,META,company,-0.47,Merger/Acquisition,5.0,0.982,$META overpaying for this acquisition imo
ST00036,T00036,social,2026-07-06 20:07:00,,market,0.14,Macroeconomic,6.1,0.986,"inflation print hot, fed won't cut 😬 #Fed 🤔"
ST00037,T00037,social,2026-07-06 20:21:00,CVX,company,-0.001,Other,2.0,0.996,"$CVX flat, nothing happening"
ST00038,T00038,social,2026-07-06 20:48:00,JPM,company,-0.635,Other,2.9,0.996,$JPM getting hammered rn 📉 🔥
ST00039,T00039,social,2026-07-06 20:57:00,JPM,company,-0.64,Earnings,5.1,0.989,"$JPM margins shrinking, earnings were weak"
SN00018,N00018,news,2026-07-07 06:28:00,GS,company,0.805,Credit Event,6.2,0.958,"Goldman Sachs refinances debt at lower rates and extends maturities, sparking a strong rally. Traders cited improving fundamentals and stron"
SN00019,N00019,news,2026-07-07 06:30:00,BAC,company,0.823,Product Launch,5.9,0.965,"Bank of America launches wealth platform to strong reviews in a landmark result. Investors responded positively, with analysts raising price"
ST00040,T00040,social,2026-07-07 06:47:00,PFE,company,-0.002,Other,2.1,0.993,anyone have thoughts on $PFE? #stocks
ST00041,T00041,social,2026-07-07 07:02:00,GOOGL,company,0.51,Merger/Acquisition,3.1,0.994,"bought more $GOOGL on the dip, feeling good 📈"
SN00020,N00020,news,2026-07-07 07:02:00,KO,company,0.363,Credit Event,4.6,0.959,"Coca-Cola refinances debt at lower rates and extends maturities. Investors responded positively, with analysts raising price targets."
SN00021,N00021,news,2026-07-07 07:22:00,META,company,0.785,Regulatory/Legal,5.0,0.964,"Meta Platforms settles lawsuit on favourable terms, sparking a strong rally. Traders cited improving fundamentals and strong momentum."
ST00042,T00042,social,2026-07-07 07:40:00,PFE,company,0.502,Other,3.1,0.993,RT @user_9136: $PFE LOOKING STRONG TODAY 🚀 #INVESTING
SN00022,N00022,news,2026-07-07 07:54:00,WMT,company,-0.706,Regulatory/Legal,5.1,0.98,"Walmart loses court ruling, appeal expected. Analysts flagged downside risks and trimmed their estimates."
SN00023,N00023,news,2026-07-07 08:05:00,WMT,company,0.854,Merger/Acquisition,8.2,0.97,Walmart to acquire a rival in a $13bn deal expected to boost margins in a landmark result. Traders cited improving fundamentals and strong m
ST00043,T00043,social,2026-07-07 08:29:00,AMZN,company,-0.743,Other,3.1,0.996,$AMZN looks bad 😬 bearish
ST00044,T00044,social,2026-07-07 08:53:00,BAC,company,-0.38,Other,1.9,0.996,$BAC volume is low today 🔥
ST00045,T00045,social,2026-07-07 08:54:00,AMZN,company,-0.24,Other,2.0,0.997,WATCHING $AMZN TODAY 🔥
SN00024,N00024,news,2026-07-07 09:11:00,,market,-0.017,Geopolitical,2.5,0.738,World leaders meet in the Middle East for talks. The development was largely expected by market participants.
ST00046,T00046,social,2026-07-07 09:12:00,GS,company,0.51,Merger/Acquisition,3.1,0.994,"bought more $GS on the dip, feeling good 📈"
ST00047,T00047,social,2026-07-07 09:32:00,CVX,company,0.804,Regulatory/Legal,4.7,0.979,$CVX WINS APPROVAL 🎉 BIG RELIEF #INVESTING
ST00048,T00048,social,2026-07-07 09:42:00,CVX,company,-0.152,Other,3.1,0.995,$CVX breakout incoming?? 🔥
ST00049,T00049,social,2026-07-07 09:43:00,XOM,company,-0.515,Regulatory/Legal,4.6,0.976,"$XOM fined again, regulators not messing around #investing"
SN00025,N00025,news,2026-07-07 09:48:00,AMZN,company,0.783,Earnings,4.8,0.983,Amazon raises full-year guidance after a strong quarter. Traders cited improving fundamentals and strong momentum.
SN00026,N00026,news,2026-07-07 09:50:00,META,company,-0.653,Regulatory/Legal,6.1,0.959,"Meta Platforms loses court ruling, appeal expected, sending shares lower. Investors reacted cautiously, citing uncertainty over near-term ou"
SN00027,N00027,news,2026-07-07 09:55:00,,market,-0.564,Macroeconomic,5.9,0.954,Central bank signals higher rates for longer. Analysts flagged downside risks and trimmed their estimates.
SN00028,N00028,news,2026-07-07 10:07:00,,market,-0.773,Macroeconomic,7.2,0.872,"Inflation surprises to the upside at 13.9%, rate hike fears grow. Analysts flagged downside risks and trimmed their estimates."
ST00050,T00050,social,2026-07-07 10:14:00,NVDA,company,-0.003,Other,1.9,0.996,"$NVDA flat, nothing happening"
ST00051,T00051,social,2026-07-07 10:30:00,GOOGL,company,0.412,Other,2.9,0.993,$GOOGL looking strong today 🚀 #investing
SN00029,N00029,news,2026-07-07 10:31:00,CVX,company,0.504,Regulatory/Legal,3.1,0.979,Chevron settles lawsuit on favourable terms. Traders cited improving fundamentals and strong momentum.
ST00052,T00052,social,2026-07-07 10:42:00,GOOGL,company,-0.062,Merger/Acquisition,4.9,0.986,$GOOGL acquisition could be a game changer 👀🔥 #investing
ST00053,T00053,social,2026-07-07 10:48:00,GS,company,-0.765,Other,3.2,0.991,$GS looks bad 😬 bearish #trading 🔥
SN00030,N00030,news,2026-07-07 11:09:00,KO,company,0.843,Regulatory/Legal,5.7,0.928,"Coca-Cola wins regulatory approval for its private-label line, sparking a strong rally. Investors responded positively, with analysts raisin"
SN00031,N00031,news,2026-07-07 11:11:00,CVX,company,-0.827,Regulatory/Legal,8.2,0.959,"Chevron hit with $1900m fine by regulators, triggering a sharp selloff. Analysts flagged downside risks and trimmed their estimates."
ST00054,T00054,social,2026-07-07 11:15:00,KO,company,-0.659,Other,3.0,0.995,RT @user_4699: ugh $KO again... down bad
SN00032,N00032,news,2026-07-07 11:29:00,PFE,company,0.881,Earnings,6.7,0.97,"Pfizer posts record profit, with earnings per share ahead of consensus, lifting shares. Traders cited improving fundamentals and strong mome"
ST00055,T00055,social,2026-07-07 11:42:00,PFE,company,-0.61,Product Launch,5.4,0.983,"RT @user_8468: $PFE delaying the launch again, not good 📊"
ST00056,T00056,social,2026-07-07 11:43:00,WMT,company,-0.606,Product Launch,5.2,0.983,"$WMT delaying the launch again, not good"
ST00057,T00057,social,2026-07-07 12:09:00,BAC,company,-0.003,Other,1.9,0.996,"$BAC flat, nothing happening 👀"
ST00058,T00058,social,2026-07-07 12:14:00,JNJ,company,-0.003,Other,1.9,0.996,"$JNJ flat, nothing happening"
SN00033,N00033,news,2026-07-07 12:27:00,KO,company,-0.772,Product Launch,5.8,0.973,"Coca-Cola delays beverage line launch after quality issues, triggering a sharp selloff. Investors reacted cautiously, citing uncertainty ove"
ST00059,T00059,social,2026-07-07 12:52:00,BAC,company,-0.554,Credit Event,5.4,0.984,"$BAC downgraded, spreads widening ⚠️ #credit"
SN00034,N00034,news,2026-07-07 13:49:00,MSFT,company,-0.593,Earnings,5.9,0.977,"Microsoft reports revenue decline of 8.8% year over year, sending shares lower. Analysts flagged downside risks and trimmed their estimates."
SN00035,N00035,news,2026-07-07 14:18:00,WMT,company,0.881,Credit Event,7.0,0.969,"Moody's-style agency upgrades Walmart to BBB on improving leverage, sparking a strong rally. Traders cited improving fundamentals and strong"
ST00060,T00060,social,2026-07-07 14:59:00,CVX,company,-0.001,Other,1.9,0.996,anyone have thoughts on $CVX?
SN00036,N00036,news,2026-07-07 15:19:00,JPM,company,-0.894,Earnings,8.8,0.962,JPMorgan Chase cuts full-year outlook citing weak demand in what analysts call a major shock. Analysts flagged downside risks and trimmed th
ST00061,T00061,social,2026-07-07 15:21:00,PFE,company,-0.076,Merger/Acquisition,4.9,0.976,$PFE acquisition could be a game changer 👀🔥 #stocks
ST00062,T00062,social,2026-07-07 15:42:00,MSFT,company,-0.001,Other,1.9,0.996,anyone have thoughts on $MSFT? 👀
ST00063,T00063,social,2026-07-07 15:57:00,META,company,-0.238,Other,1.9,0.997,watching $META today 🔥
SN00037,N00037,news,2026-07-07 16:00:00,PFE,company,-0.827,Regulatory/Legal,8.8,0.927,"Pfizer faces new government investigation into its practices in what analysts call a major shock. Investors reacted cautiously, citing uncer"
ST00064,T00064,social,2026-07-07 16:01:00,WMT,company,-0.001,Other,2.0,0.996,"$WMT flat, nothing happening"
SN00038,N00038,news,2026-07-07 16:09:00,GOOGL,company,-0.599,Earnings,5.9,0.98,"Alphabet reports revenue decline of 6.5% year over year, sending shares lower. Analysts flagged downside risks and trimmed their estimates."
ST00065,T00065,social,2026-07-07 16:19:00,JPM,company,-0.64,Credit Event,5.4,0.982,"$JPM DEBT WORRIES GROWING, BONDS SELLING OFF 👀"
SN00039,N00039,news,2026-07-07 16:24:00,AAPL,company,0.704,Earnings,5.2,0.982,"Apple beats quarterly earnings estimates as revenue climbs 12.4%. Investors responded positively, with analysts raising price targets."
ST00066,T00066,social,2026-07-07 17:08:00,JPM,company,-0.315,Other,3.3,0.985,$JPM breakout incoming?? 🔥 #investing 🔥
ST00067,T00067,social,2026-07-07 17:42:00,GS,company,0.415,Other,3.0,0.992,$GS looking strong today 🚀 #stocks 🤔
ST00068,T00068,social,2026-07-07 17:52:00,,market,0.19,Macroeconomic,6.6,0.986,"INFLATION PRINT HOT, FED WON'T CUT 😬 #FED"
ST00069,T00069,social,2026-07-07 17:56:00,PFE,company,-0.637,Other,3.0,0.995,$PFE getting hammered rn 📉 🔥
ST00070,T00070,social,2026-07-07 17:56:00,WMT,company,-0.787,Earnings,5.3,0.986,RT @user_7256: $WMT missed earnings and cut guide... brutal 📉
SN00040,N00040,news,2026-07-07 18:37:00,KO,company,-0.004,Merger/Acquisition,2.2,0.937,Coca-Cola confirms it is in talks over a possible acquisition. Analysts said it was too early to assess any lasting impact.
SN00041,N00041,news,2026-07-07 18:42:00,JNJ,company,0.37,Credit Event,4.6,0.968,"Johnson & Johnson refinances debt at lower rates and extends maturities. Investors responded positively, with analysts raising price targets"
ST00071,T00071,social,2026-07-07 19:21:00,XOM,company,-0.465,Merger/Acquisition,5.0,0.976,$XOM overpaying for this acquisition imo #stocks 🤔
SN00042,N00042,news,2026-07-07 19:33:00,NVDA,company,0.845,Regulatory/Legal,6.9,0.953,"NVIDIA wins regulatory approval for its developer toolkit in a landmark result. Investors responded positively, with analysts raising price "
ST00072,T00072,social,2026-07-07 19:44:00,AMZN,company,-0.696,Product Launch,5.1,0.984,"$AMZN DELAYING THE LAUNCH AGAIN, NOT GOOD 🤔"
SN00043,N00043,news,2026-07-07 19:45:00,PFE,company,0.816,Regulatory/Legal,5.1,0.954,"Pfizer wins regulatory approval for its diagnostic test, lifting shares. Investors responded positively, with analysts raising price targets"
SN00044,N00044,news,2026-07-07 19:57:00,CVX,company,-0.008,Product Launch,1.9,0.937,Chevron announces date for its next renewables unit event. The development was largely expected by market participants.
ST00073,T00073,social,2026-07-07 20:15:00,KO,company,-0.001,Other,2.0,0.996,anyone have thoughts on $KO?
SN00045,N00045,news,2026-07-07 20:20:00,MSFT,company,-0.84,Credit Event,7.6,0.936,"Microsoft raises loan loss provisions by 9.9% as defaults rise, triggering a sharp selloff. Investors reacted cautiously, citing uncertainty"
SN00046,N00046,news,2026-07-07 20:25:00,,market,-0.582,Geopolitical,7.8,0.969,"New sanctions disrupt energy supply chains linked to the South China Sea. Investors reacted cautiously, citing uncertainty over near-term ou"
ST00074,T00074,social,2026-07-07 20:31:00,XOM,company,-0.0,Other,2.1,0.993,anyone have thoughts on $XOM? #stocks 👀
ST00075,T00075,social,2026-07-07 20:35:00,PFE,company,0.075,Product Launch,5.2,0.991,$PFE new launch looks 🔥 early demand is huge 💬
ST00076,T00076,social,2026-07-07 20:44:00,JPM,company,0.509,Merger/Acquisition,3.1,0.993,"bought more $JPM on the dip, feeling good 📈"
ST00077,T00077,social,2026-07-07 20:48:00,AAPL,company,-0.64,Credit Event,5.4,0.982,"$AAPL DEBT WORRIES GROWING, BONDS SELLING OFF"
SN00047,N00047,news,2026-07-07 20:52:00,GOOGL,company,0.003,Merger/Acquisition,2.3,0.943,Alphabet confirms it is in talks over a possible acquisition. The development was largely expected by market participants.
SN00048,N00048,news,2026-07-08 06:20:00,GS,company,0.838,Merger/Acquisition,5.9,0.966,"Goldman Sachs to acquire a rival in a $26bn deal expected to boost margins, lifting shares. Traders cited improving fundamentals and strong "
SN00049,N00049,news,2026-07-08 07:05:00,GS,company,0.0,Regulatory/Legal,2.3,0.959,Regulators open consultation on rules affecting the Financials sector. The development was largely expected by market participants.
ST00078,T00078,social,2026-07-08 08:07:00,CVX,company,-0.192,Other,1.9,0.996,$CVX volume is low today
SN00050,N00050,news,2026-07-08 08:19:00,,market,-0.86,Macroeconomic,8.2,0.795,"Recession fears mount as unemployment rises, sending shares lower. Analysts flagged downside risks and trimmed their estimates."
ST00079,T00079,social,2026-07-08 08:49:00,WMT,company,-0.736,Product Launch,5.0,0.962,"$WMT product recall, yikes 😬 #markets 💬"
ST00080,T00080,social,2026-07-08 09:16:00,AAPL,company,-0.347,Other,2.8,0.995,"sold my $AAPL, not liking this"
SN00051,N00051,news,2026-07-08 09:17:00,NVDA,company,-0.726,Product Launch,6.3,0.969,NVIDIA recalls cloud platform over safety defect. Analysts flagged downside risks and trimmed their estimates.
SN00052,N00052,news,2026-07-08 09:31:00,JPM,company,-0.82,Product Launch,8.8,0.954,"JPMorgan Chase recalls digital banking app over safety defect in what analysts call a major shock. Investors reacted cautiously, citing unce"
ST00081,T00081,social,2026-07-08 09:31:00,MSFT,company,-0.756,Product Launch,5.2,0.987,"$MSFT product recall, yikes 😬"
ST00082,T00082,social,2026-07-08 09:47:00,PFE,company,0.179,Earnings,5.4,0.981,"$PFE smashing guidance, loading up 📈"
ST00083,T00083,social,2026-07-08 09:55:00,JPM,company,0.833,Regulatory/Legal,4.9,0.991,$JPM WINS APPROVAL 🎉 BIG RELIEF
ST00084,T00084,social,2026-07-08 10:03:00,JPM,company,-0.53,Regulatory/Legal,5.2,0.984,"$JPM fined again, regulators not messing around"
ST00085,T00085,social,2026-07-08 11:07:00,GS,company,0.549,Earnings,5.3,0.988,$GS earnings beat!! EPS way above estimates 🚀
ST00086,T00086,social,2026-07-08 12:05:00,KO,company,-0.66,Other,3.0,0.995,ugh $KO again... down bad
SN00053,N00053,news,2026-07-08 12:31:00,XOM,company,-0.792,Earnings,7.3,0.965,"Exxon Mobil reports revenue decline of 9.6% year over year, triggering a sharp selloff. Analysts flagged downside risks and trimmed their es"
SN00054,N00054,news,2026-07-08 12:56:00,BAC,company,-0.543,Merger/Acquisition,3.9,0.966,"Bank of America walks away from $15bn takeover talks. Investors reacted cautiously, citing uncertainty over near-term outlook."
SN00055,N00055,news,2026-07-08 13:47:00,BAC,company,-0.78,Product Launch,7.3,0.968,"Bank of America delays digital banking app launch after quality issues in what analysts call a major shock. Investors reacted cautiously, ci"
SN00056,N00056,news,2026-07-08 13:57:00,,market,-0.844,Geopolitical,9.6,0.911,New sanctions disrupt energy supply chains linked to North Africa in what analysts call a major shock. Analysts flagged downside risks and t
SN00057,N00057,news,2026-07-08 14:18:00,AMZN,company,-0.006,Regulatory/Legal,2.2,0.951,Regulators open consultation on rules affecting the Consumer sector. Analysts said it was too early to assess any lasting impact.
ST00087,T00087,social,2026-07-08 14:28:00,WMT,company,-0.0,Other,2.0,0.997,watching $WMT today
ST00088,T00088,social,2026-07-08 14:57:00,GOOGL,company,-0.348,Other,2.8,0.995,"sold my $GOOGL, not liking this 📊"
ST00089,T00089,social,2026-07-08 15:02:00,BAC,company,-0.192,Other,1.9,0.996,$BAC volume is low today
ST00090,T00090,social,2026-07-08 15:07:00,BAC,company,-0.004,Other,2.4,0.992,"$BAC flat, nothing happening #investing 📊"
ST00091,T00091,social,2026-07-08 15:10:00,MSFT,company,-0.303,Other,1.9,0.996,RT @user_4364: $MSFT VOLUME IS LOW TODAY 📊
ST00092,T00092,social,2026-07-08 15:28:00,JNJ,company,-0.187,Other,1.9,0.995,$JNJ volume is low today #trading
SN00058,N00058,news,2026-07-08 15:51:00,JNJ,company,0.525,Product Launch,4.4,0.96,"Johnson & Johnson unveils new diagnostic test, early orders exceed expectations. Investors responded positively, with analysts raising price"
ST00093,T00093,social,2026-07-08 15:57:00,PFE,company,0.003,Other,2.3,0.991,watching $PFE today #stocks
ST00094,T00094,social,2026-07-08 16:07:00,JPM,company,-0.167,Other,3.0,0.988,$JPM breakout incoming?? 🔥 #investing 👀
ST00095,T00095,social,2026-07-08 16:52:00,META,company,0.419,Other,3.0,0.991,$META looking strong today 🚀 #markets
ST00096,T00096,social,2026-07-08 16:54:00,JNJ,company,-0.003,Other,1.9,0.996,"$JNJ flat, nothing happening"
SN00059,N00059,news,2026-07-08 17:13:00,BAC,company,-0.811,Regulatory/Legal,8.2,0.947,"Bank of America loses court ruling, appeal expected in what analysts call a major shock. Investors reacted cautiously, citing uncertainty ov"
ST00097,T00097,social,2026-07-08 17:35:00,NVDA,company,0.436,Other,3.0,0.995,$NVDA looking strong today 🚀
SN00060,N00060,news,2026-07-08 17:41:00,MSFT,company,-0.804,Credit Event,7.0,0.953,S&P-style agency downgrades Microsoft to BBB amid rising debt. Analysts flagged downside risks and trimmed their estimates.
ST00098,T00098,social,2026-07-08 17:42:00,META,company,-0.654,Other,3.2,0.992,RT @user_2269: ugh $META again... down bad #investing 💬
ST00099,T00099,social,2026-07-08 18:28:00,AMZN,company,-0.003,Other,1.9,0.996,"RT @user_7538: $AMZN flat, nothing happening"
ST00100,T00100,social,2026-07-08 18:38:00,META,company,-0.001,Other,2.0,0.996,"$META FLAT, NOTHING HAPPENING"
ST00101,T00101,social,2026-07-08 18:39:00,GOOGL,company,-0.149,Other,3.1,0.995,$GOOGL breakout incoming?? 🔥
SN00061,N00061,news,2026-07-08 18:44:00,,market,0.793,Macroeconomic,5.9,0.93,"Central bank holds rates and signals easing ahead, lifting shares. Investors responded positively, with analysts raising price targets."
ST00102,T00102,social,2026-07-08 18:47:00,,market,-0.839,Geopolitical,6.4,0.984,"war escalating, markets gonna bleed 😰 #markets"
SN00062,N00062,news,2026-07-08 19:13:00,NVDA,company,0.71,Regulatory/Legal,3.6,0.971,"NVIDIA settles lawsuit on favourable terms, lifting shares. Traders cited improving fundamentals and strong momentum."
SN00063,N00063,news,2026-07-08 19:31:00,AAPL,company,0.501,Regulatory/Legal,3.2,0.979,Apple settles lawsuit on favourable terms. Traders cited improving fundamentals and strong momentum.
ST00103,T00103,social,2026-07-08 19:54:00,NVDA,company,0.069,Product Launch,5.0,0.991,$NVDA new launch looks 🔥 early demand is huge
ST00104,T00104,social,2026-07-08 19:57:00,META,company,-0.001,Other,1.9,0.996,anyone have thoughts on $META?
ST00105,T00105,social,2026-07-08 20:01:00,NVDA,company,-0.659,Other,3.0,0.995,ugh $NVDA again... down bad
SN00064,N00064,news,2026-07-08 20:01:00,BAC,company,-0.759,Regulatory/Legal,8.8,0.919,"Bank of America hit with $1400m fine by regulators in what analysts call a major shock. Investors reacted cautiously, citing uncertainty ove"
ST00106,T00106,social,2026-07-08 20:02:00,META,company,-0.002,Other,1.9,0.996,watching $META today
ST00107,T00107,social,2026-07-08 20:16:00,CVX,company,-0.742,Other,3.1,0.996,$CVX looks bad 😬 bearish
ST00108,T00108,social,2026-07-08 20:43:00,,market,-0.576,Macroeconomic,5.9,0.987,recession signals flashing red 🚨 #macro
SN00065,N00065,news,2026-07-08 20:44:00,AMZN,company,-0.87,Earnings,7.9,0.973,Amazon misses earnings expectations as margins shrink in what analysts call a major shock. Analysts flagged downside risks and trimmed their
ST00109,T00109,social,2026-07-09 06:15:00,,market,-0.65,Macroeconomic,6.2,0.987,RECESSION SIGNALS FLASHING RED 🚨 #MACRO
ST00110,T00110,social,2026-07-09 06:36:00,GS,company,-0.661,Regulatory/Legal,5.0,0.975,"$GS under investigation, this could get ugly #stocks"
ST00111,T00111,social,2026-07-09 06:37:00,GOOGL,company,0.556,Earnings,5.5,0.987,$GOOGL earnings beat!! EPS way above estimates 🚀
ST00112,T00112,social,2026-07-09 06:46:00,PFE,company,0.509,Merger/Acquisition,3.1,0.993,"bought more $PFE on the dip, feeling good 📈"
ST00113,T00113,social,2026-07-09 06:53:00,AMZN,company,-0.189,Other,2.0,0.994,$AMZN volume is low today #investing
ST00114,T00114,social,2026-07-09 07:08:00,WMT,company,-0.15,Other,3.1,0.996,$WMT breakout incoming?? 🔥 🤔
ST00115,T00115,social,2026-07-09 07:31:00,XOM,company,-0.071,Merger/Acquisition,5.0,0.979,$XOM acquisition could be a game changer 👀🔥 #markets 📊
SN00066,N00066,news,2026-07-09 07:50:00,JNJ,company,0.67,Merger/Acquisition,4.8,0.964,"Johnson & Johnson completes acquisition ahead of schedule, synergies seen. Investors responded positively, with analysts raising price targe"
ST00116,T00116,social,2026-07-09 07:55:00,KO,company,-0.002,Other,2.1,0.993,anyone have thoughts on $KO? #stocks
SN00067,N00067,news,2026-07-09 08:41:00,GS,company,-0.508,Regulatory/Legal,6.1,0.962,"Goldman Sachs hit with $3500m fine by regulators. Investors reacted cautiously, citing uncertainty over near-term outlook."
SN00068,N00068,news,2026-07-09 08:43:00,KO,company,-0.005,Earnings,2.3,0.947,Coca-Cola to report quarterly results next week. Analysts said it was too early to assess any lasting impact.
ST00117,T00117,social,2026-07-09 08:47:00,MSFT,company,0.437,Other,3.1,0.995,$MSFT looking strong today 🚀
ST00118,T00118,social,2026-07-09 08:56:00,PFE,company,0.172,Earnings,5.4,0.974,"$PFE smashing guidance, loading up 📈 #markets"
ST00119,T00119,social,2026-07-09 08:57:00,,market,-0.813,Geopolitical,5.6,0.98,"war escalating, markets gonna bleed 😰 #markets #markets"
SN00069,N00069,news,2026-07-09 09:06:00,GOOGL,company,0.89,Credit Event,7.1,0.961,"S&P-style agency upgrades Alphabet to BBB- on improving leverage, sparking a strong rally. Traders cited improving fundamentals and strong m"
SN00070,N00070,news,2026-07-09 09:08:00,MSFT,company,-0.855,Regulatory/Legal,7.9,0.966,"Microsoft faces new government investigation into its practices, triggering a sharp selloff. Analysts flagged downside risks and trimmed the"
ST00120,T00120,social,2026-07-09 09:09:00,JNJ,company,0.0,Other,2.0,0.997,WATCHING $JNJ TODAY
ST00121,T00121,social,2026-07-09 09:20:00,JNJ,company,-0.194,Other,1.9,0.995,$JNJ volume is low today
SN00071,N00071,news,2026-07-09 09:35:00,GS,company,0.827,Earnings,5.8,0.979,"Goldman Sachs raises full-year guidance after a strong quarter, lifting shares. Investors responded positively, with analysts raising price "
ST00122,T00122,social,2026-07-09 09:37:00,MSFT,company,-0.721,Other,3.0,0.995,UGH $MSFT AGAIN... DOWN BAD
SN00072,N00072,news,2026-07-09 10:20:00,NVDA,company,0.502,Regulatory/Legal,3.0,0.981,NVIDIA settles lawsuit on favourable terms. Traders cited improving fundamentals and strong momentum.
ST00123,T00123,social,2026-07-09 10:21:00,XOM,company,-0.189,Other,2.1,0.994,$XOM volume is low today #stocks
SN00073,N00073,news,2026-07-09 10:22:00,GS,company,0.874,Earnings,6.6,0.974,"Goldman Sachs posts record profit, with earnings per share ahead of consensus, lifting shares. Traders cited improving fundamentals and stro"
SN00074,N00074,news,2026-07-09 10:56:00,GOOGL,company,-0.005,Regulatory/Legal,2.2,0.967,Regulators open consultation on rules affecting the Communication sector. The development was largely expected by market participants.
ST00124,T00124,social,2026-07-09 11:01:00,NVDA,company,0.642,Other,2.8,0.988,"$NVDA crushing it, bullish #trading"
SN00075,N00075,news,2026-07-09 11:13:00,BAC,company,-0.555,Merger/Acquisition,4.8,0.941,"Bank of America walks away from $38bn takeover talks, sending shares lower. Investors reacted cautiously, citing uncertainty over near-term "
ST00125,T00125,social,2026-07-09 11:16:00,WMT,company,0.437,Other,3.0,0.994,$WMT looking strong today 🚀
SN00076,N00076,news,2026-07-09 11:19:00,PFE,company,0.003,Merger/Acquisition,2.1,0.951,Pfizer confirms it is in talks over a possible acquisition. Analysts said it was too early to assess any lasting impact.
ST00126,T00126,social,2026-07-09 11:21:00,META,company,-0.503,Other,3.0,0.99,$META getting hammered rn 📉 #trading
ST00127,T00127,social,2026-07-09 11:24:00,GS,company,0.075,Product Launch,5.2,0.991,$GS new launch looks 🔥 early demand is huge 👀
ST00128,T00128,social,2026-07-09 11:50:00,MSFT,company,-0.47,Merger/Acquisition,5.0,0.983,$MSFT overpaying for this acquisition imo
ST00129,T00129,social,2026-07-09 12:03:00,CVX,company,0.183,Other,1.8,0.99,"$CVX flat, nothing happening #trading 🔥"
ST00130,T00130,social,2026-07-09 12:21:00,MSFT,company,-0.614,Regulatory/Legal,5.5,0.983,"$MSFT FINED AGAIN, REGULATORS NOT MESSING AROUND"
ST00131,T00131,social,2026-07-09 12:34:00,JPM,company,-0.149,Other,3.1,0.995,$JPM breakout incoming?? 🔥
ST00132,T00132,social,2026-07-09 12:35:00,WMT,company,0.501,Merger/Acquisition,2.8,0.992,"bought more $WMT on the dip, feeling good 📈 #trading"
ST00133,T00133,social,2026-07-09 12:44:00,BAC,company,-0.338,Other,2.6,0.991,"sold my $BAC, not liking this #markets 👀"
ST00134,T00134,social,2026-07-09 12:53:00,AAPL,company,-0.195,Other,1.9,0.996,$AAPL volume is low today
ST00135,T00135,social,2026-07-09 12:54:00,JPM,company,-0.152,Other,3.1,0.995,RT @user_7886: $JPM breakout incoming?? 🔥
SN00077,N00077,news,2026-07-09 13:21:00,,market,-0.824,Macroeconomic,7.7,0.855,"Recession fears mount as unemployment rises. Investors reacted cautiously, citing uncertainty over near-term outlook."
SN00078,N00078,news,2026-07-09 13:34:00,GOOGL,company,-0.811,Regulatory/Legal,8.2,0.947,"Alphabet loses court ruling, appeal expected in what analysts call a major shock. Investors reacted cautiously, citing uncertainty over near"
ST00136,T00136,social,2026-07-09 13:39:00,GS,company,-0.195,Other,1.9,0.996,RT @user_3729: $GS volume is low today
ST00137,T00137,social,2026-07-09 13:42:00,AMZN,company,-0.72,Other,3.0,0.995,UGH $AMZN AGAIN... DOWN BAD
SN00079,N00079,news,2026-07-09 13:42:00,KO,company,0.783,Merger/Acquisition,5.2,0.954,"Coca-Cola completes acquisition ahead of schedule, synergies seen, lifting shares. Investors responded positively, with analysts raising pri"
ST00138,T00138,social,2026-07-09 13:53:00,AAPL,company,-0.63,Earnings,5.4,0.975,"$AAPL margins shrinking, earnings were weak #investing"
SN00080,N00080,news,2026-07-09 13:55:00,BAC,company,0.824,Product Launch,5.9,0.967,"Bank of America launches wealth platform to strong reviews in a landmark result. Investors responded positively, with analysts raising price"
SN00081,N00081,news,2026-07-09 13:57:00,JPM,company,-0.874,Earnings,8.7,0.956,"JPMorgan Chase cuts full-year outlook citing weak demand in what analysts call a major shock. Investors reacted cautiously, citing uncertain"
ST00139,T00139,social,2026-07-09 14:33:00,BAC,company,-0.781,Earnings,5.1,0.985,$BAC missed earnings and cut guide... brutal 📉
ST00140,T00140,social,2026-07-09 14:57:00,CVX,company,-0.712,Other,2.9,0.992,UGH $CVX AGAIN... DOWN BAD #INVESTING 👀
SN00082,N00082,news,2026-07-09 15:13:00,WMT,company,0.862,Earnings,7.6,0.972,Walmart raises full-year guidance after a strong quarter in a landmark result. Traders cited improving fundamentals and strong momentum.
SN00083,N00083,news,2026-07-09 15:18:00,NVDA,company,0.698,Merger/Acquisition,5.8,0.969,"NVIDIA to acquire a rival in a $17bn deal expected to boost margins. Investors responded positively, with analysts raising price targets."
ST00141,T00141,social,2026-07-09 15:25:00,AAPL,company,0.65,Other,3.0,0.987,"$AAPL crushing it, bullish #stocks"
ST00142,T00142,social,2026-07-09 15:26:00,GS,company,-0.637,Earnings,5.4,0.988,"$GS margins shrinking, earnings were weak 📊"
ST00143,T00143,social,2026-07-09 15:31:00,JPM,company,-0.303,Other,1.9,0.995,$JPM VOLUME IS LOW TODAY
ST00144,T00144,social,2026-07-09 15:38:00,GS,company,0.509,Merger/Acquisition,3.1,0.994,"bought more $GS on the dip, feeling good 📈"
ST00145,T00145,social,2026-07-09 15:56:00,KO,company,-0.346,Other,2.7,0.994,"sold my $KO, not liking this"
SN00084,N00084,news,2026-07-09 16:04:00,BAC,company,-0.836,Regulatory/Legal,7.1,0.97,"Bank of America loses court ruling, appeal expected, triggering a sharp selloff. Analysts flagged downside risks and trimmed their estimates"
ST00146,T00146,social,2026-07-09 16:12:00,NVDA,company,0.724,Other,3.0,0.993,"$NVDA CRUSHING IT, BULLISH"
ST00147,T00147,social,2026-07-09 16:18:00,JNJ,company,0.665,Other,2.9,0.994,"$JNJ crushing it, bullish"
ST00148,T00148,social,2026-07-09 16:31:00,AAPL,company,0.076,Product Launch,5.2,0.991,$AAPL new launch looks 🔥 early demand is huge
ST00149,T00149,social,2026-07-09 16:47:00,META,company,-0.189,Other,2.1,0.994,RT @user_7717: $META volume is low today #investing
ST00150,T00150,social,2026-07-09 17:45:00,AAPL,company,0.808,Regulatory/Legal,5.1,0.992,$AAPL wins approval 🎉 big relief
SN00085,N00085,news,2026-07-09 17:45:00,BAC,company,0.808,Regulatory/Legal,4.2,0.967,"Bank of America wins regulatory approval for its wealth platform. Investors responded positively, with analysts raising price targets."
SN00086,N00086,news,2026-07-09 17:47:00,CVX,company,-0.001,Product Launch,2.3,0.943,Chevron announces date for its next renewables unit event. Analysts said it was too early to assess any lasting impact.
ST00151,T00151,social,2026-07-09 17:48:00,GS,company,0.722,Other,2.9,0.994,"$GS CRUSHING IT, BULLISH 🤔"
SN00087,N00087,news,2026-07-09 18:13:00,JPM,company,-0.508,Regulatory/Legal,6.1,0.962,"JPMorgan Chase hit with $2000m fine by regulators. Investors reacted cautiously, citing uncertainty over near-term outlook."
ST00152,T00152,social,2026-07-09 18:57:00,AAPL,company,-0.002,Other,2.0,0.997,RT @user_7484: watching $AAPL today
ST00153,T00153,social,2026-07-09 18:58:00,JNJ,company,0.509,Merger/Acquisition,3.1,0.994,"bought more $JNJ on the dip, feeling good 📈 🤔"
ST00154,T00154,social,2026-07-09 19:26:00,GS,company,0.807,Regulatory/Legal,4.9,0.994,$GS wins approval 🎉 big relief
ST00155,T00155,social,2026-07-09 19:34:00,MSFT,company,-0.633,Earnings,5.0,0.989,"$MSFT margins shrinking, earnings were weak"
ST00156,T00156,social,2026-07-09 19:39:00,WMT,company,0.808,Regulatory/Legal,5.1,0.992,$WMT wins approval 🎉 big relief
SN00088,N00088,news,2026-07-09 19:43:00,PFE,company,0.008,Earnings,2.4,0.947,Pfizer earnings come in line with analyst expectations. Analysts said it was too early to assess any lasting impact.
ST00157,T00157,social,2026-07-09 20:16:00,JNJ,company,-0.159,Other,3.1,0.99,$JNJ BREAKOUT INCOMING?? 🔥 #STOCKS 🤔
ST00158,T00158,social,2026-07-09 20:47:00,PFE,company,-0.003,Other,1.9,0.996,"$PFE FLAT, NOTHING HAPPENING"
ST00159,T00159,social,2026-07-10 06:03:00,AAPL,company,0.003,Other,1.8,0.988,anyone have thoughts on $AAPL? #markets
SN00089,N00089,news,2026-07-10 06:04:00,XOM,company,-0.003,Earnings,2.3,0.938,Exxon Mobil to report quarterly results next week. Analysts said it was too early to assess any lasting impact.
ST00160,T00160,social,2026-07-10 06:06:00,META,company,-0.658,Regulatory/Legal,4.5,0.981,"$META under investigation, this could get ugly #markets"
ST00161,T00161,social,2026-07-10 06:13:00,JPM,company,-0.427,Other,2.8,0.995,"SOLD MY $JPM, NOT LIKING THIS"
ST00162,T00162,social,2026-07-10 06:14:00,,market,-0.551,Macroeconomic,6.0,0.97,recession signals flashing red 🚨 #macro #markets
ST00163,T00163,social,2026-07-10 06:33:00,JNJ,company,0.51,Merger/Acquisition,3.1,0.994,"bought more $JNJ on the dip, feeling good 📈"
ST00164,T00164,social,2026-07-10 06:37:00,PFE,company,-0.149,Other,3.1,0.995,$PFE BREAKOUT INCOMING?? 🔥
ST00165,T00165,social,2026-07-10 06:38:00,META,company,-0.004,Other,2.1,0.991,anyone have thoughts on $META? #investing
ST00166,T00166,social,2026-07-10 06:41:00,GOOGL,company,-0.194,Other,2.0,0.996,$GOOGL volume is low today
ST00167,T00167,social,2026-07-10 06:51:00,GOOGL,company,0.668,Other,3.0,0.994,"RT @user_5793: $GOOGL crushing it, bullish"
SN00090,N00090,news,2026-07-10 07:33:00,XOM,company,0.749,Regulatory/Legal,4.9,0.961,"Exxon Mobil settles lawsuit on favourable terms, sparking a strong rally. Investors responded positively, with analysts raising price target"
ST00168,T00168,social,2026-07-10 07:35:00,META,company,-0.742,Other,3.1,0.996,$META looks bad 😬 bearish
ST00169,T00169,social,2026-07-10 07:36:00,GS,company,0.51,Merger/Acquisition,3.1,0.994,"RT @user_9785: bought more $GS on the dip, feeling good 📈"
ST00170,T00170,social,2026-07-10 07:52:00,NVDA,company,-0.192,Other,1.9,0.996,$NVDA volume is low today
ST00171,T00171,social,2026-07-10 08:51:00,CVX,company,-0.571,Merger/Acquisition,5.1,0.984,"$CVX merger facing antitrust heat, deal at risk"
ST00172,T00172,social,2026-07-10 09:06:00,,market,-0.856,Geopolitical,5.9,0.986,"WAR ESCALATING, MARKETS GONNA BLEED 😰 #MARKETS"
ST00173,T00173,social,2026-07-10 09:12:00,KO,company,-0.777,Earnings,5.2,0.972,RT @user_6898: $KO missed earnings and cut guide... brutal 📉 #stocks
SN00091,N00091,news,2026-07-10 09:19:00,WMT,company,0.877,Merger/Acquisition,7.3,0.948,"Walmart to acquire a rival in a $6bn deal expected to boost margins, sparking a strong rally. Traders cited improving fundamentals and stron"
ST00174,T00174,social,2026-07-10 09:30:00,MSFT,company,-0.707,Other,2.9,0.991,UGH $MSFT AGAIN... DOWN BAD #TRADING
ST00175,T00175,social,2026-07-10 10:23:00,JPM,company,0.412,Other,2.9,0.993,$JPM looking strong today 🚀 #investing
SN00092,N00092,news,2026-07-10 10:47:00,,market,0.671,Macroeconomic,5.3,0.948,"Central bank holds rates and signals easing ahead. Investors responded positively, with analysts raising price targets."
ST00176,T00176,social,2026-07-10 11:11:00,KO,company,-0.348,Other,2.8,0.995,"RT @user_8946: sold my $KO, not liking this"
SN00093,N00093,news,2026-07-10 11:16:00,MSFT,company,-0.517,Regulatory/Legal,6.3,0.967,"Microsoft hit with $600m fine by regulators. Investors reacted cautiously, citing uncertainty over near-term outlook."
SN00094,N00094,news,2026-07-10 11:33:00,AMZN,company,-0.848,Merger/Acquisition,8.9,0.94,Amazon faces antitrust challenge over proposed $24bn merger in what analysts call a major shock. Analysts flagged downside risks and trimmed
ST00177,T00177,social,2026-07-10 11:42:00,AMZN,company,-0.544,Credit Event,4.9,0.985,"RT @user_7833: $AMZN downgraded, spreads widening ⚠️ #credit"
ST00178,T00178,social,2026-07-10 11:53:00,BAC,company,0.416,Other,2.6,0.992,RT @user_3093: $BAC looking strong today 🚀 #trading
ST00179,T00179,social,2026-07-10 12:37:00,BAC,company,-0.743,Other,3.1,0.996,$BAC looks bad 😬 bearish
ST00180,T00180,social,2026-07-10 12:45:00,AAPL,company,-0.002,Other,2.2,0.993,anyone have thoughts on $AAPL? #stocks
ST00181,T00181,social,2026-07-10 13:14:00,WMT,company,0.725,Other,3.1,0.994,"$WMT CRUSHING IT, BULLISH"
ST00182,T00182,social,2026-07-10 13:19:00,JPM,company,-0.518,Other,2.9,0.995,$JPM getting hammered rn 📉
SN00095,N00095,news,2026-07-10 13:49:00,CVX,company,-0.75,Earnings,5.9,0.976,"Chevron misses earnings expectations as margins shrink, sending shares lower. Investors reacted cautiously, citing uncertainty over near-ter"
SN00096,N00096,news,2026-07-10 13:53:00,XOM,company,0.642,Product Launch,4.3,0.965,"Exxon Mobil unveils new renewables unit, early orders exceed expectations. Traders cited improving fundamentals and strong momentum."
SN00097,N00097,news,2026-07-10 14:07:00,AAPL,company,-0.51,Regulatory/Legal,6.2,0.97,"Apple hit with $3600m fine by regulators. Investors reacted cautiously, citing uncertainty over near-term outlook."
ST00183,T00183,social,2026-07-10 14:08:00,XOM,company,-0.001,Other,1.9,0.996,ANYONE HAVE THOUGHTS ON $XOM?
ST00184,T00184,social,2026-07-10 14:10:00,AMZN,company,-0.001,Other,1.9,0.996,ANYONE HAVE THOUGHTS ON $AMZN?
ST00185,T00185,social,2026-07-10 14:11:00,BAC,company,0.075,Product Launch,5.2,0.991,$BAC new launch looks 🔥 early demand is huge 📊
ST00186,T00186,social,2026-07-10 14:21:00,PFE,company,-0.001,Other,1.9,0.996,anyone have thoughts on $PFE?
ST00187,T00187,social,2026-07-10 14:38:00,JPM,company,-0.0,Other,2.0,0.997,watching $JPM today
SN00098,N00098,news,2026-07-10 14:59:00,MSFT,company,-0.855,Credit Event,8.6,0.928,"Microsoft warns of covenant breach as cash flow tightens, sending shares lower. Analysts flagged downside risks and trimmed their estimates."
SN00099,N00099,news,2026-07-10 15:04:00,KO,company,-0.748,Credit Event,6.8,0.94,"Coca-Cola bond spreads widen on liquidity concerns, sending shares lower. Investors reacted cautiously, citing uncertainty over near-term ou"
ST00188,T00188,social,2026-07-10 15:21:00,PFE,company,0.653,Other,3.2,0.985,"$PFE crushing it, bullish #markets"
ST00189,T00189,social,2026-07-10 15:55:00,GS,company,-0.73,Earnings,5.1,0.989,"$GS MARGINS SHRINKING, EARNINGS WERE WEAK"
SN00100,N00100,news,2026-07-10 15:55:00,,market,0.854,Macroeconomic,6.6,0.905,"Central bank holds rates and signals easing ahead, sparking a strong rally. Traders cited improving fundamentals and strong momentum."
ST00190,T00190,social,2026-07-10 15:59:00,BAC,company,0.807,Regulatory/Legal,4.9,0.991,$BAC wins approval 🎉 big relief
SN00101,N00101,news,2026-07-10 16:45:00,XOM,company,0.712,Credit Event,7.0,0.956,Exxon Mobil refinances debt at lower rates and extends maturities in a landmark result. Traders cited improving fundamentals and strong mome
SN00102,N00102,news,2026-07-10 16:56:00,PFE,company,0.879,Regulatory/Legal,5.8,0.954,"Pfizer wins regulatory approval for its oncology drug, sparking a strong rally. Investors responded positively, with analysts raising price "
SN00103,N00103,news,2026-07-10 16:58:00,META,company,-0.818,Merger/Acquisition,5.9,0.956,"Meta Platforms overpays for acquisition, analysts warn of dilution, sending shares lower. Analysts flagged downside risks and trimmed their "
ST00191,T00191,social,2026-07-10 17:06:00,BAC,company,-0.055,Merger/Acquisition,5.1,0.991,$BAC acquisition could be a game changer 👀🔥 🤔
SN00104,N00104,news,2026-07-10 17:10:00,MSFT,company,-0.002,Product Launch,2.4,0.95,Microsoft announces date for its next developer toolkit event. Analysts said it was too early to assess any lasting impact.
SN00105,N00105,news,2026-07-10 17:16:00,GOOGL,company,0.775,Product Launch,6.1,0.966,"Alphabet launches ad platform to strong reviews in a landmark result. Investors responded positively, with analysts raising price targets."
SN00106,N00106,news,2026-07-10 17:18:00,NVDA,company,-0.867,Product Launch,9.0,0.955,NVIDIA recalls software suite over safety defect in what analysts call a major shock. Analysts flagged downside risks and trimmed their esti
ST00192,T00192,social,2026-07-10 17:46:00,KO,company,-0.004,Other,2.4,0.992,"$KO flat, nothing happening #investing"
SN00107,N00107,news,2026-07-10 17:55:00,WMT,company,0.659,Merger/Acquisition,4.8,0.967,"Walmart completes acquisition ahead of schedule, synergies seen. Investors responded positively, with analysts raising price targets."
ST00193,T00193,social,2026-07-10 18:10:00,BAC,company,-0.0,Other,2.0,0.997,watching $BAC today
SN00108,N00108,news,2026-07-10 18:19:00,KO,company,-0.815,Credit Event,8.1,0.952,"Coca-Cola warns of covenant breach as cash flow tightens. Investors reacted cautiously, citing uncertainty over near-term outlook."
ST00194,T00194,social,2026-07-10 18:48:00,JNJ,company,-0.15,Other,3.1,0.996,$JNJ breakout incoming?? 🔥
ST00195,T00195,social,2026-07-10 19:16:00,BAC,company,0.523,Other,3.0,0.995,$BAC LOOKING STRONG TODAY 🚀 👀
ST00196,T00196,social,2026-07-10 19:24:00,WMT,company,0.509,Merger/Acquisition,3.1,0.994,"bought more $WMT on the dip, feeling good 📈"
SN00109,N00109,news,2026-07-10 19:25:00,GOOGL,company,0.785,Merger/Acquisition,5.3,0.956,"Alphabet completes acquisition ahead of schedule, synergies seen, lifting shares. Investors responded positively, with analysts raising pric"
ST00197,T00197,social,2026-07-10 19:31:00,NVDA,company,0.509,Merger/Acquisition,3.1,0.994,"bought more $NVDA on the dip, feeling good 📈"
SN00110,N00110,news,2026-07-10 19:37:00,CVX,company,-0.69,Merger/Acquisition,6.2,0.959,Chevron faces antitrust challenge over proposed $23bn merger. Analysts flagged downside risks and trimmed their estimates.
ST00198,T00198,social,2026-07-10 19:48:00,GS,company,-0.001,Other,2.0,0.996,"$GS flat, nothing happening"
SN00111,N00111,news,2026-07-10 19:50:00,CVX,company,-0.768,Earnings,5.1,0.981,Chevron misses earnings expectations as margins shrink. Analysts flagged downside risks and trimmed their estimates.
ST00199,T00199,social,2026-07-10 20:28:00,JPM,company,-0.627,Merger/Acquisition,5.1,0.984,$JPM overpaying for this acquisition imo 🔥
ST00200,T00200,social,2026-07-10 20:42:00,GOOGL,company,-0.162,Other,3.3,0.985,$GOOGL breakout incoming?? 🔥 #investing
SN00112,N00112,news,2026-07-10 20:46:00,GS,company,0.668,Credit Event,5.2,0.944,"Goldman Sachs refinances debt at lower rates and extends maturities, lifting shares. Investors responded positively, with analysts raising p"
ST00201,T00201,social,2026-07-13 06:12:00,PFE,company,0.808,Regulatory/Legal,5.1,0.992,$PFE wins approval 🎉 big relief
ST00202,T00202,social,2026-07-13 06:20:00,KO,company,-0.001,Other,1.9,0.996,anyone have thoughts on $KO?
SN00113,N00113,news,2026-07-13 06:28:00,AMZN,company,-0.734,Regulatory/Legal,6.3,0.973,Amazon faces new government investigation into its practices. Analysts flagged downside risks and trimmed their estimates.
ST00203,T00203,social,2026-07-13 06:37:00,GS,company,-0.659,Other,3.0,0.995,ugh $GS again... down bad
ST00204,T00204,social,2026-07-13 06:46:00,KO,company,-0.243,Other,2.0,0.988,anyone have thoughts on $KO? #markets 🔥
ST00205,T00205,social,2026-07-13 07:08:00,NVDA,company,-0.001,Other,1.9,0.996,anyone have thoughts on $NVDA? 👀
ST00206,T00206,social,2026-07-13 07:28:00,JNJ,company,-0.78,Earnings,5.2,0.987,$JNJ missed earnings and cut guide... brutal 📉
ST00207,T00207,social,2026-07-13 07:52:00,XOM,company,-0.587,Other,2.9,0.995,$XOM GETTING HAMMERED RN 📉
SN00114,N00114,news,2026-07-13 08:01:00,GS,company,-0.803,Merger/Acquisition,7.1,0.954,Goldman Sachs walks away from $28bn takeover talks in what analysts call a major shock. Analysts flagged downside risks and trimmed their es
ST00208,T00208,social,2026-07-13 08:04:00,JPM,company,-0.509,Other,2.7,0.99,$JPM getting hammered rn 📉 #investing
ST00209,T00209,social,2026-07-13 08:26:00,GOOGL,company,-0.15,Other,3.1,0.996,$GOOGL breakout incoming?? 🔥
ST00210,T00210,social,2026-07-13 08:30:00,PFE,company,-0.003,Other,1.9,0.996,"$PFE flat, nothing happening"
ST00211,T00211,social,2026-07-13 09:02:00,JPM,company,-0.346,Other,2.7,0.994,"sold my $JPM, not liking this"
ST00212,T00212,social,2026-07-13 09:30:00,GOOGL,company,-0.001,Other,2.1,0.988,"$GOOGL flat, nothing happening #markets 💬"
SN00115,N00115,news,2026-07-13 09:56:00,KO,company,0.864,Earnings,6.8,0.97,"Coca-Cola posts record profit, with earnings per share ahead of consensus, lifting shares. Investors responded positively, with analysts rai"
ST00213,T00213,social,2026-07-13 09:57:00,JPM,company,-0.659,Other,3.0,0.995,ugh $JPM again... down bad 🤔
ST00214,T00214,social,2026-07-13 10:24:00,JPM,company,0.001,Other,1.9,0.996,anyone have thoughts on $JPM?
SN00116,N00116,news,2026-07-13 10:32:00,PFE,company,0.888,Credit Event,7.0,0.962,"S&P-style agency upgrades Pfizer to BBB on improving leverage, sparking a strong rally. Traders cited improving fundamentals and strong mome"
ST00215,T00215,social,2026-07-13 10:41:00,JPM,company,-0.603,Product Launch,5.3,0.981,"$JPM delaying the launch again, not good"
ST00216,T00216,social,2026-07-13 11:09:00,GS,company,-0.33,Other,2.7,0.991,"sold my $GS, not liking this #investing"
ST00217,T00217,social,2026-07-13 11:16:00,,market,-0.574,Macroeconomic,6.5,0.978,recession signals flashing red 🚨 #macro #investing
SN00117,N00117,news,2026-07-13 11:43:00,WMT,company,-0.721,Product Launch,5.7,0.967,Walmart recalls private-label line over safety defect. Analysts flagged downside risks and trimmed their estimates.
ST00218,T00218,social,2026-07-13 12:02:00,BAC,company,-0.188,Other,1.9,0.995,$BAC volume is low today #investing
ST00219,T00219,social,2026-07-13 12:05:00,NVDA,company,0.668,Other,3.0,0.994,"$NVDA crushing it, bullish"
SN00118,N00118,news,2026-07-13 12:11:00,GOOGL,company,0.826,Merger/Acquisition,7.4,0.961,"Alphabet completes acquisition ahead of schedule, synergies seen in a landmark result. Traders cited improving fundamentals and strong momen"
ST00220,T00220,social,2026-07-13 12:12:00,JPM,company,-0.16,Other,3.3,0.989,$JPM breakout incoming?? 🔥 #stocks 👀
ST00221,T00221,social,2026-07-13 12:19:00,AAPL,company,-0.15,Other,3.1,0.996,$AAPL breakout incoming?? 🔥
ST00222,T00222,social,2026-07-13 12:24:00,NVDA,company,0.437,Other,3.1,0.995,$NVDA looking strong today 🚀
ST00223,T00223,social,2026-07-13 12:25:00,,market,-0.839,Geopolitical,6.2,0.987,"war escalating, markets gonna bleed 😰 #markets"
ST00224,T00224,social,2026-07-13 12:28:00,MSFT,company,0.055,Product Launch,5.1,0.984,$MSFT NEW LAUNCH LOOKS 🔥 EARLY DEMAND IS HUGE #TRADING
SN00119,N00119,news,2026-07-13 13:00:00,JNJ,company,-0.728,Regulatory/Legal,6.1,0.962,Johnson & Johnson faces new government investigation into its practices. Analysts flagged downside risks and trimmed their estimates.
SN00120,N00120,news,2026-07-13 13:02:00,,market,-0.792,Geopolitical,8.9,0.913,"New sanctions disrupt energy supply chains linked to Eastern Europe, triggering a sharp selloff. Investors reacted cautiously, citing uncert"
ST00225,T00225,social,2026-07-13 13:20:00,WMT,company,-0.532,Regulatory/Legal,5.4,0.985,"$WMT fined again, regulators not messing around"
ST00226,T00226,social,2026-07-13 13:54:00,,market,0.138,Macroeconomic,6.2,0.981,"inflation print hot, fed won't cut 😬 #Fed #trading"
SN00121,N00121,news,2026-07-13 13:58:00,WMT,company,-0.856,Product Launch,8.6,0.959,Walmart recalls delivery service over safety defect in what analysts call a major shock. Analysts flagged downside risks and trimmed their e
SN00122,N00122,news,2026-07-13 14:11:00,AMZN,company,-0.806,Regulatory/Legal,7.8,0.953,"Amazon loses court ruling, appeal expected in what analysts call a major shock. Investors reacted cautiously, citing uncertainty over near-t"
ST00227,T00227,social,2026-07-13 14:25:00,CVX,company,-0.001,Other,1.9,0.996,anyone have thoughts on $CVX? 📊
ST00228,T00228,social,2026-07-13 14:28:00,,market,0.596,Geopolitical,6.0,0.98,ceasefire!! risk on 🟢 #markets
SN00123,N00123,news,2026-07-13 14:36:00,NVDA,company,-0.002,Product Launch,2.0,0.947,NVIDIA announces date for its next AI chip event. The development was largely expected by market participants.
ST00229,T00229,social,2026-07-13 14:49:00,BAC,company,0.509,Merger/Acquisition,3.1,0.994,"bought more $BAC on the dip, feeling good 📈 💬"
ST00230,T00230,social,2026-07-13 14:57:00,PFE,company,0.175,Earnings,5.3,0.97,"$PFE smashing guidance, loading up 📈 #markets"
ST00231,T00231,social,2026-07-13 15:20:00,MSFT,company,-0.375,Other,1.9,0.995,$MSFT volume is low today #trading 🔥
ST00232,T00232,social,2026-07-13 15:40:00,GOOGL,company,0.692,Credit Event,5.1,0.99,"$GOOGL credit upgrade, balance sheet looking healthier ✅"
ST00233,T00233,social,2026-07-13 15:46:00,JNJ,company,0.665,Other,2.9,0.994,"$JNJ crushing it, bullish"
ST00234,T00234,social,2026-07-13 15:50:00,,market,0.6,Geopolitical,6.1,0.979,ceasefire!! risk on 🟢 #markets 🤔
ST00235,T00235,social,2026-07-13 16:28:00,NVDA,company,0.316,Other,2.7,0.993,$NVDA LOOKING STRONG TODAY 🚀 #TRADING 🔥
ST00236,T00236,social,2026-07-13 16:30:00,XOM,company,0.546,Earnings,5.3,0.986,$XOM earnings beat!! EPS way above estimates 🚀
ST00237,T00237,social,2026-07-13 16:56:00,NVDA,company,0.781,Regulatory/Legal,5.1,0.975,$NVDA wins approval 🎉 big relief #trading
SN00124,N00124,news,2026-07-13 17:06:00,MSFT,company,0.752,Earnings,5.3,0.983,Microsoft beats quarterly earnings estimates as revenue climbs 11.1%. Traders cited improving fundamentals and strong momentum.
ST00238,T00238,social,2026-07-13 17:10:00,JNJ,company,0.437,Other,3.1,0.995,$JNJ looking strong today 🚀 🤔
ST00239,T00239,social,2026-07-13 17:11:00,PFE,company,0.178,Other,1.9,0.996,"$PFE flat, nothing happening 🔥"
ST00240,T00240,social,2026-07-13 17:38:00,WMT,company,-0.518,Other,2.9,0.995,$WMT getting hammered rn 📉
ST00241,T00241,social,2026-07-13 17:40:00,AAPL,company,0.01,Other,2.5,0.991,watching $AAPL today #markets
ST00242,T00242,social,2026-07-13 17:49:00,AMZN,company,-0.001,Other,1.9,0.996,ANYONE HAVE THOUGHTS ON $AMZN?
SN00125,N00125,news,2026-07-13 17:50:00,GOOGL,company,0.753,Earnings,5.0,0.983,"Alphabet raises full-year guidance after a strong quarter. Investors responded positively, with analysts raising price targets."
ST00243,T00243,social,2026-07-13 17:55:00,PFE,company,0.774,Regulatory/Legal,4.2,0.981,$PFE wins approval 🎉 big relief #stocks
ST00244,T00244,social,2026-07-13 18:00:00,,market,-0.778,Geopolitical,6.4,0.974,sanctions + tariffs = chaos for stocks 📉 #geopolitics #trading
SN00126,N00126,news,2026-07-13 18:15:00,CVX,company,-0.003,Product Launch,2.0,0.957,Chevron announces date for its next renewables unit event. Analysts said it was too early to assess any lasting impact.
ST00245,T00245,social,2026-07-13 18:16:00,,market,0.49,Macroeconomic,6.0,0.979,"jobs data strong, soft landing vibes ✅ #macro 🤔"
ST00246,T00246,social,2026-07-13 18:33:00,GS,company,-0.637,Earnings,5.2,0.99,"RT @user_1462: $GS margins shrinking, earnings were weak"
SN00127,N00127,news,2026-07-13 19:12:00,AAPL,company,0.875,Merger/Acquisition,7.3,0.955,"Apple to acquire a rival in a $34bn deal expected to boost margins, sparking a strong rally. Traders cited improving fundamentals and strong"
ST00247,T00247,social,2026-07-13 19:12:00,GS,company,-0.0,Other,1.9,0.997,watching $GS today
SN00128,N00128,news,2026-07-13 19:55:00,JPM,company,0.857,Regulatory/Legal,7.1,0.951,JPMorgan Chase wins regulatory approval for its digital banking app in a landmark result. Traders cited improving fundamentals and strong mo
ST00248,T00248,social,2026-07-13 20:00:00,JPM,company,0.574,Other,3.0,0.993,"$JPM crushing it, bullish 🔥"
ST00249,T00249,social,2026-07-13 20:38:00,,market,0.664,Geopolitical,5.9,0.97,"trade deal signed, finally good news 🎉 #stocks 🤔"
SN00129,N00129,news,2026-07-13 20:39:00,GS,company,-0.004,Product Launch,2.3,0.95,Goldman Sachs announces date for its next digital banking app event. The development was largely expected by market participants.
ST00250,T00250,social,2026-07-14 06:24:00,PFE,company,-0.57,Merger/Acquisition,5.2,0.985,"RT @user_7982: $PFE merger facing antitrust heat, deal at risk"
ST00251,T00251,social,2026-07-14 07:04:00,PFE,company,-0.532,Regulatory/Legal,5.4,0.985,"$PFE fined again, regulators not messing around"
ST00252,T00252,social,2026-07-14 07:30:00,GOOGL,company,-0.658,Other,2.9,0.995,ugh $GOOGL again... down bad
ST00253,T00253,social,2026-07-14 07:42:00,BAC,company,0.692,Credit Event,5.0,0.989,"RT @user_3049: $BAC credit upgrade, balance sheet looking healthier ✅"
ST00254,T00254,social,2026-07-14 07:44:00,AMZN,company,-0.66,Other,3.0,0.995,ugh $AMZN again... down bad
SN00130,N00130,news,2026-07-14 07:59:00,WMT,company,-0.806,Regulatory/Legal,7.8,0.953,"Walmart loses court ruling, appeal expected in what analysts call a major shock. Investors reacted cautiously, citing uncertainty over near-"
SN00131,N00131,news,2026-07-14 08:09:00,JPM,company,-0.867,Earnings,7.8,0.968,JPMorgan Chase misses earnings expectations as margins shrink in what analysts call a major shock. Analysts flagged downside risks and trimm
SN00132,N00132,news,2026-07-14 08:29:00,AMZN,company,-0.765,Product Launch,6.7,0.972,"Amazon delays delivery service launch after quality issues in what analysts call a major shock. Investors reacted cautiously, citing uncerta"
ST00255,T00255,social,2026-07-14 09:13:00,,market,-0.783,Geopolitical,6.6,0.973,sanctions + tariffs = chaos for stocks 📉 #geopolitics 📊
ST00256,T00256,social,2026-07-14 09:27:00,BAC,company,-0.002,Other,1.9,0.996,watching $BAC today
SN00133,N00133,news,2026-07-14 09:30:00,JPM,company,-0.804,Merger/Acquisition,7.8,0.939,"JPMorgan Chase faces antitrust challenge over proposed $18bn merger, triggering a sharp selloff. Investors reacted cautiously, citing uncert"
ST00257,T00257,social,2026-07-14 09:42:00,XOM,company,-0.001,Other,2.0,0.996,"$XOM flat, nothing happening"
ST00258,T00258,social,2026-07-14 09:53:00,MSFT,company,-0.348,Other,2.8,0.995,"sold my $MSFT, not liking this"
ST00259,T00259,social,2026-07-14 09:54:00,CVX,company,-0.0,Other,2.0,0.997,watching $CVX today
SN00134,N00134,news,2026-07-14 10:13:00,BAC,company,0.805,Product Launch,5.1,0.973,"Bank of America unveils new wealth platform, early orders exceed expectations, lifting shares. Investors responded positively, with analysts"
SN00135,N00135,news,2026-07-14 10:50:00,WMT,company,-0.827,Product Launch,8.8,0.95,"Walmart recalls beverage line over safety defect in what analysts call a major shock. Investors reacted cautiously, citing uncertainty over "
ST00260,T00260,social,2026-07-14 11:36:00,PFE,company,0.672,Credit Event,4.9,0.977,"$PFE credit upgrade, balance sheet looking healthier ✅ #trading"
SN00136,N00136,news,2026-07-14 12:33:00,GS,company,0.853,Earnings,7.8,0.975,Goldman Sachs beats quarterly earnings estimates as revenue climbs 8.0% in a landmark result. Traders cited improving fundamentals and stron
ST00261,T00261,social,2026-07-14 12:39:00,GS,company,-0.742,Other,3.1,0.996,RT @user_2950: $GS looks bad 😬 bearish 👀
ST00262,T00262,social,2026-07-14 12:46:00,MSFT,company,-0.659,Other,3.0,0.995,ugh $MSFT again... down bad
ST00263,T00263,social,2026-07-14 13:03:00,PFE,company,-0.659,Other,3.0,0.995,ugh $PFE again... down bad 👀
ST00264,T00264,social,2026-07-14 13:43:00,NVDA,company,0.668,Other,3.0,0.993,"RT @user_9484: $NVDA crushing it, bullish"
ST00265,T00265,social,2026-07-14 14:41:00,XOM,company,0.692,Credit Event,5.0,0.989,"$XOM credit upgrade, balance sheet looking healthier ✅"
ST00266,T00266,social,2026-07-14 15:10:00,META,company,-0.569,Credit Event,5.1,0.984,"$META debt worries growing, bonds selling off"
ST00267,T00267,social,2026-07-14 16:02:00,JNJ,company,0.416,Other,2.6,0.992,RT @user_1426: $JNJ looking strong today 🚀 #trading
ST00268,T00268,social,2026-07-14 16:12:00,XOM,company,0.075,Product Launch,5.2,0.991,$XOM new launch looks 🔥 early demand is huge 💬
SN00137,N00137,news,2026-07-14 16:17:00,XOM,company,-0.782,Earnings,8.1,0.97,Exxon Mobil reports revenue decline of 6.7% year over year in what analysts call a major shock. Analysts flagged downside risks and trimmed 
SN00138,N00138,news,2026-07-14 16:42:00,WMT,company,-0.691,Product Launch,4.8,0.961,"Walmart delays private-label line launch after quality issues, sending shares lower. Analysts flagged downside risks and trimmed their estim"
SN00139,N00139,news,2026-07-14 16:45:00,META,company,0.203,Credit Event,1.9,0.911,S&P-style agency affirms Meta Platforms at BBB- with a stable outlook. The development was largely expected by market participants.
ST00269,T00269,social,2026-07-14 17:04:00,MSFT,company,0.18,Earnings,5.3,0.982,"$MSFT smashing guidance, loading up 📈"
ST00270,T00270,social,2026-07-14 17:15:00,META,company,-0.003,Other,1.9,0.996,"$META flat, nothing happening"
SN00140,N00140,news,2026-07-14 17:44:00,JPM,company,0.816,Product Launch,5.9,0.972,"JPMorgan Chase launches wealth platform to strong reviews in a landmark result. Investors responded positively, with analysts raising price "
ST00271,T00271,social,2026-07-14 17:46:00,JNJ,company,0.509,Merger/Acquisition,3.1,0.993,"bought more $JNJ on the dip, feeling good 📈"
ST00272,T00272,social,2026-07-14 17:50:00,WMT,company,0.076,Product Launch,5.2,0.991,$WMT new launch looks 🔥 early demand is huge
ST00273,T00273,social,2026-07-14 18:00:00,WMT,company,0.001,Other,1.9,0.996,anyone have thoughts on $WMT?
SN00141,N00141,news,2026-07-14 18:21:00,JNJ,company,-0.846,Merger/Acquisition,7.9,0.955,"Johnson & Johnson faces antitrust challenge over proposed $5bn merger, triggering a sharp selloff. Analysts flagged downside risks and trimm"
SN00142,N00142,news,2026-07-14 18:46:00,MSFT,company,0.837,Earnings,5.5,0.977,"Microsoft raises full-year guidance after a strong quarter, lifting shares. Traders cited improving fundamentals and strong momentum."
ST00274,T00274,social,2026-07-14 18:57:00,KO,company,-0.646,Other,2.9,0.991,ugh $KO again... down bad #trading
ST00275,T00275,social,2026-07-14 18:59:00,MSFT,company,-0.659,Other,3.0,0.995,ugh $MSFT again... down bad
ST00276,T00276,social,2026-07-14 19:03:00,GS,company,0.006,Other,2.0,0.993,WATCHING $GS TODAY #INVESTING
SN00143,N00143,news,2026-07-14 19:07:00,AAPL,company,-0.794,Merger/Acquisition,7.0,0.944,Apple walks away from $22bn takeover talks in what analysts call a major shock. Analysts flagged downside risks and trimmed their estimates.
SN00144,N00144,news,2026-07-14 19:30:00,,market,-0.871,Macroeconomic,8.6,0.847,"Inflation surprises to the upside at 3.0%, rate hike fears grow, triggering a sharp selloff. Analysts flagged downside risks and trimmed the"
SN00145,N00145,news,2026-07-14 20:04:00,WMT,company,-0.533,Regulatory/Legal,7.0,0.94,"Walmart hit with $2300m fine by regulators, sending shares lower. Investors reacted cautiously, citing uncertainty over near-term outlook."
ST00277,T00277,social,2026-07-14 20:32:00,CVX,company,0.699,Credit Event,5.2,0.99,"$CVX credit upgrade, balance sheet looking healthier ✅"
ST00278,T00278,social,2026-07-15 06:18:00,META,company,-0.772,Other,3.1,0.996,$META LOOKS BAD 😬 BEARISH
SN00146,N00146,news,2026-07-15 06:28:00,NVDA,company,0.759,Earnings,5.3,0.98,NVIDIA beats quarterly earnings estimates as revenue climbs 12.5%. Traders cited improving fundamentals and strong momentum.
ST00279,T00279,social,2026-07-15 06:33:00,JNJ,company,-0.348,Other,2.8,0.995,"sold my $JNJ, not liking this"
ST00280,T00280,social,2026-07-15 06:34:00,META,company,-0.658,Other,2.9,0.995,ugh $META again... down bad
ST00281,T00281,social,2026-07-15 06:57:00,KO,company,0.488,Merger/Acquisition,2.9,0.99,"RT @user_2525: bought more $KO on the dip, feeling good 📈 #markets"
ST00282,T00282,social,2026-07-15 07:09:00,BAC,company,0.807,Regulatory/Legal,4.9,0.991,$BAC wins approval 🎉 big relief
ST00283,T00283,social,2026-07-15 07:12:00,META,company,-0.696,Merger/Acquisition,5.5,0.983,"$META MERGER FACING ANTITRUST HEAT, DEAL AT RISK"
SN00147,N00147,news,2026-07-15 07:16:00,NVDA,company,-0.749,Product Launch,7.1,0.954,"NVIDIA recalls software suite over safety defect, sending shares lower. Analysts flagged downside risks and trimmed their estimates."
ST00284,T00284,social,2026-07-15 07:27:00,AMZN,company,-0.054,Merger/Acquisition,5.1,0.99,$AMZN ACQUISITION COULD BE A GAME CHANGER 👀🔥
SN00148,N00148,news,2026-07-15 07:27:00,MSFT,company,-0.771,Product Launch,6.2,0.965,"Microsoft delays developer toolkit launch after quality issues, triggering a sharp selloff. Investors reacted cautiously, citing uncertainty"
SN00149,N00149,news,2026-07-15 07:52:00,WMT,company,0.859,Regulatory/Legal,6.8,0.953,"Walmart wins regulatory approval for its delivery service in a landmark result. Investors responded positively, with analysts raising price "
ST00285,T00285,social,2026-07-15 07:58:00,BAC,company,0.668,Other,3.0,0.993,"$BAC crushing it, bullish"
ST00286,T00286,social,2026-07-15 08:02:00,JNJ,company,-0.147,Other,3.2,0.996,$JNJ breakout incoming?? 🔥
SN00150,N00150,news,2026-07-15 08:25:00,GS,company,0.85,Regulatory/Legal,6.8,0.954,"Goldman Sachs wins regulatory approval for its trading platform in a landmark result. Investors responded positively, with analysts raising "
SN00151,N00151,news,2026-07-15 08:28:00,AAPL,company,-0.779,Earnings,7.0,0.971,"Apple reports revenue decline of 9.8% year over year, triggering a sharp selloff. Analysts flagged downside risks and trimmed their estimate"
SN00152,N00152,news,2026-07-15 08:34:00,CVX,company,0.749,Regulatory/Legal,4.9,0.961,"Chevron settles lawsuit on favourable terms, sparking a strong rally. Investors responded positively, with analysts raising price targets."
ST00287,T00287,social,2026-07-15 08:36:00,BAC,company,0.546,Earnings,5.3,0.986,$BAC earnings beat!! EPS way above estimates 🚀
SN00153,N00153,news,2026-07-15 09:42:00,CVX,company,0.773,Product Launch,6.7,0.956,"Chevron unveils new renewables unit, early orders exceed expectations in a landmark result. Traders cited improving fundamentals and strong "
ST00288,T00288,social,2026-07-15 09:42:00,KO,company,-0.574,Credit Event,5.4,0.983,"$KO debt worries growing, bonds selling off"
SN00154,N00154,news,2026-07-15 09:49:00,GOOGL,company,0.788,Product Launch,7.4,0.972,"Alphabet unveils new ad platform, early orders exceed expectations in a landmark result. Traders cited improving fundamentals and strong mom"
SN00155,N00155,news,2026-07-15 10:14:00,CVX,company,0.765,Product Launch,6.4,0.954,"Chevron unveils new offshore field, early orders exceed expectations in a landmark result. Traders cited improving fundamentals and strong m"
SN00156,N00156,news,2026-07-15 10:31:00,GOOGL,company,-0.794,Merger/Acquisition,5.0,0.972,"Alphabet overpays for acquisition, analysts warn of dilution. Analysts flagged downside risks and trimmed their estimates."
ST00289,T00289,social,2026-07-15 10:42:00,,market,0.446,Macroeconomic,6.1,0.96,"jobs data strong, soft landing vibes ✅ #macro #investing"
ST00290,T00290,social,2026-07-15 11:23:00,CVX,company,-0.537,Regulatory/Legal,5.5,0.983,"$CVX fined again, regulators not messing around 📊"
SN00157,N00157,news,2026-07-15 11:37:00,META,company,-0.753,Earnings,6.0,0.975,"Meta Platforms misses earnings expectations as margins shrink, sending shares lower. Investors reacted cautiously, citing uncertainty over n"
ST00291,T00291,social,2026-07-15 12:08:00,PFE,company,-0.0,Other,1.9,0.997,watching $PFE today
SN00158,N00158,news,2026-07-15 12:50:00,WMT,company,-0.811,Product Launch,6.9,0.964,Walmart delays delivery service launch after quality issues in what analysts call a major shock. Analysts flagged downside risks and trimmed
SN00159,N00159,news,2026-07-15 14:09:00,GS,company,0.811,Regulatory/Legal,5.0,0.946,"Goldman Sachs wins regulatory approval for its digital banking app, lifting shares. Investors responded positively, with analysts raising pr"
SN00160,N00160,news,2026-07-15 14:19:00,WMT,company,0.698,Merger/Acquisition,5.8,0.969,"Walmart to acquire a rival in a $13bn deal expected to boost margins. Investors responded positively, with analysts raising price targets."
ST00292,T00292,social,2026-07-15 14:36:00,CVX,company,-0.185,Other,2.1,0.993,$CVX volume is low today #markets
ST00293,T00293,social,2026-07-15 14:38:00,JPM,company,-0.653,Regulatory/Legal,4.4,0.984,"$JPM under investigation, this could get ugly 👀"
SN00161,N00161,news,2026-07-15 15:17:00,XOM,company,0.749,Earnings,5.2,0.983,"Exxon Mobil raises full-year guidance after a strong quarter. Investors responded positively, with analysts raising price targets."
ST00294,T00294,social,2026-07-15 15:30:00,AAPL,company,0.665,Other,2.9,0.994,"$AAPL crushing it, bullish"
ST00295,T00295,social,2026-07-15 15:48:00,JPM,company,-0.552,Credit Event,5.4,0.984,"$JPM downgraded, spreads widening ⚠️ #credit"
ST00296,T00296,social,2026-07-15 16:13:00,WMT,company,-0.192,Other,1.9,0.996,$WMT volume is low today
ST00297,T00297,social,2026-07-15 16:53:00,PFE,company,0.491,Merger/Acquisition,3.2,0.991,"bought more $PFE on the dip, feeling good 📈 #investing"
ST00298,T00298,social,2026-07-15 16:59:00,MSFT,company,0.807,Regulatory/Legal,4.9,0.991,$MSFT wins approval 🎉 big relief 📊
ST00299,T00299,social,2026-07-15 17:02:00,XOM,company,-0.0,Other,2.1,0.993,anyone have thoughts on $XOM? #stocks
ST00300,T00300,social,2026-07-15 17:21:00,AAPL,company,0.699,Credit Event,5.2,0.99,"$AAPL credit upgrade, balance sheet looking healthier ✅"
ST00301,T00301,social,2026-07-15 17:24:00,WMT,company,-0.346,Other,2.7,0.994,"sold my $WMT, not liking this"
SN00162,N00162,news,2026-07-15 18:08:00,,market,0.884,Macroeconomic,7.6,0.859,"Inflation cools to 3.9%, raising hopes of rate cuts in a landmark result. Traders cited improving fundamentals and strong momentum."
ST00302,T00302,social,2026-07-15 18:11:00,GS,company,-0.659,Other,3.0,0.995,ugh $GS again... down bad 👀
ST00303,T00303,social,2026-07-15 18:33:00,WMT,company,-0.766,Other,3.6,0.991,$WMT LOOKS BAD 😬 BEARISH #STOCKS
ST00304,T00304,social,2026-07-15 18:38:00,JNJ,company,-0.658,Regulatory/Legal,4.4,0.985,"$JNJ under investigation, this could get ugly 🤔"
ST00305,T00305,social,2026-07-15 18:43:00,JPM,company,0.669,Other,3.0,0.994,"$JPM crushing it, bullish"
ST00306,T00306,social,2026-07-15 18:49:00,AMZN,company,-0.0,Other,1.9,0.997,watching $AMZN today
ST00307,T00307,social,2026-07-15 19:06:00,,market,-0.58,Macroeconomic,6.1,0.988,recession signals flashing red 🚨 #macro
SN00163,N00163,news,2026-07-15 19:09:00,GS,company,-0.004,Earnings,2.2,0.938,Goldman Sachs to report quarterly results next week. Analysts said it was too early to assess any lasting impact.
ST00308,T00308,social,2026-07-15 19:16:00,WMT,company,-0.476,Merger/Acquisition,5.1,0.984,$WMT overpaying for this acquisition imo
ST00309,T00309,social,2026-07-15 19:28:00,,market,-0.856,Geopolitical,5.9,0.986,"WAR ESCALATING, MARKETS GONNA BLEED 😰 #MARKETS"
SN00164,N00164,news,2026-07-15 19:33:00,GS,company,-0.734,Product Launch,6.2,0.975,"Goldman Sachs delays wealth platform launch after quality issues, triggering a sharp selloff. Analysts flagged downside risks and trimmed th"
SN00165,N00165,news,2026-07-15 20:17:00,AAPL,company,0.772,Credit Event,6.2,0.948,"Apple refinances debt at lower rates and extends maturities, sparking a strong rally. Investors responded positively, with analysts raising "
ST00310,T00310,social,2026-07-15 20:30:00,WMT,company,-0.303,Other,1.9,0.996,$WMT VOLUME IS LOW TODAY
ST00311,T00311,social,2026-07-15 20:51:00,,market,-0.864,Geopolitical,6.2,0.987,"WAR ESCALATING, MARKETS GONNA BLEED 😰 #MARKETS"
ST00312,T00312,social,2026-07-16 06:04:00,GOOGL,company,-0.468,Merger/Acquisition,4.9,0.976,$GOOGL overpaying for this acquisition imo #trading
ST00313,T00313,social,2026-07-16 06:06:00,PFE,company,-0.162,Other,3.3,0.985,$PFE breakout incoming?? 🔥 #investing
ST00314,T00314,social,2026-07-16 06:31:00,AAPL,company,-0.637,Earnings,5.4,0.988,"$AAPL margins shrinking, earnings were weak"
ST00315,T00315,social,2026-07-16 06:58:00,MSFT,company,-0.742,Other,3.1,0.996,$MSFT looks bad 😬 bearish
ST00316,T00316,social,2026-07-16 07:12:00,KO,company,-0.568,Merger/Acquisition,5.1,0.981,"$KO merger facing antitrust heat, deal at risk #trading"
ST00317,T00317,social,2026-07-16 07:20:00,META,company,0.665,Other,2.9,0.994,"$META crushing it, bullish"
SN00166,N00166,news,2026-07-16 07:26:00,KO,company,0.863,Earnings,6.9,0.977,"Coca-Cola beats quarterly earnings estimates as revenue climbs 4.9%, sparking a strong rally. Investors responded positively, with analysts "
ST00318,T00318,social,2026-07-16 08:00:00,JNJ,company,-0.571,Merger/Acquisition,5.1,0.984,"$JNJ merger facing antitrust heat, deal at risk"
ST00319,T00319,social,2026-07-16 08:00:00,WMT,company,-0.515,Other,2.9,0.995,$WMT getting hammered rn 📉 👀
ST00320,T00320,social,2026-07-16 08:13:00,AMZN,company,0.001,Other,1.9,0.996,RT @user_4905: anyone have thoughts on $AMZN? 🤔
SN00167,N00167,news,2026-07-16 08:16:00,JNJ,company,0.844,Earnings,7.6,0.977,"Johnson & Johnson raises full-year guidance after a strong quarter in a landmark result. Investors responded positively, with analysts raisi"
SN00168,N00168,news,2026-07-16 08:20:00,PFE,company,-0.756,Earnings,6.0,0.973,"Pfizer misses earnings expectations as margins shrink, sending shares lower. Investors reacted cautiously, citing uncertainty over near-term"
ST00321,T00321,social,2026-07-16 08:34:00,PFE,company,0.696,Credit Event,5.3,0.99,"$PFE credit upgrade, balance sheet looking healthier ✅"
ST00322,T00322,social,2026-07-16 08:43:00,BAC,company,0.51,Merger/Acquisition,3.1,0.994,"bought more $BAC on the dip, feeling good 📈"
ST00323,T00323,social,2026-07-16 09:32:00,NVDA,company,-0.182,Other,2.2,0.994,$NVDA volume is low today #markets
SN00169,N00169,news,2026-07-16 09:33:00,,market,-0.902,Geopolitical,9.7,0.886,Escalating conflict in the Middle East rattles global markets in what analysts call a major shock. Analysts flagged downside risks and trimm
ST00324,T00324,social,2026-07-16 09:49:00,KO,company,-0.783,Earnings,5.2,0.982,$KO missed earnings and cut guide... brutal 📉 #investing
SN00170,N00170,news,2026-07-16 09:58:00,KO,company,-0.445,Earnings,5.9,0.955,"Coca-Cola reports revenue decline of 11.2% year over year, sending shares lower. Investors reacted cautiously, citing uncertainty over near-"
ST00325,T00325,social,2026-07-16 10:00:00,MSFT,company,-0.574,Credit Event,5.4,0.982,"RT @user_3871: $MSFT debt worries growing, bonds selling off"
ST00326,T00326,social,2026-07-16 10:06:00,KO,company,-0.194,Other,2.0,0.996,RT @user_8027: $KO volume is low today
ST00327,T00327,social,2026-07-16 10:15:00,XOM,company,0.654,Other,3.0,0.984,"RT @user_3832: $XOM crushing it, bullish #markets"
SN00171,N00171,news,2026-07-16 10:44:00,AAPL,company,-0.003,Earnings,2.1,0.962,Apple earnings come in line with analyst expectations. The development was largely expected by market participants.
ST00328,T00328,social,2026-07-16 10:46:00,CVX,company,-0.659,Other,3.0,0.995,ugh $CVX again... down bad
SN00172,N00172,news,2026-07-16 10:46:00,PFE,company,0.828,Earnings,5.8,0.976,"Pfizer raises full-year guidance after a strong quarter, lifting shares. Investors responded positively, with analysts raising price targets"
SN00173,N00173,news,2026-07-16 11:00:00,JPM,company,-0.006,Earnings,2.0,0.952,JPMorgan Chase to report quarterly results next week. The development was largely expected by market participants.
SN00174,N00174,news,2026-07-16 11:00:00,PFE,company,0.875,Earnings,6.9,0.97,"Pfizer beats quarterly earnings estimates as revenue climbs 12.1%, sparking a strong rally. Traders cited improving fundamentals and strong "
ST00329,T00329,social,2026-07-16 11:46:00,JPM,company,-0.759,Product Launch,5.2,0.986,"$JPM product recall, yikes 😬"
ST00330,T00330,social,2026-07-16 11:49:00,AMZN,company,0.314,Other,3.0,0.991,$AMZN LOOKING STRONG TODAY 🚀 #STOCKS 🔥
ST00331,T00331,social,2026-07-16 12:24:00,META,company,-0.687,Merger/Acquisition,5.1,0.984,"$META MERGER FACING ANTITRUST HEAT, DEAL AT RISK"
ST00332,T00332,social,2026-07-16 12:26:00,JPM,company,-0.47,Merger/Acquisition,5.0,0.982,$JPM overpaying for this acquisition imo
ST00333,T00333,social,2026-07-16 13:34:00,JNJ,company,-0.427,Other,2.8,0.995,"SOLD MY $JNJ, NOT LIKING THIS"
SN00175,N00175,news,2026-07-16 13:49:00,,market,-0.899,Geopolitical,8.3,0.933,"Tariffs on imports from North Africa spark fears of a trade war, triggering a sharp selloff. Investors reacted cautiously, citing uncertaint"
ST00334,T00334,social,2026-07-16 13:51:00,GOOGL,company,0.692,Credit Event,5.1,0.99,"$GOOGL credit upgrade, balance sheet looking healthier ✅ 🤔"
ST00335,T00335,social,2026-07-16 13:58:00,JPM,company,-0.192,Other,1.9,0.996,$JPM volume is low today
ST00336,T00336,social,2026-07-16 14:02:00,CVX,company,0.51,Merger/Acquisition,3.1,0.994,"bought more $CVX on the dip, feeling good 📈"
ST00337,T00337,social,2026-07-16 14:13:00,PFE,company,0.669,Other,3.0,0.994,"RT @user_5609: $PFE crushing it, bullish"
ST00338,T00338,social,2026-07-16 14:49:00,JPM,company,0.692,Credit Event,5.0,0.989,"$JPM credit upgrade, balance sheet looking healthier ✅"
ST00339,T00339,social,2026-07-16 14:50:00,BAC,company,0.214,Other,3.1,0.995,$BAC looking strong today 🚀 🔥
ST00340,T00340,social,2026-07-16 14:54:00,,market,-0.78,Geopolitical,6.5,0.979,sanctions + tariffs = chaos for stocks 📉 #geopolitics
SN00176,N00176,news,2026-07-16 14:59:00,,market,-0.862,Macroeconomic,7.8,0.896,Recession fears mount as unemployment rises. Analysts flagged downside risks and trimmed their estimates.
ST00341,T00341,social,2026-07-16 15:15:00,XOM,company,-0.195,Other,1.9,0.996,$XOM volume is low today
SN00177,N00177,news,2026-07-16 15:22:00,META,company,-0.722,Merger/Acquisition,6.9,0.943,"Meta Platforms faces antitrust challenge over proposed $7bn merger, sending shares lower. Analysts flagged downside risks and trimmed their "
ST00342,T00342,social,2026-07-16 15:33:00,GOOGL,company,-0.51,Other,3.1,0.987,$GOOGL getting hammered rn 📉 #markets
ST00343,T00343,social,2026-07-16 15:39:00,KO,company,-0.742,Other,3.1,0.996,$KO looks bad 😬 bearish
ST00344,T00344,social,2026-07-16 15:44:00,GS,company,-0.347,Other,3.0,0.991,"sold my $GS, not liking this #investing"
SN00178,N00178,news,2026-07-16 16:35:00,XOM,company,0.668,Credit Event,5.2,0.944,"Exxon Mobil refinances debt at lower rates and extends maturities, lifting shares. Investors responded positively, with analysts raising pri"
ST00345,T00345,social,2026-07-16 16:38:00,CVX,company,0.668,Other,3.0,0.993,"$CVX crushing it, bullish"
ST00346,T00346,social,2026-07-16 16:55:00,AMZN,company,0.699,Credit Event,5.2,0.99,"$AMZN credit upgrade, balance sheet looking healthier ✅"
ST00347,T00347,social,2026-07-16 16:57:00,AMZN,company,-0.001,Other,2.0,0.996,anyone have thoughts on $AMZN?
ST00348,T00348,social,2026-07-16 17:31:00,META,company,-0.771,Other,3.1,0.996,$META LOOKS BAD 😬 BEARISH
ST00349,T00349,social,2026-07-16 17:41:00,NVDA,company,-0.003,Other,1.9,0.996,"$NVDA flat, nothing happening 👀"
ST00350,T00350,social,2026-07-16 18:01:00,PFE,company,-0.003,Other,2.3,0.992,"$PFE flat, nothing happening #stocks"
SN00179,N00179,news,2026-07-16 18:23:00,XOM,company,0.87,Earnings,6.8,0.975,"Exxon Mobil raises full-year guidance after a strong quarter, sparking a strong rally. Investors responded positively, with analysts raising"
ST00351,T00351,social,2026-07-16 18:25:00,,market,0.57,Geopolitical,5.7,0.965,ceasefire!! risk on 🟢 #markets #stocks
SN00180,N00180,news,2026-07-16 18:29:00,KO,company,0.841,Regulatory/Legal,6.4,0.949,Coca-Cola wins regulatory approval for its private-label line in a landmark result. Traders cited improving fundamentals and strong momentum
ST00352,T00352,social,2026-07-16 18:34:00,JPM,company,-0.567,Merger/Acquisition,5.1,0.981,"RT @user_8621: $JPM merger facing antitrust heat, deal at risk #investing"
ST00353,T00353,social,2026-07-16 18:35:00,GOOGL,company,-0.476,Merger/Acquisition,5.1,0.984,$GOOGL overpaying for this acquisition imo
ST00354,T00354,social,2026-07-16 18:38:00,XOM,company,0.001,Other,1.9,0.996,anyone have thoughts on $XOM?
ST00355,T00355,social,2026-07-16 19:22:00,JNJ,company,-0.659,Other,3.0,0.995,ugh $JNJ again... down bad
SN00181,N00181,news,2026-07-16 19:42:00,MSFT,company,-0.791,Earnings,6.0,0.979,"Microsoft misses earnings expectations as margins shrink, sending shares lower. Analysts flagged downside risks and trimmed their estimates."
ST00356,T00356,social,2026-07-16 19:49:00,AMZN,company,0.416,Other,2.6,0.993,$AMZN looking strong today 🚀 #trading
ST00357,T00357,social,2026-07-16 20:05:00,,market,-0.78,Geopolitical,6.4,0.978,sanctions + tariffs = chaos for stocks 📉 #geopolitics
ST00358,T00358,social,2026-07-16 20:11:00,JNJ,company,-0.518,Other,2.9,0.996,$JNJ getting hammered rn 📉
ST00359,T00359,social,2026-07-16 20:15:00,CVX,company,-0.515,Other,2.9,0.995,$CVX getting hammered rn 📉
ST00360,T00360,social,2026-07-16 20:24:00,KO,company,-0.658,Other,2.9,0.995,ugh $KO again... down bad
ST00361,T00361,social,2026-07-16 20:31:00,CVX,company,-0.515,Other,2.9,0.995,$CVX getting hammered rn 📉
SN00182,N00182,news,2026-07-16 20:42:00,XOM,company,0.87,Earnings,6.6,0.977,"Exxon Mobil raises full-year guidance after a strong quarter, sparking a strong rally. Investors responded positively, with analysts raising"
SN00183,N00183,news,2026-07-17 06:08:00,GS,company,-0.0,Merger/Acquisition,2.2,0.941,Goldman Sachs confirms it is in talks over a possible acquisition. The development was largely expected by market participants.
ST00362,T00362,social,2026-07-17 06:24:00,WMT,company,0.668,Other,3.1,0.994,"$WMT crushing it, bullish"
ST00363,T00363,social,2026-07-17 06:26:00,NVDA,company,0.002,Other,1.8,0.99,"$NVDA flat, nothing happening #trading"
ST00364,T00364,social,2026-07-17 07:17:00,,market,-0.832,Geopolitical,6.1,0.975,"war escalating, markets gonna bleed 😰 #markets #trading"
ST00365,T00365,social,2026-07-17 07:18:00,GOOGL,company,-0.719,Other,2.9,0.995,UGH $GOOGL AGAIN... DOWN BAD
SN00184,N00184,news,2026-07-17 07:19:00,META,company,-0.653,Product Launch,6.3,0.971,"Meta Platforms recalls streaming service over safety defect. Investors reacted cautiously, citing uncertainty over near-term outlook."
SN00185,N00185,news,2026-07-17 07:31:00,AMZN,company,-0.662,Regulatory/Legal,6.3,0.957,"Amazon faces new government investigation into its practices. Investors reacted cautiously, citing uncertainty over near-term outlook."
ST00366,T00366,social,2026-07-17 07:35:00,,market,0.488,Macroeconomic,6.1,0.97,"RT @user_3722: cpi cooled, rate cuts soon? 📈 #Fed #trading 🤔"
ST00367,T00367,social,2026-07-17 07:39:00,META,company,-0.194,Other,1.9,0.995,$META volume is low today
ST00368,T00368,social,2026-07-17 07:55:00,,market,-0.817,Geopolitical,5.6,0.983,"war escalating, markets gonna bleed 😰 #markets #investing"
ST00369,T00369,social,2026-07-17 08:18:00,XOM,company,0.5,Merger/Acquisition,3.0,0.992,"bought more $XOM on the dip, feeling good 📈 #stocks"
ST00370,T00370,social,2026-07-17 08:27:00,NVDA,company,-0.055,Merger/Acquisition,5.1,0.99,$NVDA ACQUISITION COULD BE A GAME CHANGER 👀🔥
ST00371,T00371,social,2026-07-17 08:36:00,WMT,company,-0.538,Credit Event,4.6,0.97,"$WMT downgraded, spreads widening ⚠️ #credit #investing 💬"
SN00186,N00186,news,2026-07-17 08:40:00,,market,-0.813,Geopolitical,8.5,0.934,"Escalating conflict in the Red Sea rattles global markets, sending shares lower. Investors reacted cautiously, citing uncertainty over near-"
SN00187,N00187,news,2026-07-17 08:58:00,BAC,company,0.815,Earnings,6.0,0.976,"Bank of America beats quarterly earnings estimates as revenue climbs 7.7%, lifting shares. Investors responded positively, with analysts rai"
ST00372,T00372,social,2026-07-17 08:59:00,GOOGL,company,-0.768,Earnings,4.6,0.971,$GOOGL missed earnings and cut guide... brutal 📉 #markets
ST00373,T00373,social,2026-07-17 09:21:00,GOOGL,company,-0.346,Other,2.9,0.99,"sold my $GOOGL, not liking this #markets"
ST00374,T00374,social,2026-07-17 09:34:00,MSFT,company,-0.637,Earnings,5.4,0.988,"RT @user_8635: $MSFT margins shrinking, earnings were weak"
ST00375,T00375,social,2026-07-17 09:47:00,AAPL,company,-0.348,Other,2.8,0.995,"sold my $AAPL, not liking this"
ST00376,T00376,social,2026-07-17 09:48:00,GOOGL,company,-0.519,Other,3.0,0.995,$GOOGL getting hammered rn 📉 💬
ST00377,T00377,social,2026-07-17 10:03:00,WMT,company,0.003,Other,1.8,0.988,ANYONE HAVE THOUGHTS ON $WMT? #MARKETS
ST00378,T00378,social,2026-07-17 10:11:00,XOM,company,-0.158,Other,3.2,0.99,$XOM breakout incoming?? 🔥 #stocks
ST00379,T00379,social,2026-07-17 10:40:00,XOM,company,0.501,Merger/Acquisition,3.2,0.991,"bought more $XOM on the dip, feeling good 📈 #stocks"
SN00188,N00188,news,2026-07-17 10:56:00,WMT,company,-0.005,Regulatory/Legal,2.1,0.954,Regulators open consultation on rules affecting the Consumer sector. Analysts said it was too early to assess any lasting impact.
SN00189,N00189,news,2026-07-17 11:11:00,CVX,company,0.67,Merger/Acquisition,4.8,0.964,"Chevron completes acquisition ahead of schedule, synergies seen. Investors responded positively, with analysts raising price targets."
ST00380,T00380,social,2026-07-17 11:12:00,AAPL,company,-0.465,Merger/Acquisition,5.0,0.976,$AAPL overpaying for this acquisition imo #stocks 🤔
SN00190,N00190,news,2026-07-17 11:37:00,GS,company,0.771,Earnings,5.3,0.986,Goldman Sachs beats quarterly earnings estimates as revenue climbs 7.1%. Traders cited improving fundamentals and strong momentum.
ST00381,T00381,social,2026-07-17 11:41:00,,market,-0.545,Macroeconomic,5.5,0.973,recession signals flashing red 🚨 #macro #trading
ST00382,T00382,social,2026-07-17 12:00:00,CVX,company,0.416,Other,2.6,0.992,$CVX looking strong today 🚀 #trading 👀
ST00383,T00383,social,2026-07-17 12:13:00,JPM,company,-0.517,Other,2.9,0.995,$JPM getting hammered rn 📉
ST00384,T00384,social,2026-07-17 12:36:00,,market,-0.574,Macroeconomic,5.9,0.986,recession signals flashing red 🚨 #macro 🤔
ST00385,T00385,social,2026-07-17 12:50:00,XOM,company,0.436,Other,3.0,0.995,$XOM looking strong today 🚀
SN00191,N00191,news,2026-07-17 13:55:00,AAPL,company,0.847,Earnings,7.6,0.977,"Apple raises full-year guidance after a strong quarter in a landmark result. Investors responded positively, with analysts raising price tar"
ST00386,T00386,social,2026-07-17 14:12:00,XOM,company,0.414,Other,3.1,0.993,$XOM looking strong today 🚀 #investing
SN00192,N00192,news,2026-07-17 14:42:00,AMZN,company,-0.003,Earnings,2.3,0.938,Amazon to report quarterly results next week. Analysts said it was too early to assess any lasting impact.
SN00193,N00193,news,2026-07-17 14:47:00,XOM,company,0.808,Earnings,5.9,0.977,"Exxon Mobil beats quarterly earnings estimates as revenue climbs 2.9%, lifting shares. Investors responded positively, with analysts raising"
SN00194,N00194,news,2026-07-17 14:52:00,PFE,company,0.341,Regulatory/Legal,3.1,0.974,"Pfizer settles lawsuit on favourable terms. Investors responded positively, with analysts raising price targets."
ST00387,T00387,social,2026-07-17 15:00:00,,market,0.538,Geopolitical,6.0,0.969,"trade deal signed, finally good news 🎉 🔥"
ST00388,T00388,social,2026-07-17 15:15:00,MSFT,company,-0.732,Other,2.9,0.989,RT @user_8670: $MSFT looks bad 😬 bearish #markets
ST00389,T00389,social,2026-07-17 15:16:00,PFE,company,-0.002,Other,2.2,0.993,anyone have thoughts on $PFE? #stocks
ST00390,T00390,social,2026-07-17 15:27:00,PFE,company,0.806,Regulatory/Legal,4.9,0.993,RT @user_9863: $PFE wins approval 🎉 big relief
SN00195,N00195,news,2026-07-17 15:28:00,GS,company,-0.649,Product Launch,6.5,0.965,"Goldman Sachs recalls digital banking app over safety defect. Investors reacted cautiously, citing uncertainty over near-term outlook."
ST00391,T00391,social,2026-07-17 15:42:00,XOM,company,0.51,Merger/Acquisition,3.1,0.994,"bought more $XOM on the dip, feeling good 📈"
ST00392,T00392,social,2026-07-17 16:05:00,GOOGL,company,-0.517,Other,2.9,0.995,RT @user_6943: $GOOGL getting hammered rn 📉
SN00196,N00196,news,2026-07-17 16:08:00,XOM,company,0.642,Product Launch,4.6,0.968,"Exxon Mobil unveils new offshore field, early orders exceed expectations. Traders cited improving fundamentals and strong momentum."
ST00393,T00393,social,2026-07-17 16:58:00,GOOGL,company,0.001,Other,1.9,0.996,ANYONE HAVE THOUGHTS ON $GOOGL?
ST00394,T00394,social,2026-07-17 17:14:00,AMZN,company,0.681,Credit Event,4.7,0.982,"$AMZN credit upgrade, balance sheet looking healthier ✅ #investing 👀"
ST00395,T00395,social,2026-07-17 17:41:00,CVX,company,-0.156,Other,3.5,0.99,$CVX breakout incoming?? 🔥 #trading
ST00396,T00396,social,2026-07-17 17:49:00,NVDA,company,-0.348,Other,2.8,0.994,"sold my $NVDA, not liking this"
ST00397,T00397,social,2026-07-17 18:20:00,AMZN,company,-0.156,Other,3.0,0.99,$AMZN breakout incoming?? 🔥 #trading
ST00398,T00398,social,2026-07-17 18:26:00,CVX,company,0.509,Merger/Acquisition,3.1,0.994,"bought more $CVX on the dip, feeling good 📈"
ST00399,T00399,social,2026-07-17 18:33:00,JPM,company,-0.001,Other,2.0,0.996,anyone have thoughts on $JPM?
ST00400,T00400,social,2026-07-17 18:37:00,MSFT,company,-0.658,Other,2.9,0.995,ugh $MSFT again... down bad
ST00402,T00402,social,2026-07-17 18:44:00,WMT,company,-0.632,Other,2.9,0.995,$WMT getting hammered rn 📉 🔥
ST00401,T00401,social,2026-07-17 18:44:00,MSFT,company,0.006,Other,1.9,0.994,watching $MSFT today #trading
ST00403,T00403,social,2026-07-17 18:51:00,WMT,company,-0.195,Other,1.9,0.996,$WMT volume is low today 💬
ST00404,T00404,social,2026-07-17 18:58:00,META,company,-0.195,Other,1.9,0.996,RT @user_1472: $META volume is low today
ST00405,T00405,social,2026-07-17 19:34:00,JPM,company,-0.346,Other,2.9,0.99,"sold my $JPM, not liking this #markets"
ST00406,T00406,social,2026-07-17 20:38:00,PFE,company,-0.0,Other,1.9,0.997,watching $PFE today
ST00407,T00407,social,2026-07-20 06:08:00,GOOGL,company,-0.518,Other,2.9,0.995,$GOOGL getting hammered rn 📉 👀
ST00408,T00408,social,2026-07-20 06:21:00,KO,company,-0.194,Other,2.0,0.996,$KO volume is low today
SN00197,N00197,news,2026-07-20 06:28:00,BAC,company,0.787,Product Launch,7.0,0.972,"Bank of America unveils new trading platform, early orders exceed expectations in a landmark result. Traders cited improving fundamentals an"
ST00409,T00409,social,2026-07-20 06:36:00,MSFT,company,-0.743,Other,3.1,0.996,$MSFT looks bad 😬 bearish
ST00410,T00410,social,2026-07-20 06:46:00,,market,-0.757,Geopolitical,5.7,0.982,sanctions + tariffs = chaos for stocks 📉 #geopolitics #markets
ST00411,T00411,social,2026-07-20 07:04:00,,market,-0.581,Macroeconomic,6.2,0.987,recession signals flashing red 🚨 #macro 📊
ST00412,T00412,social,2026-07-20 07:08:00,NVDA,company,-0.002,Other,2.0,0.997,WATCHING $NVDA TODAY
SN00198,N00198,news,2026-07-20 07:14:00,,market,-0.593,Macroeconomic,6.8,0.93,"Central bank signals higher rates for longer, sending shares lower. Analysts flagged downside risks and trimmed their estimates."
ST00413,T00413,social,2026-07-20 07:23:00,CVX,company,-0.507,Other,3.1,0.989,RT @user_4029: $CVX getting hammered rn 📉 #trading
ST00414,T00414,social,2026-07-20 07:30:00,NVDA,company,-0.008,Other,1.9,0.992,ANYONE HAVE THOUGHTS ON $NVDA? #TRADING
SN00199,N00199,news,2026-07-20 07:37:00,AMZN,company,-0.777,Product Launch,7.0,0.966,"Amazon delays delivery service launch after quality issues in what analysts call a major shock. Investors reacted cautiously, citing uncerta"
ST00415,T00415,social,2026-07-20 07:45:00,XOM,company,0.181,Earnings,5.4,0.983,"$XOM smashing guidance, loading up 📈"
ST00416,T00416,social,2026-07-20 07:48:00,XOM,company,-0.238,Other,2.0,0.997,RT @user_2808: watching $XOM today 🔥
ST00417,T00417,social,2026-07-20 07:50:00,BAC,company,-0.771,Other,3.1,0.996,$BAC LOOKS BAD 😬 BEARISH
ST00418,T00418,social,2026-07-20 08:04:00,GOOGL,company,-0.519,Other,3.0,0.995,RT @user_4965: $GOOGL getting hammered rn 📉
ST00419,T00419,social,2026-07-20 08:08:00,MSFT,company,-0.658,Other,2.9,0.995,ugh $MSFT again... down bad
ST00420,T00420,social,2026-07-20 08:11:00,CVX,company,-0.238,Other,2.0,0.997,watching $CVX today 🔥
ST00421,T00421,social,2026-07-20 08:35:00,AAPL,company,-0.001,Other,2.0,0.996,RT @user_3405: anyone have thoughts on $AAPL?
ST00422,T00422,social,2026-07-20 08:36:00,XOM,company,0.668,Other,3.0,0.993,"$XOM crushing it, bullish"
ST00423,T00423,social,2026-07-20 09:06:00,GOOGL,company,0.437,Other,3.0,0.994,$GOOGL looking strong today 🚀
SN00200,N00200,news,2026-07-20 09:26:00,GS,company,0.75,Regulatory/Legal,4.6,0.961,"Goldman Sachs wins regulatory approval for its digital banking app. Investors responded positively, with analysts raising price targets."
ST00424,T00424,social,2026-07-20 09:32:00,AMZN,company,0.419,Other,2.8,0.993,$AMZN looking strong today 🚀 #trading
ST00425,T00425,social,2026-07-20 09:39:00,JNJ,company,-0.004,Other,2.3,0.992,"$JNJ flat, nothing happening #investing"
SN00201,N00201,news,2026-07-20 09:40:00,AMZN,company,-0.796,Merger/Acquisition,6.1,0.953,"Amazon walks away from $33bn takeover talks, triggering a sharp selloff. Analysts flagged downside risks and trimmed their estimates."
SN00202,N00202,news,2026-07-20 10:02:00,,market,-0.907,Geopolitical,10.0,0.918,Escalating conflict in the Red Sea rattles global markets in what analysts call a major shock. Analysts flagged downside risks and trimmed t
SN00203,N00203,news,2026-07-20 10:14:00,PFE,company,-0.807,Earnings,6.2,0.976,Pfizer cuts full-year outlook citing weak demand. Analysts flagged downside risks and trimmed their estimates.
SN00204,N00204,news,2026-07-20 10:17:00,JPM,company,-0.004,Earnings,2.2,0.938,JPMorgan Chase to report quarterly results next week. Analysts said it was too early to assess any lasting impact.
SN00205,N00205,news,2026-07-20 10:31:00,KO,company,-0.732,Product Launch,6.1,0.974,Coca-Cola recalls beverage line over safety defect. Analysts flagged downside risks and trimmed their estimates.
ST00426,T00426,social,2026-07-20 10:31:00,,market,-0.577,Macroeconomic,6.0,0.988,recession signals flashing red 🚨 #macro 💬
SN00206,N00206,news,2026-07-20 10:39:00,JPM,company,-0.75,Earnings,5.9,0.97,"JPMorgan Chase misses earnings expectations as margins shrink, sending shares lower. Investors reacted cautiously, citing uncertainty over n"
ST00427,T00427,social,2026-07-20 10:49:00,NVDA,company,0.073,Product Launch,5.1,0.991,RT @user_9252: $NVDA new launch looks 🔥 early demand is huge 📊
ST00428,T00428,social,2026-07-20 11:01:00,META,company,0.0,Other,2.0,0.997,watching $META today
SN00207,N00207,news,2026-07-20 11:17:00,GS,company,-0.003,Product Launch,2.3,0.961,Goldman Sachs announces date for its next trading platform event. Analysts said it was too early to assess any lasting impact.
SN00208,N00208,news,2026-07-20 11:19:00,XOM,company,0.501,Regulatory/Legal,3.2,0.979,Exxon Mobil settles lawsuit on favourable terms. Traders cited improving fundamentals and strong momentum.
ST00429,T00429,social,2026-07-20 11:22:00,GS,company,-0.003,Other,1.9,0.996,"$GS flat, nothing happening"
ST00430,T00430,social,2026-07-20 11:35:00,GS,company,0.437,Other,3.0,0.994,$GS looking strong today 🚀
ST00431,T00431,social,2026-07-20 11:44:00,GS,company,-0.518,Other,2.9,0.995,$GS getting hammered rn 📉
ST00432,T00432,social,2026-07-20 11:50:00,JPM,company,-0.002,Other,2.0,0.997,RT @user_8781: watching $JPM today
ST00433,T00433,social,2026-07-20 11:58:00,GOOGL,company,-0.66,Regulatory/Legal,4.5,0.986,"$GOOGL under investigation, this could get ugly"
ST00434,T00434,social,2026-07-20 12:04:00,JNJ,company,0.001,Other,2.1,0.992,anyone have thoughts on $JNJ? #stocks
SN00209,N00209,news,2026-07-20 12:15:00,BAC,company,0.778,Product Launch,4.8,0.974,"Bank of America unveils new digital banking app, early orders exceed expectations, lifting shares. Traders cited improving fundamentals and "
SN00210,N00210,news,2026-07-20 12:30:00,MSFT,company,-0.838,Product Launch,9.2,0.958,"Microsoft recalls developer toolkit over safety defect in what analysts call a major shock. Investors reacted cautiously, citing uncertainty"
ST00435,T00435,social,2026-07-20 12:33:00,,market,-0.779,Geopolitical,6.3,0.974,sanctions + tariffs = chaos for stocks 📉 #geopolitics #trading
SN00211,N00211,news,2026-07-20 12:37:00,MSFT,company,-0.573,Earnings,5.0,0.984,Microsoft reports revenue decline of 2.7% year over year. Analysts flagged downside risks and trimmed their estimates.
SN00212,N00212,news,2026-07-20 12:40:00,CVX,company,0.857,Earnings,7.9,0.974,Chevron beats quarterly earnings estimates as revenue climbs 5.3% in a landmark result. Traders cited improving fundamentals and strong mome
SN00213,N00213,news,2026-07-20 12:49:00,NVDA,company,-0.682,Product Launch,4.6,0.977,NVIDIA delays software suite launch after quality issues. Analysts flagged downside risks and trimmed their estimates.
ST00436,T00436,social,2026-07-20 13:26:00,CVX,company,0.074,Product Launch,5.2,0.991,$CVX NEW LAUNCH LOOKS 🔥 EARLY DEMAND IS HUGE
ST00437,T00437,social,2026-07-20 13:30:00,AMZN,company,-0.517,Other,2.9,0.995,$AMZN getting hammered rn 📉 👀
ST00438,T00438,social,2026-07-20 13:34:00,JNJ,company,0.075,Product Launch,5.2,0.991,$JNJ new launch looks 🔥 early demand is huge
SN00214,N00214,news,2026-07-20 13:35:00,CVX,company,-0.581,Product Launch,4.3,0.972,"Chevron delays renewables unit launch after quality issues. Investors reacted cautiously, citing uncertainty over near-term outlook."
ST00439,T00439,social,2026-07-20 13:52:00,AAPL,company,0.001,Other,2.1,0.992,anyone have thoughts on $AAPL? #stocks
SN00215,N00215,news,2026-07-20 13:55:00,AAPL,company,0.707,Credit Event,7.0,0.955,Apple refinances debt at lower rates and extends maturities in a landmark result. Traders cited improving fundamentals and strong momentum.
SN00216,N00216,news,2026-07-20 13:59:00,JPM,company,-0.864,Merger/Acquisition,6.6,0.961,"JPMorgan Chase overpays for acquisition, analysts warn of dilution, triggering a sharp selloff. Analysts flagged downside risks and trimmed "
ST00440,T00440,social,2026-07-20 14:10:00,NVDA,company,-0.192,Other,1.9,0.996,$NVDA volume is low today
ST00441,T00441,social,2026-07-20 14:26:00,GOOGL,company,-0.001,Other,2.0,0.992,"$GOOGL flat, nothing happening #trading"
SN00217,N00217,news,2026-07-20 14:35:00,NVDA,company,0.339,Regulatory/Legal,3.1,0.976,"NVIDIA settles lawsuit on favourable terms. Investors responded positively, with analysts raising price targets."
ST00442,T00442,social,2026-07-20 14:46:00,JNJ,company,0.069,Product Launch,5.0,0.991,$JNJ NEW LAUNCH LOOKS 🔥 EARLY DEMAND IS HUGE
ST00443,T00443,social,2026-07-20 14:59:00,GS,company,-0.783,Earnings,5.3,0.976,$GS missed earnings and cut guide... brutal 📉 #stocks
SN00218,N00218,news,2026-07-20 15:00:00,META,company,-0.862,Credit Event,8.9,0.929,"Meta Platforms bond spreads widen on liquidity concerns in what analysts call a major shock. Investors reacted cautiously, citing uncertaint"
SN00219,N00219,news,2026-07-20 15:37:00,,market,-0.808,Macroeconomic,8.0,0.906,"Inflation surprises to the upside at 9.4%, rate hike fears grow, sending shares lower. Analysts flagged downside risks and trimmed their est"
ST00444,T00444,social,2026-07-20 15:41:00,GOOGL,company,-0.606,Product Launch,5.3,0.986,"$GOOGL delaying the launch again, not good"
ST00445,T00445,social,2026-07-20 15:57:00,META,company,0.51,Merger/Acquisition,3.1,0.994,"bought more $META on the dip, feeling good 📈"
ST00446,T00446,social,2026-07-20 16:03:00,GS,company,0.435,Other,3.0,0.995,$GS looking strong today 🚀
SN00220,N00220,news,2026-07-20 16:17:00,JPM,company,-0.662,Regulatory/Legal,7.2,0.95,"JPMorgan Chase hit with $200m fine by regulators, sending shares lower. Analysts flagged downside risks and trimmed their estimates."
ST00447,T00447,social,2026-07-20 16:39:00,,market,-0.806,Geopolitical,5.7,0.979,"war escalating, markets gonna bleed 😰 #markets #stocks"
ST00448,T00448,social,2026-07-20 16:50:00,AAPL,company,-0.658,Other,2.9,0.995,ugh $AAPL again... down bad
SN00221,N00221,news,2026-07-20 16:52:00,PFE,company,0.743,Earnings,4.8,0.985,"Pfizer raises full-year guidance after a strong quarter. Investors responded positively, with analysts raising price targets."
SN00222,N00222,news,2026-07-20 17:20:00,WMT,company,-0.005,Earnings,2.0,0.964,Walmart earnings come in line with analyst expectations. The development was largely expected by market participants.
ST00449,T00449,social,2026-07-20 17:25:00,META,company,-0.15,Other,3.1,0.996,$META breakout incoming?? 🔥
SN00223,N00223,news,2026-07-20 18:04:00,MSFT,company,-0.869,Earnings,7.7,0.954,"Microsoft cuts full-year outlook citing weak demand, triggering a sharp selloff. Investors reacted cautiously, citing uncertainty over near-"
ST00450,T00450,social,2026-07-20 18:10:00,JPM,company,-0.726,Regulatory/Legal,4.4,0.984,"RT @user_8571: $JPM UNDER INVESTIGATION, THIS COULD GET UGLY"
SN00224,N00224,news,2026-07-20 18:49:00,AMZN,company,-0.76,Regulatory/Legal,7.1,0.957,"Amazon faces new government investigation into its practices, sending shares lower. Analysts flagged downside risks and trimmed their estima"
ST00451,T00451,social,2026-07-20 18:51:00,,market,0.567,Geopolitical,5.8,0.966,ceasefire!! risk on 🟢 #markets #investing 🤔
ST00452,T00452,social,2026-07-20 18:57:00,AAPL,company,-0.605,Regulatory/Legal,5.1,0.98,"$AAPL FINED AGAIN, REGULATORS NOT MESSING AROUND #TRADING"
ST00453,T00453,social,2026-07-20 19:23:00,,market,-0.837,Geopolitical,6.2,0.985,"war escalating, markets gonna bleed 😰 #markets"
ST00454,T00454,social,2026-07-20 19:33:00,AMZN,company,-0.002,Other,1.9,0.996,RT @user_7447: watching $AMZN today
ST00455,T00455,social,2026-07-20 19:49:00,XOM,company,-0.003,Other,1.9,0.996,"$XOM flat, nothing happening"
SN00225,N00225,news,2026-07-20 19:51:00,AAPL,company,-0.896,Credit Event,9.2,0.939,"Apple warns of covenant breach as cash flow tightens, triggering a sharp selloff. Investors reacted cautiously, citing uncertainty over near"
ST00456,T00456,social,2026-07-20 19:57:00,JNJ,company,-0.001,Other,2.0,0.996,anyone have thoughts on $JNJ?
ST00457,T00457,social,2026-07-20 20:13:00,JPM,company,-0.002,Other,2.0,0.996,"$JPM flat, nothing happening"
ST00458,T00458,social,2026-07-20 20:17:00,AAPL,company,-0.192,Other,1.9,0.996,$AAPL volume is low today
SN00226,N00226,news,2026-07-20 20:25:00,,market,-0.873,Macroeconomic,9.5,0.862,"GDP contracts by 2.6% in surprise slowdown, triggering a sharp selloff. Investors reacted cautiously, citing uncertainty over near-term outl"
ST00459,T00459,social,2026-07-20 20:40:00,,market,0.139,Macroeconomic,6.2,0.978,"inflation print hot, fed won't cut 😬 #Fed #stocks"
ST00460,T00460,social,2026-07-20 20:59:00,AMZN,company,-0.002,Other,2.0,0.997,watching $AMZN today
ST00461,T00461,social,2026-07-21 06:23:00,NVDA,company,0.51,Merger/Acquisition,3.1,0.994,"bought more $NVDA on the dip, feeling good 📈"
ST00462,T00462,social,2026-07-21 06:35:00,NVDA,company,0.546,Earnings,5.3,0.986,$NVDA earnings beat!! EPS way above estimates 🚀
ST00463,T00463,social,2026-07-21 07:37:00,PFE,company,0.668,Other,3.1,0.994,"$PFE crushing it, bullish"
ST00464,T00464,social,2026-07-21 07:50:00,META,company,0.807,Regulatory/Legal,4.9,0.991,RT @user_9992: $META wins approval 🎉 big relief
SN00227,N00227,news,2026-07-21 08:09:00,WMT,company,-0.603,Product Launch,5.3,0.963,"Walmart delays beverage line launch after quality issues, sending shares lower. Investors reacted cautiously, citing uncertainty over near-t"
ST00465,T00465,social,2026-07-21 08:12:00,JPM,company,-0.658,Other,2.9,0.995,ugh $JPM again... down bad
ST00466,T00466,social,2026-07-21 08:19:00,NVDA,company,0.437,Other,3.0,0.994,$NVDA looking strong today 🚀
ST00467,T00467,social,2026-07-21 08:36:00,GS,company,-0.152,Other,3.1,0.995,$GS breakout incoming?? 🔥
ST00468,T00468,social,2026-07-21 08:51:00,NVDA,company,-0.194,Other,2.0,0.996,$NVDA volume is low today
ST00469,T00469,social,2026-07-21 09:09:00,AMZN,company,-0.787,Earnings,5.3,0.986,$AMZN missed earnings and cut guide... brutal 📉
SN00228,N00228,news,2026-07-21 09:15:00,META,company,-0.003,Regulatory/Legal,1.9,0.951,Regulators open consultation on rules affecting the Communication sector. Analysts said it was too early to assess any lasting impact.
ST00470,T00470,social,2026-07-21 09:20:00,BAC,company,0.509,Merger/Acquisition,3.1,0.994,"bought more $BAC on the dip, feeling good 📈"
SN00229,N00229,news,2026-07-21 09:21:00,BAC,company,-0.002,Product Launch,2.2,0.958,Bank of America announces date for its next trading platform event. Analysts said it was too early to assess any lasting impact.
ST00471,T00471,social,2026-07-21 09:30:00,,market,-0.822,Geopolitical,6.0,0.98,"war escalating, markets gonna bleed 😰 #markets #markets 🤔"
ST00472,T00472,social,2026-07-21 09:46:00,JNJ,company,-0.742,Other,3.1,0.996,$JNJ looks bad 😬 bearish
ST00473,T00473,social,2026-07-21 10:12:00,JNJ,company,-0.726,Other,3.0,0.989,$JNJ looks bad 😬 bearish #investing
ST00474,T00474,social,2026-07-21 10:24:00,JNJ,company,-0.775,Product Launch,5.0,0.962,"$JNJ product recall, yikes 😬 #markets 🔥"
ST00475,T00475,social,2026-07-21 10:57:00,JNJ,company,-0.758,Product Launch,5.3,0.969,"$JNJ product recall, yikes 😬 #stocks"
ST00476,T00476,social,2026-07-21 11:13:00,META,company,-0.003,Other,1.9,0.996,"RT @user_9830: $META flat, nothing happening"
ST00477,T00477,social,2026-07-21 11:40:00,META,company,-0.518,Other,2.9,0.996,$META getting hammered rn 📉
ST00478,T00478,social,2026-07-21 12:19:00,CVX,company,-0.149,Other,3.1,0.995,$CVX breakout incoming?? 🔥
ST00479,T00479,social,2026-07-21 12:40:00,WMT,company,-0.001,Other,1.9,0.996,anyone have thoughts on $WMT?
ST00480,T00480,social,2026-07-21 13:10:00,,market,-0.832,Geopolitical,6.1,0.975,"war escalating, markets gonna bleed 😰 #markets #trading"
ST00481,T00481,social,2026-07-21 13:26:00,GS,company,0.509,Merger/Acquisition,3.1,0.994,"bought more $GS on the dip, feeling good 📈"
ST00482,T00482,social,2026-07-21 13:41:00,GOOGL,company,-0.622,Credit Event,4.9,0.968,"RT @user_1981: $GOOGL DEBT WORRIES GROWING, BONDS SELLING OFF #STOCKS"
ST00483,T00483,social,2026-07-21 13:47:00,,market,-0.78,Geopolitical,6.5,0.979,sanctions + tariffs = chaos for stocks 📉 #geopolitics
ST00484,T00484,social,2026-07-21 13:49:00,GOOGL,company,-0.0,Other,1.9,0.997,watching $GOOGL today
ST00485,T00485,social,2026-07-21 13:50:00,JNJ,company,-0.728,Earnings,5.2,0.989,"$JNJ MARGINS SHRINKING, EARNINGS WERE WEAK"
ST00486,T00486,social,2026-07-21 13:56:00,,market,0.521,Macroeconomic,6.0,0.978,"cpi cooled, rate cuts soon? 📈 #Fed"
ST00487,T00487,social,2026-07-21 14:23:00,,market,-0.576,Macroeconomic,5.9,0.987,recession signals flashing red 🚨 #macro
ST00488,T00488,social,2026-07-21 14:26:00,AAPL,company,0.643,Other,2.7,0.988,"$AAPL crushing it, bullish #trading"
ST00489,T00489,social,2026-07-21 14:42:00,AAPL,company,-0.008,Other,2.3,0.991,"$AAPL flat, nothing happening #investing"
ST00490,T00490,social,2026-07-21 14:43:00,CVX,company,0.668,Other,3.1,0.994,"$CVX crushing it, bullish"
ST00491,T00491,social,2026-07-21 15:03:00,AAPL,company,-0.66,Other,3.0,0.995,ugh $AAPL again... down bad
SN00230,N00230,news,2026-07-21 15:14:00,META,company,0.001,Merger/Acquisition,2.4,0.956,Meta Platforms confirms it is in talks over a possible acquisition. Analysts said it was too early to assess any lasting impact.
ST00492,T00492,social,2026-07-21 15:24:00,META,company,-0.156,Other,3.3,0.991,$META breakout incoming?? 🔥 #stocks
ST00493,T00493,social,2026-07-21 15:25:00,META,company,-0.0,Other,2.2,0.989,"$META flat, nothing happening #markets"
SN00231,N00231,news,2026-07-21 15:29:00,XOM,company,0.84,Earnings,6.5,0.981,"Exxon Mobil posts record profit, with earnings per share ahead of consensus. Traders cited improving fundamentals and strong momentum."
ST00494,T00494,social,2026-07-21 16:04:00,XOM,company,-0.053,Merger/Acquisition,5.1,0.99,$XOM acquisition could be a game changer 👀🔥
ST00495,T00495,social,2026-07-21 16:19:00,NVDA,company,-0.147,Other,3.2,0.996,$NVDA breakout incoming?? 🔥
ST00496,T00496,social,2026-07-21 16:28:00,XOM,company,0.436,Other,3.0,0.995,$XOM looking strong today 🚀
ST00497,T00497,social,2026-07-21 16:53:00,GS,company,-0.35,Other,3.1,0.993,"sold my $GS, not liking this #trading 💬"
ST00498,T00498,social,2026-07-21 16:55:00,NVDA,company,-0.194,Other,2.0,0.996,$NVDA volume is low today
ST00499,T00499,social,2026-07-21 17:04:00,AAPL,company,-0.73,Other,3.0,0.99,$AAPL looks bad 😬 bearish #investing
SN00232,N00232,news,2026-07-21 17:21:00,BAC,company,-0.768,Product Launch,5.4,0.975,"Bank of America delays trading platform launch after quality issues, triggering a sharp selloff. Investors reacted cautiously, citing uncert"
ST00500,T00500,social,2026-07-21 17:38:00,AMZN,company,0.076,Product Launch,5.2,0.991,RT @user_5590: $AMZN new launch looks 🔥 early demand is huge
ST00501,T00501,social,2026-07-21 17:47:00,GOOGL,company,0.511,Other,3.2,0.991,$GOOGL LOOKING STRONG TODAY 🚀 #MARKETS
ST00502,T00502,social,2026-07-21 18:00:00,GS,company,0.419,Other,3.0,0.991,$GS looking strong today 🚀 #markets 🤔
SN00233,N00233,news,2026-07-21 18:08:00,,market,-0.832,Geopolitical,8.7,0.954,"New sanctions disrupt energy supply chains linked to the South China Sea, triggering a sharp selloff. Analysts flagged downside risks and tr"
ST00503,T00503,social,2026-07-21 18:19:00,XOM,company,0.437,Other,3.1,0.995,$XOM looking strong today 🚀
ST00504,T00504,social,2026-07-21 18:23:00,PFE,company,-0.659,Other,3.0,0.995,ugh $PFE again... down bad 📊
ST00505,T00505,social,2026-07-21 19:30:00,JPM,company,-0.001,Other,1.9,0.996,RT @user_3288: anyone have thoughts on $JPM?
ST00506,T00506,social,2026-07-21 19:39:00,XOM,company,0.5,Merger/Acquisition,2.9,0.991,"RT @user_9895: bought more $XOM on the dip, feeling good 📈 #trading"
SN00234,N00234,news,2026-07-21 19:45:00,AMZN,company,0.001,Earnings,2.1,0.949,Amazon earnings come in line with analyst expectations. Analysts said it was too early to assess any lasting impact.
ST00507,T00507,social,2026-07-21 19:47:00,XOM,company,0.644,Other,3.0,0.987,"$XOM crushing it, bullish #investing"
SN00235,N00235,news,2026-07-21 19:49:00,GOOGL,company,-0.004,Product Launch,2.4,0.962,Alphabet announces date for its next streaming service event. Analysts said it was too early to assess any lasting impact.
ST00508,T00508,social,2026-07-21 19:58:00,JPM,company,-0.002,Other,2.0,0.996,"$JPM flat, nothing happening"
ST00509,T00509,social,2026-07-21 20:04:00,NVDA,company,-0.56,Merger/Acquisition,5.0,0.978,"$NVDA merger facing antitrust heat, deal at risk #stocks"
ST00510,T00510,social,2026-07-21 20:10:00,GOOGL,company,-0.501,Other,3.1,0.989,$GOOGL getting hammered rn 📉 #trading
ST00511,T00511,social,2026-07-21 20:15:00,,market,0.46,Macroeconomic,5.9,0.968,"RT @user_8120: jobs data strong, soft landing vibes ✅ #macro #markets"
ST00512,T00512,social,2026-07-21 20:49:00,,market,0.135,Macroeconomic,6.2,0.988,"inflation print hot, fed won't cut 😬 #Fed"
ST00513,T00513,social,2026-07-21 20:56:00,,market,-0.783,Geopolitical,6.6,0.973,sanctions + tariffs = chaos for stocks 📉 #geopolitics
ST00514,T00514,social,2026-07-22 06:20:00,CVX,company,-0.0,Other,2.0,0.997,watching $CVX today
ST00515,T00515,social,2026-07-22 08:00:00,KO,company,-0.659,Other,3.0,0.995,ugh $KO again... down bad
ST00516,T00516,social,2026-07-22 08:15:00,WMT,company,-0.16,Other,3.2,0.991,$WMT BREAKOUT INCOMING?? 🔥 #TRADING
SN00236,N00236,news,2026-07-22 08:20:00,CVX,company,-0.867,Credit Event,7.7,0.942,"Chevron raises loan loss provisions by 7.2% as defaults rise, triggering a sharp selloff. Analysts flagged downside risks and trimmed their "
ST00518,T00518,social,2026-07-22 08:28:00,XOM,company,0.5,Merger/Acquisition,3.0,0.992,"bought more $XOM on the dip, feeling good 📈 #stocks"
ST00517,T00517,social,2026-07-22 08:28:00,,market,0.149,Macroeconomic,6.2,0.981,"RT @user_3814: inflation print hot, fed won't cut 😬 #Fed #investing 🤔"
ST00519,T00519,social,2026-07-22 08:30:00,,market,0.158,Macroeconomic,6.1,0.979,"inflation print hot, fed won't cut 😬 #Fed #markets"
ST00520,T00520,social,2026-07-22 08:50:00,WMT,company,0.076,Product Launch,5.2,0.991,$WMT new launch looks 🔥 early demand is huge
ST00521,T00521,social,2026-07-22 08:54:00,,market,-0.831,Geopolitical,5.9,0.986,"war escalating, markets gonna bleed 😰 #markets 👀"
ST00522,T00522,social,2026-07-22 09:12:00,KO,company,-0.578,Product Launch,4.8,0.964,"$KO delaying the launch again, not good #investing"
ST00523,T00523,social,2026-07-22 09:29:00,XOM,company,0.655,Other,3.1,0.984,"$XOM crushing it, bullish #markets"
SN00237,N00237,news,2026-07-22 10:12:00,PFE,company,0.808,Earnings,6.1,0.98,"Pfizer posts record profit, with earnings per share ahead of consensus. Investors responded positively, with analysts raising price targets."
ST00524,T00524,social,2026-07-22 10:16:00,KO,company,-0.002,Other,2.0,0.996,"$KO FLAT, NOTHING HAPPENING"
SN00238,N00238,news,2026-07-22 10:31:00,,market,-0.801,Geopolitical,7.9,0.935,"Escalating conflict in Eastern Europe rattles global markets. Investors reacted cautiously, citing uncertainty over near-term outlook."
ST00525,T00525,social,2026-07-22 10:44:00,META,company,-0.002,Other,2.0,0.997,watching $META today
ST00526,T00526,social,2026-07-22 11:25:00,META,company,0.692,Credit Event,5.1,0.99,"$META credit upgrade, balance sheet looking healthier ✅"
ST00527,T00527,social,2026-07-22 12:40:00,GOOGL,company,-0.603,Product Launch,5.3,0.981,"$GOOGL delaying the launch again, not good"
ST00528,T00528,social,2026-07-22 12:46:00,AMZN,company,-0.001,Other,2.1,0.988,"RT @user_1744: $AMZN flat, nothing happening #markets"
ST00529,T00529,social,2026-07-22 12:59:00,GS,company,-0.61,Product Launch,5.4,0.983,"RT @user_2609: $GS delaying the launch again, not good"
SN00239,N00239,news,2026-07-22 13:14:00,GOOGL,company,-0.769,Product Launch,6.2,0.966,"Alphabet delays ad platform launch after quality issues, triggering a sharp selloff. Investors reacted cautiously, citing uncertainty over n"
ST00530,T00530,social,2026-07-22 13:28:00,BAC,company,0.553,Earnings,5.6,0.986,$BAC earnings beat!! EPS way above estimates 🚀
ST00532,T00532,social,2026-07-22 13:31:00,JNJ,company,-0.001,Other,1.9,0.996,anyone have thoughts on $JNJ?
ST00531,T00531,social,2026-07-22 13:31:00,AMZN,company,0.003,Other,2.3,0.991,watching $AMZN today #stocks
SN00240,N00240,news,2026-07-22 13:59:00,,market,-0.856,Geopolitical,8.2,0.908,"Escalating conflict in North Africa rattles global markets, sending shares lower. Analysts flagged downside risks and trimmed their estimate"
SN00241,N00241,news,2026-07-22 14:01:00,AAPL,company,0.865,Credit Event,6.6,0.938,"a major rating agency upgrades Apple to A- on improving leverage, sparking a strong rally. Traders cited improving fundamentals and strong m"
ST00533,T00533,social,2026-07-22 14:10:00,,market,0.195,Macroeconomic,6.2,0.988,"INFLATION PRINT HOT, FED WON'T CUT 😬 #FED"
SN00242,N00242,news,2026-07-22 14:11:00,XOM,company,-0.0,Merger/Acquisition,2.2,0.941,Exxon Mobil confirms it is in talks over a possible acquisition. The development was largely expected by market participants.
SN00243,N00243,news,2026-07-22 14:59:00,JPM,company,-0.88,Credit Event,8.9,0.927,JPMorgan Chase bond spreads widen on liquidity concerns in what analysts call a major shock. Analysts flagged downside risks and trimmed the
SN00244,N00244,news,2026-07-22 15:22:00,,market,0.898,Macroeconomic,7.1,0.933,"Inflation cools to 2.7%, raising hopes of rate cuts, sparking a strong rally. Traders cited improving fundamentals and strong momentum."
ST00534,T00534,social,2026-07-22 15:24:00,AAPL,company,-0.073,Merger/Acquisition,4.9,0.979,$AAPL acquisition could be a game changer 👀🔥 #markets
SN00245,N00245,news,2026-07-22 15:29:00,JNJ,company,0.831,Regulatory/Legal,6.9,0.953,"Johnson & Johnson wins regulatory approval for its diagnostic test in a landmark result. Investors responded positively, with analysts raisi"
ST00535,T00535,social,2026-07-22 15:35:00,CVX,company,-0.742,Other,3.1,0.996,$CVX looks bad 😬 bearish
SN00246,N00246,news,2026-07-22 15:57:00,,market,-0.426,Macroeconomic,6.2,0.957,"Central bank signals higher rates for longer. Investors reacted cautiously, citing uncertainty over near-term outlook."
ST00536,T00536,social,2026-07-22 16:07:00,AAPL,company,0.436,Other,3.0,0.995,$AAPL looking strong today 🚀
ST00537,T00537,social,2026-07-22 16:17:00,GOOGL,company,-0.0,Other,2.0,0.997,watching $GOOGL today
ST00538,T00538,social,2026-07-22 16:22:00,PFE,company,-0.158,Other,3.3,0.99,$PFE breakout incoming?? 🔥 #stocks
ST00539,T00539,social,2026-07-22 16:23:00,KO,company,-0.194,Other,2.0,0.996,$KO volume is low today
ST00540,T00540,social,2026-07-22 17:10:00,,market,0.136,Macroeconomic,6.2,0.988,"inflation print hot, fed won't cut 😬 #Fed"
ST00541,T00541,social,2026-07-22 17:13:00,AAPL,company,-0.055,Merger/Acquisition,5.1,0.991,$AAPL acquisition could be a game changer 👀🔥 🤔
SN00247,N00247,news,2026-07-22 17:47:00,GOOGL,company,-0.679,Product Launch,7.2,0.951,"Alphabet recalls streaming service over safety defect, sending shares lower. Investors reacted cautiously, citing uncertainty over near-term"
ST00542,T00542,social,2026-07-22 17:56:00,XOM,company,-0.003,Other,1.9,0.996,"RT @user_8563: $XOM flat, nothing happening"
SN00248,N00248,news,2026-07-22 18:01:00,AMZN,company,0.786,Product Launch,7.2,0.977,"Amazon unveils new delivery service, early orders exceed expectations in a landmark result. Traders cited improving fundamentals and strong "
SN00249,N00249,news,2026-07-22 18:07:00,WMT,company,0.884,Merger/Acquisition,7.2,0.967,"Walmart to acquire a rival in a $19bn deal expected to boost margins, sparking a strong rally. Traders cited improving fundamentals and stro"
ST00543,T00543,social,2026-07-22 18:11:00,,market,0.139,Macroeconomic,6.2,0.978,"inflation print hot, fed won't cut 😬 #Fed #stocks"
ST00544,T00544,social,2026-07-22 18:20:00,AAPL,company,-0.771,Other,3.1,0.996,$AAPL LOOKS BAD 😬 BEARISH
SN00250,N00250,news,2026-07-22 18:51:00,CVX,company,-0.783,Product Launch,7.2,0.963,"Chevron delays LNG project launch after quality issues in what analysts call a major shock. Investors reacted cautiously, citing uncertainty"
ST00545,T00545,social,2026-07-22 19:34:00,MSFT,company,0.001,Other,1.9,0.996,anyone have thoughts on $MSFT? 📊
ST00546,T00546,social,2026-07-22 19:39:00,GOOGL,company,0.178,Other,1.9,0.996,"$GOOGL flat, nothing happening 🔥"
ST00547,T00547,social,2026-07-22 19:46:00,JNJ,company,-0.152,Other,3.1,0.995,$JNJ BREAKOUT INCOMING?? 🔥
ST00548,T00548,social,2026-07-22 20:08:00,NVDA,company,0.006,Other,2.4,0.993,watching $NVDA today #investing
ST00549,T00549,social,2026-07-22 20:36:00,JNJ,company,-0.772,Other,3.1,0.996,$JNJ LOOKS BAD 😬 BEARISH
ST00550,T00550,social,2026-07-22 20:50:00,GS,company,-0.737,Other,3.6,0.991,$GS looks bad 😬 bearish #stocks
ST00551,T00551,social,2026-07-23 06:12:00,,market,-0.58,Macroeconomic,6.1,0.988,recession signals flashing red 🚨 #macro 👀
ST00552,T00552,social,2026-07-23 06:26:00,CVX,company,-0.639,Earnings,5.2,0.989,"$CVX margins shrinking, earnings were weak"
ST00553,T00553,social,2026-07-23 06:27:00,KO,company,0.807,Regulatory/Legal,4.9,0.991,$KO wins approval 🎉 big relief
SN00251,N00251,news,2026-07-23 06:29:00,AMZN,company,-0.75,Earnings,5.9,0.97,"Amazon misses earnings expectations as margins shrink, sending shares lower. Investors reacted cautiously, citing uncertainty over near-term"
ST00554,T00554,social,2026-07-23 06:49:00,KO,company,-0.519,Other,3.0,0.995,$KO getting hammered rn 📉
ST00555,T00555,social,2026-07-23 07:44:00,XOM,company,-0.055,Merger/Acquisition,5.1,0.99,RT @user_5913: $XOM acquisition could be a game changer 👀🔥
ST00556,T00556,social,2026-07-23 07:59:00,META,company,0.437,Other,3.1,0.995,$META looking strong today 🚀 🤔
ST00557,T00557,social,2026-07-23 08:09:00,WMT,company,-0.003,Other,1.9,0.996,"$WMT flat, nothing happening"
ST00558,T00558,social,2026-07-23 08:38:00,JNJ,company,-0.001,Other,1.9,0.996,anyone have thoughts on $JNJ?
ST00559,T00559,social,2026-07-23 08:43:00,META,company,0.69,Credit Event,5.3,0.98,"$META CREDIT UPGRADE, BALANCE SHEET LOOKING HEALTHIER ✅ #INVESTING 🔥"
SN00252,N00252,news,2026-07-23 09:12:00,,market,-0.898,Geopolitical,8.3,0.948,"Tariffs on imports from the South China Sea spark fears of a trade war, triggering a sharp selloff. Analysts flagged downside risks and trim"
ST00560,T00560,social,2026-07-23 09:22:00,JPM,company,-0.742,Other,3.1,0.996,$JPM looks bad 😬 bearish
ST00561,T00561,social,2026-07-23 09:38:00,AAPL,company,-0.193,Other,2.0,0.996,$AAPL volume is low today
ST00562,T00562,social,2026-07-23 09:45:00,,market,-0.826,Geopolitical,6.3,0.979,"war escalating, markets gonna bleed 😰 #markets #trading"
ST00563,T00563,social,2026-07-23 09:49:00,BAC,company,0.668,Other,3.0,0.994,"$BAC crushing it, bullish 💬"
ST00564,T00564,social,2026-07-23 09:58:00,META,company,-0.51,Other,3.1,0.987,$META getting hammered rn 📉 #markets
SN00253,N00253,news,2026-07-23 10:35:00,CVX,company,-0.733,Earnings,5.2,0.979,"Chevron misses earnings expectations as margins shrink. Investors reacted cautiously, citing uncertainty over near-term outlook."
SN00254,N00254,news,2026-07-23 10:37:00,CVX,company,-0.856,Regulatory/Legal,8.8,0.931,Chevron faces new government investigation into its practices in what analysts call a major shock. Analysts flagged downside risks and trimm
ST00565,T00565,social,2026-07-23 11:09:00,JNJ,company,-0.519,Other,3.0,0.995,$JNJ getting hammered rn 📉 📊
ST00566,T00566,social,2026-07-23 11:34:00,AMZN,company,-0.743,Other,3.1,0.996,$AMZN looks bad 😬 bearish
ST00567,T00567,social,2026-07-23 11:53:00,GS,company,-0.001,Other,1.9,0.996,anyone have thoughts on $GS?
SN00255,N00255,news,2026-07-23 12:39:00,BAC,company,0.699,Earnings,5.2,0.981,"Bank of America beats quarterly earnings estimates as revenue climbs 13.4%. Investors responded positively, with analysts raising price targ"
ST00568,T00568,social,2026-07-23 12:47:00,GOOGL,company,-0.539,Credit Event,4.9,0.968,"$GOOGL downgraded, spreads widening ⚠️ #credit #investing"
SN00256,N00256,news,2026-07-23 12:57:00,WMT,company,-0.003,Earnings,2.1,0.962,Walmart earnings come in line with analyst expectations. The development was largely expected by market participants.
ST00569,T00569,social,2026-07-23 13:11:00,AMZN,company,0.683,Credit Event,4.9,0.981,"$AMZN credit upgrade, balance sheet looking healthier ✅ #investing 📊"
ST00570,T00570,social,2026-07-23 13:34:00,,market,-0.58,Macroeconomic,6.1,0.988,recession signals flashing red 🚨 #macro
ST00571,T00571,social,2026-07-23 13:50:00,GS,company,-0.188,Other,2.0,0.994,$GS volume is low today #stocks
ST00572,T00572,social,2026-07-23 13:55:00,GOOGL,company,0.412,Other,3.0,0.991,$GOOGL looking strong today 🚀 #stocks
SN00257,N00257,news,2026-07-23 14:01:00,GS,company,0.837,Credit Event,5.9,0.956,"S&P-style agency upgrades Goldman Sachs to BBB+ on improving leverage, lifting shares. Investors responded positively, with analysts raising"
ST00573,T00573,social,2026-07-23 14:08:00,META,company,0.509,Merger/Acquisition,3.1,0.994,"bought more $META on the dip, feeling good 📈"
SN00258,N00258,news,2026-07-23 14:12:00,BAC,company,0.645,Regulatory/Legal,3.7,0.966,"Bank of America settles lawsuit on favourable terms, lifting shares. Investors responded positively, with analysts raising price targets."
ST00574,T00574,social,2026-07-23 14:14:00,GOOGL,company,-0.35,Other,3.1,0.993,"sold my $GOOGL, not liking this #trading"
ST00575,T00575,social,2026-07-23 14:21:00,META,company,-0.15,Other,3.1,0.996,$META breakout incoming?? 🔥 👀
ST00576,T00576,social,2026-07-23 14:26:00,CVX,company,-0.001,Other,1.9,0.996,anyone have thoughts on $CVX?
SN00259,N00259,news,2026-07-23 14:38:00,,market,-0.796,Macroeconomic,8.2,0.921,GDP contracts by 5.0% in surprise slowdown. Analysts flagged downside risks and trimmed their estimates.
SN00260,N00260,news,2026-07-23 14:48:00,BAC,company,-0.002,Merger/Acquisition,2.2,0.954,Bank of America confirms it is in talks over a possible acquisition. The development was largely expected by market participants.
SN00261,N00261,news,2026-07-23 14:59:00,,market,0.009,Macroeconomic,2.5,0.941,Central bank minutes due for release on Wednesday. Analysts said it was too early to assess any lasting impact.
ST00577,T00577,social,2026-07-23 15:09:00,NVDA,company,-0.002,Other,1.9,0.996,RT @user_6422: watching $NVDA today
SN00262,N00262,news,2026-07-23 15:26:00,GS,company,-0.841,Credit Event,7.5,0.934,"Goldman Sachs raises loan loss provisions by 4.1% as defaults rise, triggering a sharp selloff. Investors reacted cautiously, citing uncerta"
ST00578,T00578,social,2026-07-23 16:15:00,GOOGL,company,-0.002,Other,2.0,0.997,watching $GOOGL today
SN00263,N00263,news,2026-07-23 16:47:00,,market,0.749,Geopolitical,4.8,0.946,"Trade agreement signed with partners in the Middle East cheers markets. Investors responded positively, with analysts raising price targets."
ST00579,T00579,social,2026-07-23 17:15:00,GOOGL,company,-0.743,Other,3.1,0.996,$GOOGL looks bad 😬 bearish
ST00580,T00580,social,2026-07-23 17:18:00,XOM,company,-0.193,Other,2.0,0.996,$XOM volume is low today
ST00581,T00581,social,2026-07-23 17:29:00,BAC,company,-0.001,Other,1.9,0.996,anyone have thoughts on $BAC?
SN00264,N00264,news,2026-07-23 17:35:00,JNJ,company,-0.007,Product Launch,2.1,0.927,Johnson & Johnson announces date for its next diagnostic test event. The development was largely expected by market participants.
SN00265,N00265,news,2026-07-23 17:42:00,,market,-0.915,Geopolitical,9.1,0.908,"Escalating conflict in North Africa rattles global markets, triggering a sharp selloff. Analysts flagged downside risks and trimmed their es"
ST00582,T00582,social,2026-07-23 18:29:00,XOM,company,0.437,Other,3.0,0.994,$XOM looking strong today 🚀
ST00583,T00583,social,2026-07-23 19:31:00,GOOGL,company,-0.736,Other,3.1,0.989,$GOOGL looks bad 😬 bearish #markets
SN00266,N00266,news,2026-07-23 19:45:00,BAC,company,0.783,Regulatory/Legal,4.6,0.963,Bank of America wins regulatory approval for its digital banking app. Traders cited improving fundamentals and strong momentum.
ST00584,T00584,social,2026-07-23 20:26:00,META,company,-0.587,Other,2.9,0.995,$META GETTING HAMMERED RN 📉
ST00585,T00585,social,2026-07-23 20:27:00,CVX,company,-0.002,Other,2.0,0.996,"RT @user_8272: $CVX flat, nothing happening"
ST00586,T00586,social,2026-07-23 20:32:00,AMZN,company,-0.054,Merger/Acquisition,5.1,0.99,$AMZN acquisition could be a game changer 👀🔥
ST00587,T00587,social,2026-07-23 20:40:00,XOM,company,0.509,Merger/Acquisition,3.1,0.994,"bought more $XOM on the dip, feeling good 📈"
ST00588,T00588,social,2026-07-23 20:50:00,META,company,-0.001,Other,1.9,0.996,anyone have thoughts on $META?
ST00589,T00589,social,2026-07-24 06:03:00,XOM,company,0.696,Credit Event,5.2,0.99,"$XOM credit upgrade, balance sheet looking healthier ✅ 📊"
ST00590,T00590,social,2026-07-24 06:14:00,CVX,company,-0.573,Other,2.6,0.99,RT @user_2435: $CVX GETTING HAMMERED RN 📉 #INVESTING
ST00591,T00591,social,2026-07-24 06:21:00,CVX,company,-0.347,Other,2.8,0.995,"sold my $CVX, not liking this"
SN00267,N00267,news,2026-07-24 06:26:00,MSFT,company,0.656,Product Launch,3.4,0.958,"Microsoft launches AI chip to strong reviews. Investors responded positively, with analysts raising price targets."
ST00592,T00592,social,2026-07-24 06:31:00,CVX,company,-0.743,Other,3.1,0.996,$CVX looks bad 😬 bearish
ST00593,T00593,social,2026-07-24 07:06:00,XOM,company,0.524,Other,3.0,0.995,$XOM LOOKING STRONG TODAY 🚀
SN00268,N00268,news,2026-07-24 07:36:00,WMT,company,0.203,Credit Event,2.1,0.923,Moody's-style agency affirms Walmart at BB+ with a stable outlook. The development was largely expected by market participants.
ST00594,T00594,social,2026-07-24 07:40:00,META,company,-0.054,Merger/Acquisition,5.1,0.99,$META acquisition could be a game changer 👀🔥
SN00269,N00269,news,2026-07-24 08:20:00,BAC,company,0.343,Product Launch,2.4,0.965,Bank of America announces date for its next wealth platform event. Analysts said it was too early to assess any lasting impact.
SN00270,N00270,news,2026-07-24 08:30:00,,market,-0.876,Macroeconomic,10.0,0.886,"GDP contracts by 2.0% in surprise slowdown in what analysts call a major shock. Investors reacted cautiously, citing uncertainty over near-t"
ST00595,T00595,social,2026-07-24 08:32:00,MSFT,company,-0.742,Other,3.1,0.996,$MSFT looks bad 😬 bearish
ST00596,T00596,social,2026-07-24 08:38:00,NVDA,company,0.0,Other,2.0,0.997,watching $NVDA today
ST00597,T00597,social,2026-07-24 08:41:00,MSFT,company,-0.742,Other,3.1,0.996,$MSFT looks bad 😬 bearish
ST00598,T00598,social,2026-07-24 08:51:00,PFE,company,0.074,Product Launch,5.2,0.991,RT @user_2862: $PFE new launch looks 🔥 early demand is huge
ST00599,T00599,social,2026-07-24 08:55:00,WMT,company,-0.548,Credit Event,5.1,0.985,"$WMT downgraded, spreads widening ⚠️ #credit"
ST00600,T00600,social,2026-07-24 09:03:00,XOM,company,-0.79,Earnings,5.3,0.986,$XOM missed earnings and cut guide... brutal 📉
ST00601,T00601,social,2026-07-24 09:26:00,JPM,company,-0.659,Other,3.0,0.995,ugh $JPM again... down bad
ST00602,T00602,social,2026-07-24 10:11:00,KO,company,0.635,Merger/Acquisition,3.1,0.994,"BOUGHT MORE $KO ON THE DIP, FEELING GOOD 📈"
ST00603,T00603,social,2026-07-24 10:12:00,MSFT,company,0.414,Other,2.9,0.992,RT @user_1325: $MSFT looking strong today 🚀 #investing
SN00271,N00271,news,2026-07-24 10:20:00,AMZN,company,-0.552,Merger/Acquisition,4.9,0.924,"Amazon walks away from $34bn takeover talks, sending shares lower. Investors reacted cautiously, citing uncertainty over near-term outlook."
ST00604,T00604,social,2026-07-24 10:35:00,GS,company,0.436,Other,3.0,0.995,$GS looking strong today 🚀
SN00272,N00272,news,2026-07-24 11:09:00,JNJ,company,-0.825,Product Launch,6.2,0.964,"Johnson & Johnson delays vaccine launch after quality issues, triggering a sharp selloff. Analysts flagged downside risks and trimmed their "
ST00605,T00605,social,2026-07-24 11:27:00,,market,-0.78,Geopolitical,6.5,0.979,sanctions + tariffs = chaos for stocks 📉 #geopolitics
SN00273,N00273,news,2026-07-24 11:28:00,CVX,company,-0.875,Product Launch,8.1,0.964,"Chevron recalls offshore field over safety defect, triggering a sharp selloff. Analysts flagged downside risks and trimmed their estimates."
ST00606,T00606,social,2026-07-24 11:30:00,AMZN,company,-0.584,Product Launch,5.1,0.964,"RT @user_4407: $AMZN delaying the launch again, not good #stocks"
ST00607,T00607,social,2026-07-24 12:07:00,BAC,company,0.069,Product Launch,5.0,0.991,$BAC new launch looks 🔥 early demand is huge
ST00608,T00608,social,2026-07-24 12:11:00,JPM,company,-0.189,Other,2.1,0.994,$JPM volume is low today #stocks
ST00609,T00609,social,2026-07-24 12:20:00,,market,-0.545,Macroeconomic,5.5,0.973,recession signals flashing red 🚨 #macro #trading
SN00274,N00274,news,2026-07-24 12:24:00,JPM,company,-0.517,Regulatory/Legal,6.3,0.967,"JPMorgan Chase hit with $400m fine by regulators. Investors reacted cautiously, citing uncertainty over near-term outlook."
ST00610,T00610,social,2026-07-24 12:32:00,NVDA,company,0.668,Other,3.0,0.994,"$NVDA crushing it, bullish 📊"
SN00275,N00275,news,2026-07-24 12:43:00,CVX,company,-0.734,Credit Event,6.3,0.946,"Chevron raises loan loss provisions by 4.0% as defaults rise. Investors reacted cautiously, citing uncertainty over near-term outlook."
ST00611,T00611,social,2026-07-24 13:01:00,AAPL,company,-0.193,Other,2.0,0.996,$AAPL volume is low today
SN00276,N00276,news,2026-07-24 13:18:00,CVX,company,-0.442,Earnings,6.0,0.974,"Chevron reports revenue decline of 7.7% year over year, sending shares lower. Investors reacted cautiously, citing uncertainty over near-ter"
SN00277,N00277,news,2026-07-24 13:22:00,PFE,company,-0.718,Earnings,6.8,0.964,"Pfizer reports revenue decline of 6.5% year over year, triggering a sharp selloff. Investors reacted cautiously, citing uncertainty over nea"
ST00612,T00612,social,2026-07-24 13:35:00,NVDA,company,0.435,Other,3.0,0.995,$NVDA looking strong today 🚀
ST00613,T00613,social,2026-07-24 13:45:00,GOOGL,company,-0.623,Credit Event,5.4,0.984,"$GOOGL DOWNGRADED, SPREADS WIDENING ⚠️ #CREDIT"
ST00614,T00614,social,2026-07-24 14:24:00,WMT,company,-0.517,Other,2.9,0.995,$WMT getting hammered rn 📉
SN00278,N00278,news,2026-07-24 14:52:00,GOOGL,company,-0.728,Regulatory/Legal,6.1,0.962,Alphabet faces new government investigation into its practices. Analysts flagged downside risks and trimmed their estimates.
SN00279,N00279,news,2026-07-24 14:57:00,AMZN,company,-0.795,Merger/Acquisition,5.1,0.975,"Amazon overpays for acquisition, analysts warn of dilution. Analysts flagged downside risks and trimmed their estimates."
ST00615,T00615,social,2026-07-24 15:24:00,KO,company,-0.742,Other,3.1,0.996,$KO looks bad 😬 bearish
ST00616,T00616,social,2026-07-24 15:55:00,WMT,company,-0.425,Other,2.7,0.994,"SOLD MY $WMT, NOT LIKING THIS"
ST00617,T00617,social,2026-07-24 15:58:00,MSFT,company,-0.005,Other,2.0,0.988,anyone have thoughts on $MSFT? #markets
ST00618,T00618,social,2026-07-24 16:13:00,,market,-0.806,Geopolitical,5.7,0.979,"war escalating, markets gonna bleed 😰 #markets #stocks 🤔"
ST00619,T00619,social,2026-07-24 16:21:00,AAPL,company,-0.658,Regulatory/Legal,4.4,0.985,"$AAPL under investigation, this could get ugly"
ST00620,T00620,social,2026-07-24 16:28:00,JNJ,company,0.435,Other,3.0,0.995,$JNJ looking strong today 🚀
SN00280,N00280,news,2026-07-24 16:51:00,WMT,company,-0.862,Credit Event,8.9,0.929,"Walmart bond spreads widen on liquidity concerns in what analysts call a major shock. Investors reacted cautiously, citing uncertainty over "
ST00621,T00621,social,2026-07-24 16:51:00,,market,-0.58,Macroeconomic,6.1,0.988,RT @user_6608: recession signals flashing red 🚨 #macro
ST00622,T00622,social,2026-07-24 17:06:00,KO,company,0.807,Regulatory/Legal,4.9,0.991,$KO wins approval 🎉 big relief
SN00281,N00281,news,2026-07-24 18:06:00,MSFT,company,0.85,Merger/Acquisition,7.8,0.969,Microsoft to acquire a rival in a $8bn deal expected to boost margins in a landmark result. Traders cited improving fundamentals and strong 
ST00623,T00623,social,2026-07-24 18:25:00,GOOGL,company,-0.723,Earnings,5.4,0.988,"$GOOGL margins shrinking, earnings were weak 🔥"
SN00282,N00282,news,2026-07-24 18:47:00,BAC,company,0.827,Merger/Acquisition,6.0,0.957,"Bank of America to acquire a rival in a $33bn deal expected to boost margins, lifting shares. Traders cited improving fundamentals and stron"
ST00624,T00624,social,2026-07-24 18:47:00,GS,company,-0.651,Other,2.9,0.992,RT @user_8677: ugh $GS again... down bad #investing
SN00283,N00283,news,2026-07-24 18:52:00,META,company,0.879,Regulatory/Legal,6.2,0.956,"Meta Platforms wins regulatory approval for its ad platform, sparking a strong rally. Traders cited improving fundamentals and strong moment"
SN00284,N00284,news,2026-07-24 18:57:00,CVX,company,-0.631,Regulatory/Legal,5.1,0.971,"Chevron loses court ruling, appeal expected. Investors reacted cautiously, citing uncertainty over near-term outlook."
SN00285,N00285,news,2026-07-24 19:07:00,GS,company,-0.773,Merger/Acquisition,4.8,0.969,"Goldman Sachs overpays for acquisition, analysts warn of dilution. Investors reacted cautiously, citing uncertainty over near-term outlook."
ST00625,T00625,social,2026-07-24 19:09:00,KO,company,-0.3,Other,1.9,0.994,$KO VOLUME IS LOW TODAY #STOCKS
ST00626,T00626,social,2026-07-24 19:19:00,,market,0.465,Macroeconomic,5.4,0.964,"jobs data strong, soft landing vibes ✅ #macro #trading"
ST00627,T00627,social,2026-07-24 19:39:00,AAPL,company,-0.548,Credit Event,5.1,0.987,"$AAPL downgraded, spreads widening ⚠️ #credit"
ST00628,T00628,social,2026-07-24 19:45:00,PFE,company,-0.147,Other,3.2,0.996,$PFE breakout incoming?? 🔥
SN00286,N00286,news,2026-07-24 20:06:00,GS,company,0.914,Earnings,7.7,0.966,"Goldman Sachs posts record profit, with earnings per share ahead of consensus, sparking a strong rally. Traders cited improving fundamentals"
ST00629,T00629,social,2026-07-24 20:15:00,,market,-0.839,Geopolitical,6.2,0.987,"war escalating, markets gonna bleed 😰 #markets"
SN00287,N00287,news,2026-07-24 20:29:00,AAPL,company,-0.784,Product Launch,7.2,0.962,"Apple delays AI chip launch after quality issues in what analysts call a major shock. Investors reacted cautiously, citing uncertainty over "
ST00630,T00630,social,2026-07-24 20:37:00,AMZN,company,-0.79,Earnings,5.3,0.986,$AMZN missed earnings and cut guide... brutal 📉
ST00631,T00631,social,2026-07-24 20:43:00,KO,company,0.509,Merger/Acquisition,3.1,0.993,"bought more $KO on the dip, feeling good 📈"
ST00632,T00632,social,2026-07-24 20:59:00,GS,company,-0.002,Other,1.9,0.996,WATCHING $GS TODAY 🤔
ST00633,T00633,social,2026-07-27 06:02:00,NVDA,company,0.808,Regulatory/Legal,5.1,0.992,$NVDA wins approval 🎉 big relief
ST00634,T00634,social,2026-07-27 06:09:00,GOOGL,company,0.782,Regulatory/Legal,4.5,0.98,RT @user_4656: $GOOGL wins approval 🎉 big relief #stocks 🤔
ST00635,T00635,social,2026-07-27 06:27:00,JPM,company,-0.195,Other,1.9,0.996,$JPM volume is low today
SN00288,N00288,news,2026-07-27 06:40:00,GS,company,-0.869,Earnings,7.7,0.967,Goldman Sachs misses earnings expectations as margins shrink in what analysts call a major shock. Analysts flagged downside risks and trimme
ST00636,T00636,social,2026-07-27 07:23:00,GS,company,0.509,Merger/Acquisition,3.1,0.994,"bought more $GS on the dip, feeling good 📈"
ST00637,T00637,social,2026-07-27 07:24:00,,market,0.14,Macroeconomic,6.1,0.986,"inflation print hot, fed won't cut 😬 #Fed 📊"
SN00289,N00289,news,2026-07-27 07:32:00,GS,company,0.909,Earnings,7.8,0.975,"Goldman Sachs posts record profit, with earnings per share ahead of consensus, sparking a strong rally. Traders cited improving fundamentals"
ST00638,T00638,social,2026-07-27 07:46:00,KO,company,0.668,Other,3.0,0.994,"$KO crushing it, bullish"
ST00639,T00639,social,2026-07-27 07:58:00,GS,company,0.553,Earnings,5.6,0.986,$GS earnings beat!! EPS way above estimates 🚀
ST00640,T00640,social,2026-07-27 08:56:00,JNJ,company,-0.001,Other,2.0,0.996,"$JNJ flat, nothing happening"
ST00641,T00641,social,2026-07-27 08:56:00,PFE,company,-0.001,Other,1.9,0.996,anyone have thoughts on $PFE? 🤔
ST00642,T00642,social,2026-07-27 09:06:00,,market,-0.817,Geopolitical,6.5,0.972,"war escalating, markets gonna bleed 😰 #markets #trading 📊"
ST00643,T00643,social,2026-07-27 09:09:00,BAC,company,0.001,Other,1.9,0.996,RT @user_7631: anyone have thoughts on $BAC?
ST00644,T00644,social,2026-07-27 09:10:00,,market,-0.822,Geopolitical,6.0,0.98,"war escalating, markets gonna bleed 😰 #markets #markets"
ST00645,T00645,social,2026-07-27 09:41:00,MSFT,company,-0.659,Other,3.0,0.995,ugh $MSFT again... down bad
ST00646,T00646,social,2026-07-27 09:45:00,AMZN,company,-0.515,Other,2.9,0.995,$AMZN getting hammered rn 📉
ST00647,T00647,social,2026-07-27 09:58:00,WMT,company,0.806,Regulatory/Legal,4.9,0.993,$WMT wins approval 🎉 big relief
ST00648,T00648,social,2026-07-27 11:00:00,KO,company,0.624,Merger/Acquisition,3.1,0.992,"BOUGHT MORE $KO ON THE DIP, FEELING GOOD 📈 #STOCKS"
ST00649,T00649,social,2026-07-27 11:36:00,PFE,company,-0.001,Other,2.0,0.996,anyone have thoughts on $PFE?
ST00650,T00650,social,2026-07-27 11:40:00,JPM,company,-0.756,Product Launch,5.2,0.987,"$JPM product recall, yikes 😬"
SN00290,N00290,news,2026-07-27 11:44:00,AAPL,company,-0.753,Earnings,6.1,0.977,"Apple misses earnings expectations as margins shrink, sending shares lower. Investors reacted cautiously, citing uncertainty over near-term "
ST00651,T00651,social,2026-07-27 12:19:00,,market,-0.837,Geopolitical,6.2,0.985,"war escalating, markets gonna bleed 😰 #markets"
SN00291,N00291,news,2026-07-27 12:21:00,WMT,company,-0.845,Credit Event,7.7,0.95,"Walmart bond spreads widen on liquidity concerns, triggering a sharp selloff. Investors reacted cautiously, citing uncertainty over near-ter"
ST00652,T00652,social,2026-07-27 12:22:00,NVDA,company,0.668,Other,3.1,0.994,"$NVDA crushing it, bullish"
ST00653,T00653,social,2026-07-27 12:25:00,,market,0.133,Macroeconomic,6.4,0.988,"RT @user_7383: inflation print hot, fed won't cut 😬 #Fed"
ST00654,T00654,social,2026-07-27 12:43:00,AMZN,company,-0.348,Other,2.8,0.994,"sold my $AMZN, not liking this"
ST00655,T00655,social,2026-07-27 12:49:00,WMT,company,0.178,Other,1.9,0.996,"$WMT flat, nothing happening 🔥"
SN00292,N00292,news,2026-07-27 13:08:00,XOM,company,0.8,Regulatory/Legal,4.2,0.971,Exxon Mobil wins regulatory approval for its renewables unit. Traders cited improving fundamentals and strong momentum.
ST00656,T00656,social,2026-07-27 13:12:00,JPM,company,-0.47,Merger/Acquisition,5.0,0.983,$JPM overpaying for this acquisition imo
ST00657,T00657,social,2026-07-27 13:28:00,META,company,-0.659,Other,3.0,0.995,ugh $META again... down bad
SN00293,N00293,news,2026-07-27 13:30:00,XOM,company,0.763,Product Launch,5.9,0.929,"Exxon Mobil launches offshore field to strong reviews in a landmark result. Investors responded positively, with analysts raising price targ"
ST00658,T00658,social,2026-07-27 13:33:00,WMT,company,-0.759,Product Launch,5.2,0.986,"$WMT product recall, yikes 😬"
ST00659,T00659,social,2026-07-27 13:41:00,AAPL,company,-0.194,Other,1.9,0.995,$AAPL volume is low today 📊
ST00660,T00660,social,2026-07-27 13:57:00,XOM,company,-0.007,Other,2.0,0.991,"$XOM flat, nothing happening #trading 📊"
ST00661,T00661,social,2026-07-27 14:43:00,,market,-0.545,Macroeconomic,5.5,0.973,recession signals flashing red 🚨 #macro #trading
SN00294,N00294,news,2026-07-27 14:46:00,GS,company,-0.901,Earnings,8.8,0.964,Goldman Sachs cuts full-year outlook citing weak demand in what analysts call a major shock. Analysts flagged downside risks and trimmed the
SN00295,N00295,news,2026-07-27 14:53:00,BAC,company,0.504,Regulatory/Legal,3.1,0.979,Bank of America settles lawsuit on favourable terms. Traders cited improving fundamentals and strong momentum.
SN00296,N00296,news,2026-07-27 14:55:00,PFE,company,-0.766,Earnings,4.8,0.982,Pfizer misses earnings expectations as margins shrink. Analysts flagged downside risks and trimmed their estimates.
ST00662,T00662,social,2026-07-27 15:02:00,NVDA,company,0.675,Credit Event,4.9,0.982,"$NVDA credit upgrade, balance sheet looking healthier ✅ #stocks"
ST00663,T00663,social,2026-07-27 15:17:00,,market,0.136,Macroeconomic,6.2,0.988,"inflation print hot, fed won't cut 😬 #Fed"
ST00664,T00664,social,2026-07-27 15:33:00,JNJ,company,0.179,Other,2.0,0.996,"$JNJ flat, nothing happening 🔥"
ST00665,T00665,social,2026-07-27 15:35:00,AMZN,company,-0.653,Regulatory/Legal,4.4,0.984,"$AMZN under investigation, this could get ugly"
ST00666,T00666,social,2026-07-27 16:31:00,AAPL,company,-0.755,Other,3.0,0.989,$AAPL LOOKS BAD 😬 BEARISH #INVESTING
SN00297,N00297,news,2026-07-27 16:40:00,,market,-0.842,Geopolitical,7.0,0.95,Tariffs on imports from the Middle East spark fears of a trade war. Analysts flagged downside risks and trimmed their estimates.
ST00667,T00667,social,2026-07-27 16:43:00,AMZN,company,-0.758,Product Launch,5.2,0.989,"$AMZN product recall, yikes 😬"
ST00668,T00668,social,2026-07-27 16:47:00,CVX,company,-0.517,Other,2.9,0.995,$CVX getting hammered rn 📉
ST00669,T00669,social,2026-07-27 16:52:00,PFE,company,0.509,Merger/Acquisition,3.1,0.994,"bought more $PFE on the dip, feeling good 📈"
SN00298,N00298,news,2026-07-27 17:10:00,BAC,company,0.827,Merger/Acquisition,7.3,0.965,"Bank of America completes acquisition ahead of schedule, synergies seen in a landmark result. Traders cited improving fundamentals and stron"
ST00670,T00670,social,2026-07-27 17:20:00,,market,0.19,Macroeconomic,6.6,0.986,"INFLATION PRINT HOT, FED WON'T CUT 😬 #FED 🤔"
ST00671,T00671,social,2026-07-27 17:27:00,AMZN,company,0.003,Other,1.9,0.993,RT @user_3648: watching $AMZN today #trading
SN00299,N00299,news,2026-07-27 17:31:00,JNJ,company,-0.736,Earnings,5.2,0.979,"Johnson & Johnson misses earnings expectations as margins shrink. Investors reacted cautiously, citing uncertainty over near-term outlook."
ST00672,T00672,social,2026-07-27 17:35:00,META,company,-0.56,Merger/Acquisition,4.9,0.985,$META OVERPAYING FOR THIS ACQUISITION IMO
ST00673,T00673,social,2026-07-27 18:00:00,CVX,company,-0.518,Other,3.2,0.988,$CVX getting hammered rn 📉 #markets
ST00675,T00675,social,2026-07-27 18:15:00,,market,0.134,Macroeconomic,6.3,0.981,"inflation print hot, fed won't cut 😬 #Fed #trading"
ST00674,T00674,social,2026-07-27 18:15:00,KO,company,-0.606,Product Launch,5.2,0.983,"$KO delaying the launch again, not good"
ST00676,T00676,social,2026-07-27 18:16:00,AAPL,company,0.668,Other,3.0,0.994,"$AAPL crushing it, bullish"
ST00677,T00677,social,2026-07-27 18:23:00,WMT,company,-0.348,Other,2.8,0.995,"sold my $WMT, not liking this"
ST00678,T00678,social,2026-07-27 19:05:00,CVX,company,-0.656,Other,3.2,0.992,ugh $CVX again... down bad #investing
ST00679,T00679,social,2026-07-27 19:16:00,JNJ,company,-0.062,Merger/Acquisition,4.9,0.986,$JNJ acquisition could be a game changer 👀🔥 #investing
ST00680,T00680,social,2026-07-27 19:25:00,CVX,company,-0.574,Credit Event,5.4,0.983,"$CVX debt worries growing, bonds selling off"
ST00681,T00681,social,2026-07-27 19:46:00,AAPL,company,-0.603,Product Launch,5.3,0.981,"$AAPL delaying the launch again, not good"
ST00682,T00682,social,2026-07-27 19:52:00,GOOGL,company,-0.72,Other,3.0,0.995,UGH $GOOGL AGAIN... DOWN BAD
ST00683,T00683,social,2026-07-27 19:57:00,XOM,company,-0.776,Earnings,5.3,0.975,$XOM missed earnings and cut guide... brutal 📉 #trading
ST00684,T00684,social,2026-07-27 20:27:00,JNJ,company,-0.767,Earnings,5.2,0.976,$JNJ missed earnings and cut guide... brutal 📉 #trading
ST00685,T00685,social,2026-07-27 20:32:00,WMT,company,0.51,Merger/Acquisition,3.1,0.994,"RT @user_3523: bought more $WMT on the dip, feeling good 📈 📊"
SN00300,N00300,news,2026-07-27 20:36:00,WMT,company,-0.654,Merger/Acquisition,4.9,0.945,"Walmart walks away from $29bn takeover talks, sending shares lower. Analysts flagged downside risks and trimmed their estimates."
ST00686,T00686,social,2026-07-27 20:45:00,JPM,company,-0.004,Other,2.1,0.991,anyone have thoughts on $JPM? #investing 🤔
ST00687,T00687,social,2026-07-27 20:48:00,MSFT,company,-0.468,Merger/Acquisition,4.9,0.976,$MSFT overpaying for this acquisition imo #trading
ST00688,T00688,social,2026-07-28 06:11:00,PFE,company,-0.559,Other,2.7,0.994,"sold my $PFE, not liking this 🔥"
ST00689,T00689,social,2026-07-28 06:17:00,MSFT,company,-0.646,Other,2.9,0.991,ugh $MSFT again... down bad #trading
ST00690,T00690,social,2026-07-28 06:26:00,,market,0.521,Macroeconomic,6.0,0.978,"cpi cooled, rate cuts soon? 📈 #Fed 💬"
ST00691,T00691,social,2026-07-28 06:38:00,GOOGL,company,-0.603,Product Launch,5.1,0.984,"$GOOGL delaying the launch again, not good"
ST00692,T00692,social,2026-07-28 06:49:00,,market,0.154,Macroeconomic,6.1,0.979,"inflation print hot, fed won't cut 😬 #Fed #investing 🤔"
SN00301,N00301,news,2026-07-28 07:24:00,KO,company,0.879,Merger/Acquisition,7.2,0.955,"Coca-Cola to acquire a rival in a $36bn deal expected to boost margins, sparking a strong rally. Traders cited improving fundamentals and st"
ST00693,T00693,social,2026-07-28 07:46:00,BAC,company,0.058,Product Launch,5.4,0.982,$BAC new launch looks 🔥 early demand is huge #trading
ST00694,T00694,social,2026-07-28 07:50:00,AMZN,company,-0.544,Credit Event,4.9,0.985,"$AMZN downgraded, spreads widening ⚠️ #credit"
ST00695,T00695,social,2026-07-28 07:51:00,CVX,company,-0.519,Other,3.0,0.995,RT @user_4262: $CVX getting hammered rn 📉
ST00696,T00696,social,2026-07-28 07:54:00,AMZN,company,-0.57,Merger/Acquisition,5.2,0.985,"$AMZN merger facing antitrust heat, deal at risk"
ST00697,T00697,social,2026-07-28 08:58:00,NVDA,company,0.006,Other,1.9,0.994,watching $NVDA today #trading
ST00698,T00698,social,2026-07-28 09:02:00,JNJ,company,0.181,Earnings,5.4,0.978,"$JNJ smashing guidance, loading up 📈"
ST00699,T00699,social,2026-07-28 09:04:00,CVX,company,-0.0,Other,2.0,0.997,watching $CVX today
SN00302,N00302,news,2026-07-28 09:10:00,,market,-0.597,Geopolitical,7.8,0.917,"New sanctions disrupt energy supply chains linked to Eastern Europe, sending shares lower. Investors reacted cautiously, citing uncertainty "
ST00700,T00700,social,2026-07-28 09:20:00,,market,0.139,Macroeconomic,6.2,0.978,"inflation print hot, fed won't cut 😬 #Fed #stocks"
SN00303,N00303,news,2026-07-28 09:31:00,PFE,company,0.832,Earnings,5.7,0.977,"Pfizer raises full-year guidance after a strong quarter, lifting shares. Investors responded positively, with analysts raising price targets"
ST00701,T00701,social,2026-07-28 09:31:00,MSFT,company,-0.726,Regulatory/Legal,4.5,0.973,"$MSFT UNDER INVESTIGATION, THIS COULD GET UGLY #TRADING"
ST00702,T00702,social,2026-07-28 09:32:00,CVX,company,-0.537,Regulatory/Legal,5.5,0.983,"$CVX fined again, regulators not messing around 💬"
ST00703,T00703,social,2026-07-28 09:34:00,CVX,company,-0.518,Other,2.9,0.995,$CVX getting hammered rn 📉 🤔
ST00704,T00704,social,2026-07-28 10:07:00,BAC,company,-0.001,Other,2.0,0.996,"$BAC flat, nothing happening"
ST00705,T00705,social,2026-07-28 10:08:00,AMZN,company,-0.429,Other,2.9,0.993,"SOLD MY $AMZN, NOT LIKING THIS #TRADING 🤔"
ST00706,T00706,social,2026-07-28 10:23:00,META,company,0.076,Product Launch,5.2,0.991,$META new launch looks 🔥 early demand is huge
ST00707,T00707,social,2026-07-28 10:27:00,,market,-0.839,Geopolitical,6.4,0.984,"war escalating, markets gonna bleed 😰 #markets"
ST00708,T00708,social,2026-07-28 10:29:00,AAPL,company,-0.77,Other,3.1,0.996,$AAPL looks bad 😬 bearish 🔥
SN00304,N00304,news,2026-07-28 10:32:00,,market,-0.866,Macroeconomic,10.0,0.842,"GDP contracts by 13.1% in surprise slowdown in what analysts call a major shock. Investors reacted cautiously, citing uncertainty over near-"
SN00305,N00305,news,2026-07-28 10:50:00,MSFT,company,0.784,Merger/Acquisition,7.3,0.957,"Microsoft completes acquisition ahead of schedule, synergies seen in a landmark result. Investors responded positively, with analysts raisin"
ST00709,T00709,social,2026-07-28 10:53:00,,market,-0.574,Macroeconomic,5.9,0.986,RT @user_6612: recession signals flashing red 🚨 #macro
ST00710,T00710,social,2026-07-28 10:59:00,GS,company,0.003,Other,1.9,0.993,watching $GS today #investing
SN00306,N00306,news,2026-07-28 11:07:00,CVX,company,-0.728,Regulatory/Legal,6.1,0.962,Chevron faces new government investigation into its practices. Analysts flagged downside risks and trimmed their estimates.
SN00307,N00307,news,2026-07-28 11:41:00,AAPL,company,-0.75,Earnings,5.9,0.97,"Apple misses earnings expectations as margins shrink, sending shares lower. Investors reacted cautiously, citing uncertainty over near-term "
ST00711,T00711,social,2026-07-28 11:46:00,,market,-0.835,Geopolitical,6.0,0.988,"war escalating, markets gonna bleed 😰 #markets"
ST00712,T00712,social,2026-07-28 11:52:00,,market,0.488,Macroeconomic,6.0,0.98,"jobs data strong, soft landing vibes ✅ #macro"
ST00713,T00713,social,2026-07-28 11:52:00,CVX,company,-0.515,Other,2.9,0.995,$CVX getting hammered rn 📉
ST00714,T00714,social,2026-07-28 11:57:00,META,company,-0.0,Other,1.9,0.997,watching $META today
SN00308,N00308,news,2026-07-28 12:07:00,JPM,company,0.812,Earnings,6.3,0.981,"JPMorgan Chase posts record profit, with earnings per share ahead of consensus. Investors responded positively, with analysts raising price "
ST00715,T00715,social,2026-07-28 12:08:00,JPM,company,0.809,Regulatory/Legal,5.0,0.994,$JPM wins approval 🎉 big relief
SN00309,N00309,news,2026-07-28 12:12:00,AAPL,company,-0.828,Regulatory/Legal,9.0,0.942,Apple hit with $1000m fine by regulators in what analysts call a major shock. Analysts flagged downside risks and trimmed their estimates.
ST00716,T00716,social,2026-07-28 12:35:00,NVDA,company,-0.726,Other,2.6,0.989,$NVDA looks bad 😬 bearish #markets
ST00717,T00717,social,2026-07-28 12:44:00,WMT,company,-0.755,Product Launch,5.4,0.975,"$WMT product recall, yikes 😬 #trading"
SN00310,N00310,news,2026-07-28 12:54:00,BAC,company,0.783,Earnings,4.9,0.98,Bank of America raises full-year guidance after a strong quarter. Traders cited improving fundamentals and strong momentum.
ST00718,T00718,social,2026-07-28 13:13:00,KO,company,-0.001,Other,1.9,0.996,anyone have thoughts on $KO?
ST00719,T00719,social,2026-07-28 13:56:00,AMZN,company,-0.785,Earnings,5.3,0.98,$AMZN missed earnings and cut guide... brutal 📉 #markets
SN00311,N00311,news,2026-07-28 14:12:00,META,company,0.808,Earnings,6.1,0.98,"Meta Platforms posts record profit, with earnings per share ahead of consensus. Investors responded positively, with analysts raising price "
ST00720,T00720,social,2026-07-28 14:24:00,BAC,company,-0.147,Other,3.2,0.996,$BAC breakout incoming?? 🔥
ST00721,T00721,social,2026-07-28 15:14:00,CVX,company,-0.579,Merger/Acquisition,5.5,0.983,"$CVX merger facing antitrust heat, deal at risk"
ST00722,T00722,social,2026-07-28 15:40:00,MSFT,company,0.692,Credit Event,5.1,0.99,"RT @user_8016: $MSFT credit upgrade, balance sheet looking healthier ✅"
ST00723,T00723,social,2026-07-28 15:59:00,META,company,-0.054,Merger/Acquisition,5.1,0.99,$META acquisition could be a game changer 👀🔥
ST00724,T00724,social,2026-07-28 16:08:00,,market,-0.583,Macroeconomic,6.6,0.972,recession signals flashing red 🚨 #macro #investing
ST00725,T00725,social,2026-07-28 16:32:00,JNJ,company,-0.001,Other,2.0,0.996,ANYONE HAVE THOUGHTS ON $JNJ?
ST00726,T00726,social,2026-07-28 16:35:00,KO,company,0.808,Regulatory/Legal,5.1,0.992,$KO wins approval 🎉 big relief
SN00312,N00312,news,2026-07-28 16:48:00,XOM,company,0.864,Earnings,7.0,0.974,"Exxon Mobil beats quarterly earnings estimates as revenue climbs 9.3%, sparking a strong rally. Investors responded positively, with analyst"
SN00313,N00313,news,2026-07-28 17:04:00,,market,-0.869,Macroeconomic,8.9,0.859,"Inflation surprises to the upside at 2.1%, rate hike fears grow, triggering a sharp selloff. Investors reacted cautiously, citing uncertaint"
ST00727,T00727,social,2026-07-28 17:10:00,CVX,company,-0.563,Credit Event,4.9,0.969,"$CVX debt worries growing, bonds selling off #stocks"
ST00728,T00728,social,2026-07-28 17:37:00,JPM,company,-0.703,Product Launch,5.4,0.983,"$JPM DELAYING THE LAUNCH AGAIN, NOT GOOD"
SN00314,N00314,news,2026-07-28 17:51:00,BAC,company,0.841,Earnings,7.5,0.974,"Bank of America raises full-year guidance after a strong quarter in a landmark result. Investors responded positively, with analysts raising"
SN00315,N00315,news,2026-07-28 17:52:00,KO,company,0.865,Credit Event,7.7,0.969,Moody's-style agency upgrades Coca-Cola to BBB on improving leverage in a landmark result. Traders cited improving fundamentals and strong m
SN00316,N00316,news,2026-07-28 18:19:00,AAPL,company,0.82,Earnings,7.8,0.975,"Apple beats quarterly earnings estimates as revenue climbs 5.6% in a landmark result. Investors responded positively, with analysts raising "
ST00729,T00729,social,2026-07-28 18:27:00,,market,-0.776,Geopolitical,6.4,0.978,sanctions + tariffs = chaos for stocks 📉 #geopolitics #markets
ST00730,T00730,social,2026-07-28 18:55:00,JNJ,company,0.668,Other,3.1,0.994,"$JNJ crushing it, bullish"
ST00731,T00731,social,2026-07-28 19:03:00,,market,-0.783,Geopolitical,6.6,0.973,sanctions + tariffs = chaos for stocks 📉 #geopolitics
SN00317,N00317,news,2026-07-28 19:22:00,BAC,company,0.869,Credit Event,6.5,0.931,"a major rating agency upgrades Bank of America to BB+ on improving leverage, sparking a strong rally. Investors responded positively, with a"
ST00732,T00732,social,2026-07-28 19:55:00,GS,company,0.782,Regulatory/Legal,4.5,0.98,$GS wins approval 🎉 big relief #stocks
SN00318,N00318,news,2026-07-28 20:57:00,,market,-0.724,Macroeconomic,7.6,0.921,"Central bank signals higher rates for longer, triggering a sharp selloff. Investors reacted cautiously, citing uncertainty over near-term ou"
ST00733,T00733,social,2026-07-29 06:05:00,GS,company,-0.607,Regulatory/Legal,5.2,0.984,"$GS FINED AGAIN, REGULATORS NOT MESSING AROUND"
ST00734,T00734,social,2026-07-29 06:31:00,AMZN,company,0.437,Other,3.0,0.994,$AMZN looking strong today 🚀 👀
ST00735,T00735,social,2026-07-29 06:36:00,CVX,company,-0.66,Other,3.0,0.995,ugh $CVX again... down bad 📊
SN00319,N00319,news,2026-07-29 06:40:00,NVDA,company,0.729,Credit Event,4.8,0.96,"NVIDIA refinances debt at lower rates and extends maturities, lifting shares. Traders cited improving fundamentals and strong momentum."
SN00320,N00320,news,2026-07-29 06:48:00,GS,company,0.704,Product Launch,3.0,0.97,Goldman Sachs launches trading platform to strong reviews. Traders cited improving fundamentals and strong momentum.
ST00737,T00737,social,2026-07-29 06:51:00,META,company,-0.15,Other,3.1,0.996,$META BREAKOUT INCOMING?? 🔥
ST00736,T00736,social,2026-07-29 06:51:00,,market,-0.835,Geopolitical,6.0,0.988,"war escalating, markets gonna bleed 😰 #markets 📊"
ST00738,T00738,social,2026-07-29 06:59:00,WMT,company,-0.343,Other,2.7,0.991,"sold my $WMT, not liking this #markets"
ST00739,T00739,social,2026-07-29 07:55:00,AAPL,company,-0.725,Regulatory/Legal,4.6,0.976,"$AAPL under investigation, this could get ugly #stocks 🔥"
SN00321,N00321,news,2026-07-29 08:03:00,JNJ,company,0.008,Earnings,2.4,0.947,Johnson & Johnson earnings come in line with analyst expectations. Analysts said it was too early to assess any lasting impact.
ST00740,T00740,social,2026-07-29 08:08:00,META,company,0.415,Other,2.7,0.993,$META looking strong today 🚀 #trading
ST00741,T00741,social,2026-07-29 08:09:00,META,company,0.696,Credit Event,5.3,0.99,"$META credit upgrade, balance sheet looking healthier ✅"
SN00322,N00322,news,2026-07-29 08:14:00,,market,0.003,Macroeconomic,2.1,0.93,Central bank minutes due for release on Wednesday. The development was largely expected by market participants.
ST00742,T00742,social,2026-07-29 08:57:00,AMZN,company,-0.515,Other,2.9,0.995,$AMZN getting hammered rn 📉
ST00743,T00743,social,2026-07-29 08:58:00,CVX,company,-0.338,Other,2.6,0.991,"sold my $CVX, not liking this #markets 👀"
ST00744,T00744,social,2026-07-29 09:35:00,META,company,-0.47,Merger/Acquisition,5.0,0.983,RT @user_9777: $META overpaying for this acquisition imo
ST00745,T00745,social,2026-07-29 10:06:00,AMZN,company,-0.574,Credit Event,5.4,0.982,"$AMZN debt worries growing, bonds selling off"
ST00746,T00746,social,2026-07-29 10:11:00,KO,company,-0.157,Other,3.2,0.988,$KO breakout incoming?? 🔥 #investing 💬
ST00747,T00747,social,2026-07-29 10:19:00,WMT,company,-0.343,Other,2.7,0.991,"sold my $WMT, not liking this #markets"
ST00748,T00748,social,2026-07-29 10:23:00,XOM,company,0.418,Other,2.8,0.992,$XOM looking strong today 🚀 #investing
ST00749,T00749,social,2026-07-29 10:35:00,JNJ,company,-0.726,Other,2.6,0.989,$JNJ looks bad 😬 bearish #markets
SN00323,N00323,news,2026-07-29 10:42:00,XOM,company,0.841,Earnings,7.5,0.974,"Exxon Mobil raises full-year guidance after a strong quarter in a landmark result. Investors responded positively, with analysts raising pri"
ST00750,T00750,social,2026-07-29 10:47:00,AAPL,company,-0.0,Other,2.0,0.997,watching $AAPL today
ST00751,T00751,social,2026-07-29 11:10:00,PFE,company,-0.548,Credit Event,5.1,0.985,"$PFE downgraded, spreads widening ⚠️ #credit"
SN00324,N00324,news,2026-07-29 11:26:00,KO,company,-0.643,Product Launch,6.0,0.971,"Coca-Cola recalls beverage line over safety defect. Investors reacted cautiously, citing uncertainty over near-term outlook."
ST00752,T00752,social,2026-07-29 11:44:00,JPM,company,0.807,Regulatory/Legal,4.9,0.994,$JPM wins approval 🎉 big relief
ST00753,T00753,social,2026-07-29 12:19:00,WMT,company,-0.532,Regulatory/Legal,5.4,0.985,"$WMT fined again, regulators not messing around 👀"
SN00325,N00325,news,2026-07-29 12:24:00,,market,-0.79,Geopolitical,8.6,0.94,"New sanctions disrupt energy supply chains linked to the South China Sea, triggering a sharp selloff. Investors reacted cautiously, citing u"
SN00326,N00326,news,2026-07-29 12:26:00,AAPL,company,0.828,Earnings,5.6,0.969,"Apple beats quarterly earnings estimates as revenue climbs 10.8%, lifting shares. Traders cited improving fundamentals and strong momentum."
ST00754,T00754,social,2026-07-29 12:28:00,MSFT,company,-0.519,Other,3.0,0.995,$MSFT getting hammered rn 📉
ST00755,T00755,social,2026-07-29 12:32:00,AAPL,company,-0.297,Other,1.7,0.995,$AAPL VOLUME IS LOW TODAY #TRADING
ST00756,T00756,social,2026-07-29 12:35:00,GOOGL,company,-0.742,Other,3.1,0.996,$GOOGL looks bad 😬 bearish
ST00757,T00757,social,2026-07-29 12:39:00,AMZN,company,-0.147,Other,3.2,0.996,$AMZN breakout incoming?? 🔥
ST00758,T00758,social,2026-07-29 13:12:00,NVDA,company,-0.653,Other,2.8,0.991,ugh $NVDA again... down bad #markets
SN00327,N00327,news,2026-07-29 13:27:00,AMZN,company,-0.804,Product Launch,5.9,0.98,"Amazon delays delivery service launch after quality issues, triggering a sharp selloff. Analysts flagged downside risks and trimmed their es"
ST00759,T00759,social,2026-07-29 13:58:00,AAPL,company,0.001,Other,2.1,0.992,anyone have thoughts on $AAPL? #stocks
SN00328,N00328,news,2026-07-29 14:08:00,KO,company,0.839,Product Launch,5.9,0.96,"Coca-Cola unveils new beverage line, early orders exceed expectations, sparking a strong rally. Traders cited improving fundamentals and str"
ST00760,T00760,social,2026-07-29 14:28:00,JPM,company,0.437,Other,3.1,0.995,RT @user_4177: $JPM looking strong today 🚀
SN00329,N00329,news,2026-07-29 15:14:00,JNJ,company,-0.865,Regulatory/Legal,8.8,0.946,Johnson & Johnson faces new government investigation into its practices in what analysts call a major shock. Analysts flagged downside risks
ST00761,T00761,social,2026-07-29 15:15:00,NVDA,company,0.436,Other,3.0,0.995,$NVDA looking strong today 🚀 📊
SN00330,N00330,news,2026-07-29 15:16:00,NVDA,company,0.769,Regulatory/Legal,4.4,0.97,"NVIDIA wins regulatory approval for its cloud platform. Investors responded positively, with analysts raising price targets."
ST00762,T00762,social,2026-07-29 15:48:00,JNJ,company,-0.147,Other,3.2,0.996,$JNJ breakout incoming?? 🔥
SN00331,N00331,news,2026-07-29 16:41:00,BAC,company,0.824,Product Launch,5.9,0.967,"Bank of America launches wealth platform to strong reviews in a landmark result. Investors responded positively, with analysts raising price"
ST00763,T00763,social,2026-07-29 16:47:00,MSFT,company,-0.73,Other,3.2,0.991,$MSFT looks bad 😬 bearish #stocks
ST00764,T00764,social,2026-07-29 17:15:00,META,company,0.002,Other,2.2,0.993,watching $META today #investing
ST00765,T00765,social,2026-07-29 17:18:00,GS,company,-0.733,Regulatory/Legal,4.5,0.986,"$GS UNDER INVESTIGATION, THIS COULD GET UGLY"
ST00766,T00766,social,2026-07-29 17:19:00,KO,company,0.504,Merger/Acquisition,2.7,0.993,"bought more $KO on the dip, feeling good 📈 #trading"
ST00767,T00767,social,2026-07-29 17:23:00,AAPL,company,-0.517,Other,2.9,0.995,$AAPL getting hammered rn 📉
ST00768,T00768,social,2026-07-29 17:41:00,,market,-0.837,Geopolitical,6.2,0.985,"war escalating, markets gonna bleed 😰 #markets"
ST00769,T00769,social,2026-07-29 17:50:00,NVDA,company,0.556,Earnings,5.5,0.987,$NVDA earnings beat!! EPS way above estimates 🚀 👀
ST00770,T00770,social,2026-07-29 17:53:00,XOM,company,-0.001,Other,1.9,0.996,ANYONE HAVE THOUGHTS ON $XOM?
ST00771,T00771,social,2026-07-29 17:57:00,GS,company,0.18,Other,2.0,0.996,"$GS flat, nothing happening 🔥"
ST00772,T00772,social,2026-07-29 18:04:00,JNJ,company,-0.001,Other,1.9,0.996,anyone have thoughts on $JNJ?
ST00773,T00773,social,2026-07-29 18:16:00,WMT,company,0.806,Regulatory/Legal,4.9,0.993,$WMT wins approval 🎉 big relief
ST00774,T00774,social,2026-07-29 18:37:00,XOM,company,-0.053,Merger/Acquisition,5.1,0.99,RT @user_4621: $XOM acquisition could be a game changer 👀🔥
ST00775,T00775,social,2026-07-29 18:38:00,CVX,company,-0.348,Other,2.8,0.995,"sold my $CVX, not liking this"
ST00776,T00776,social,2026-07-29 18:47:00,GOOGL,company,-0.653,Regulatory/Legal,4.4,0.984,"$GOOGL under investigation, this could get ugly"
SN00332,N00332,news,2026-07-29 19:52:00,BAC,company,0.003,Merger/Acquisition,2.1,0.951,Bank of America confirms it is in talks over a possible acquisition. Analysts said it was too early to assess any lasting impact.
ST00777,T00777,social,2026-07-29 20:14:00,JNJ,company,-0.002,Other,2.0,0.997,watching $JNJ today
ST00778,T00778,social,2026-07-29 20:17:00,NVDA,company,-0.055,Merger/Acquisition,5.1,0.99,RT @user_4374: $NVDA acquisition could be a game changer 👀🔥 🤔
ST00779,T00779,social,2026-07-29 20:30:00,,market,-0.783,Geopolitical,6.6,0.973,sanctions + tariffs = chaos for stocks 📉 #geopolitics
SN00333,N00333,news,2026-07-29 20:32:00,AAPL,company,-0.81,Product Launch,6.8,0.949,Apple delays software suite launch after quality issues in what analysts call a major shock. Analysts flagged downside risks and trimmed the
SN00334,N00334,news,2026-07-29 20:37:00,XOM,company,-0.61,Product Launch,5.0,0.961,"Exxon Mobil delays renewables unit launch after quality issues, sending shares lower. Investors reacted cautiously, citing uncertainty over "
ST00780,T00780,social,2026-07-30 06:15:00,AMZN,company,-0.72,Regulatory/Legal,4.6,0.972,"$AMZN UNDER INVESTIGATION, THIS COULD GET UGLY #STOCKS"
SN00335,N00335,news,2026-07-30 06:32:00,WMT,company,0.714,Regulatory/Legal,3.6,0.973,"Walmart settles lawsuit on favourable terms, lifting shares. Traders cited improving fundamentals and strong momentum."
ST00781,T00781,social,2026-07-30 06:45:00,AMZN,company,-0.814,Earnings,5.2,0.972,$AMZN MISSED EARNINGS AND CUT GUIDE... BRUTAL 📉 #STOCKS
ST00782,T00782,social,2026-07-30 06:50:00,XOM,company,-0.15,Other,3.1,0.996,$XOM breakout incoming?? 🔥 💬
ST00783,T00783,social,2026-07-30 07:33:00,AMZN,company,0.0,Other,2.0,0.997,watching $AMZN today
ST00784,T00784,social,2026-07-30 08:32:00,GS,company,-0.337,Other,2.7,0.991,"sold my $GS, not liking this #stocks"
ST00785,T00785,social,2026-07-30 08:56:00,XOM,company,0.069,Product Launch,5.0,0.991,$XOM NEW LAUNCH LOOKS 🔥 EARLY DEMAND IS HUGE
ST00786,T00786,social,2026-07-30 09:19:00,META,company,-0.077,Merger/Acquisition,4.8,0.982,$META acquisition could be a game changer 👀🔥 #markets 👀
ST00787,T00787,social,2026-07-30 09:26:00,MSFT,company,-0.003,Other,1.9,0.996,"$MSFT flat, nothing happening"
ST00788,T00788,social,2026-07-30 09:38:00,BAC,company,0.069,Product Launch,5.0,0.991,$BAC new launch looks 🔥 early demand is huge
ST00789,T00789,social,2026-07-30 09:40:00,GS,company,-0.24,Other,1.9,0.996,WATCHING $GS TODAY 🔥
SN00336,N00336,news,2026-07-30 10:06:00,,market,-0.895,Geopolitical,8.9,0.938,"Tariffs on imports from the South China Sea spark fears of a trade war in what analysts call a major shock. Investors reacted cautiously, ci"
ST00790,T00790,social,2026-07-30 10:12:00,PFE,company,-0.147,Other,3.2,0.996,$PFE breakout incoming?? 🔥 📊
ST00791,T00791,social,2026-07-30 10:14:00,WMT,company,-0.532,Regulatory/Legal,5.4,0.985,"$WMT fined again, regulators not messing around 👀"
ST00792,T00792,social,2026-07-30 10:17:00,PFE,company,0.002,Other,1.8,0.99,"$PFE flat, nothing happening #trading"
ST00793,T00793,social,2026-07-30 10:19:00,AMZN,company,-0.0,Other,1.9,0.997,watching $AMZN today
ST00794,T00794,social,2026-07-30 10:33:00,AAPL,company,-0.348,Other,2.8,0.995,"sold my $AAPL, not liking this"
ST00795,T00795,social,2026-07-30 10:58:00,AAPL,company,-0.472,Merger/Acquisition,4.9,0.985,$AAPL overpaying for this acquisition imo
ST00796,T00796,social,2026-07-30 11:06:00,CVX,company,-0.339,Other,2.9,0.992,"sold my $CVX, not liking this #investing 🤔"
ST00797,T00797,social,2026-07-30 11:12:00,GS,company,-0.743,Other,3.1,0.996,$GS looks bad 😬 bearish 📊
ST00798,T00798,social,2026-07-30 11:59:00,NVDA,company,0.682,Credit Event,4.8,0.982,"RT @user_2322: $NVDA credit upgrade, balance sheet looking healthier ✅ #investing"
ST00799,T00799,social,2026-07-30 12:12:00,WMT,company,-0.149,Other,3.1,0.995,$WMT breakout incoming?? 🔥
ST00800,T00800,social,2026-07-30 12:24:00,CVX,company,-0.647,Other,3.0,0.992,ugh $CVX again... down bad #trading
ST00801,T00801,social,2026-07-30 12:42:00,GOOGL,company,-0.817,Earnings,5.2,0.987,$GOOGL MISSED EARNINGS AND CUT GUIDE... BRUTAL 📉
ST00802,T00802,social,2026-07-30 13:14:00,,market,-0.784,Geopolitical,6.5,0.98,sanctions + tariffs = chaos for stocks 📉 #geopolitics
ST00803,T00803,social,2026-07-30 13:17:00,JPM,company,0.807,Regulatory/Legal,4.9,0.994,$JPM wins approval 🎉 big relief
ST00804,T00804,social,2026-07-30 13:35:00,BAC,company,-0.055,Merger/Acquisition,5.1,0.99,RT @user_4117: $BAC acquisition could be a game changer 👀🔥
SN00337,N00337,news,2026-07-30 14:23:00,META,company,0.59,Regulatory/Legal,6.0,0.965,"Meta Platforms settles lawsuit on favourable terms in a landmark result. Investors responded positively, with analysts raising price targets"
ST00805,T00805,social,2026-07-30 14:46:00,KO,company,-0.156,Other,3.5,0.99,$KO breakout incoming?? 🔥 #trading
SN00338,N00338,news,2026-07-30 14:55:00,GOOGL,company,-0.688,Product Launch,5.1,0.966,"Alphabet delays streaming service launch after quality issues, sending shares lower. Analysts flagged downside risks and trimmed their estim"
SN00339,N00339,news,2026-07-30 14:59:00,CVX,company,-0.87,Credit Event,8.2,0.941,"a major rating agency downgrades Chevron to A+ amid rising debt, triggering a sharp selloff. Investors reacted cautiously, citing uncertaint"
SN00340,N00340,news,2026-07-30 15:02:00,,market,-0.909,Geopolitical,8.7,0.944,"Tariffs on imports from the Red Sea spark fears of a trade war, triggering a sharp selloff. Analysts flagged downside risks and trimmed thei"
ST00806,T00806,social,2026-07-30 15:03:00,XOM,company,-0.734,Other,3.2,0.99,$XOM looks bad 😬 bearish #trading
ST00807,T00807,social,2026-07-30 15:20:00,WMT,company,-0.055,Merger/Acquisition,5.1,0.991,$WMT acquisition could be a game changer 👀🔥
ST00808,T00808,social,2026-07-30 15:25:00,AAPL,company,-0.554,Credit Event,5.4,0.984,"$AAPL downgraded, spreads widening ⚠️ #credit"
ST00809,T00809,social,2026-07-30 15:29:00,,market,0.135,Macroeconomic,6.2,0.988,"inflation print hot, fed won't cut 😬 #Fed 💬"
ST00810,T00810,social,2026-07-30 15:34:00,XOM,company,-0.588,Other,3.0,0.995,$XOM GETTING HAMMERED RN 📉
ST00811,T00811,social,2026-07-30 15:44:00,XOM,company,0.798,Regulatory/Legal,4.7,0.985,$XOM wins approval 🎉 big relief #markets
ST00812,T00812,social,2026-07-30 15:52:00,WMT,company,0.161,Earnings,5.3,0.963,"$WMT smashing guidance, loading up 📈 #investing"
ST00813,T00813,social,2026-07-30 16:38:00,META,company,0.668,Other,3.0,0.993,"$META crushing it, bullish"
ST00814,T00814,social,2026-07-30 16:43:00,KO,company,0.668,Other,3.0,0.994,"$KO crushing it, bullish"
SN00341,N00341,news,2026-07-30 17:31:00,META,company,0.8,Credit Event,6.2,0.95,"Meta Platforms refinances debt at lower rates and extends maturities, sparking a strong rally. Traders cited improving fundamentals and stro"
ST00815,T00815,social,2026-07-30 17:35:00,PFE,company,-0.194,Other,1.9,0.995,$PFE volume is low today
SN00342,N00342,news,2026-07-30 18:17:00,JNJ,company,-0.8,Merger/Acquisition,5.3,0.97,"Johnson & Johnson overpays for acquisition, analysts warn of dilution. Analysts flagged downside risks and trimmed their estimates."
SN00343,N00343,news,2026-07-30 18:42:00,NVDA,company,-0.654,Product Launch,6.5,0.965,"NVIDIA recalls software suite over safety defect. Investors reacted cautiously, citing uncertainty over near-term outlook."
SN00344,N00344,news,2026-07-30 18:55:00,CVX,company,-0.713,Earnings,6.7,0.969,"Chevron reports revenue decline of 9.0% year over year, triggering a sharp selloff. Investors reacted cautiously, citing uncertainty over ne"
ST00816,T00816,social,2026-07-30 18:57:00,GS,company,-0.753,Product Launch,5.5,0.97,"$GS product recall, yikes 😬 #stocks"
SN00346,N00346,news,2026-07-30 19:10:00,MSFT,company,-0.011,Earnings,2.2,0.956,Microsoft to report quarterly results next week. The development was largely expected by market participants.
SN00345,N00345,news,2026-07-30 19:10:00,,market,0.819,Macroeconomic,4.8,0.886,"Strong jobs report boosts growth outlook, lifting shares. Investors responded positively, with analysts raising price targets."
ST00817,T00817,social,2026-07-30 19:15:00,AAPL,company,-0.193,Other,2.0,0.996,$AAPL volume is low today
ST00818,T00818,social,2026-07-30 19:36:00,WMT,company,-0.177,Other,2.7,0.984,$WMT BREAKOUT INCOMING?? 🔥 #MARKETS
SN00347,N00347,news,2026-07-30 19:38:00,JNJ,company,-0.781,Credit Event,6.7,0.909,"Johnson & Johnson raises loan loss provisions by 13.9% as defaults rise, sending shares lower. Analysts flagged downside risks and trimmed t"
ST00819,T00819,social,2026-07-30 19:42:00,KO,company,0.525,Other,3.0,0.994,$KO LOOKING STRONG TODAY 🚀
ST00820,T00820,social,2026-07-30 20:53:00,XOM,company,-0.002,Other,2.0,0.996,"$XOM flat, nothing happening 🤔"
SN00348,N00348,news,2026-07-31 06:20:00,BAC,company,0.877,Regulatory/Legal,7.0,0.958,Bank of America wins regulatory approval for its trading platform in a landmark result. Traders cited improving fundamentals and strong mome
ST00821,T00821,social,2026-07-31 06:23:00,PFE,company,-0.194,Other,1.9,0.995,$PFE volume is low today
SN00349,N00349,news,2026-07-31 06:25:00,MSFT,company,-0.765,Earnings,4.9,0.987,Microsoft misses earnings expectations as margins shrink. Analysts flagged downside risks and trimmed their estimates.
ST00822,T00822,social,2026-07-31 06:27:00,,market,-0.839,Geopolitical,6.4,0.984,"war escalating, markets gonna bleed 😰 #markets"
SN00350,N00350,news,2026-07-31 06:43:00,NVDA,company,0.821,Product Launch,6.0,0.964,"NVIDIA unveils new developer toolkit, early orders exceed expectations, sparking a strong rally. Investors responded positively, with analys"
ST00823,T00823,social,2026-07-31 07:07:00,BAC,company,-0.055,Merger/Acquisition,5.1,0.991,$BAC acquisition could be a game changer 👀🔥 💬
ST00824,T00824,social,2026-07-31 07:11:00,PFE,company,0.673,Credit Event,5.0,0.976,"$PFE credit upgrade, balance sheet looking healthier ✅ #markets 💬"
ST00825,T00825,social,2026-07-31 07:18:00,NVDA,company,0.416,Other,2.6,0.992,$NVDA looking strong today 🚀 #trading
SN00351,N00351,news,2026-07-31 07:26:00,META,company,0.814,Credit Event,5.9,0.94,"a major rating agency upgrades Meta Platforms to AA on improving leverage, lifting shares. Investors responded positively, with analysts rai"
ST00826,T00826,social,2026-07-31 07:33:00,META,company,-0.152,Other,3.1,0.995,$META breakout incoming?? 🔥
ST00827,T00827,social,2026-07-31 07:37:00,BAC,company,-0.663,Regulatory/Legal,4.6,0.987,"RT @user_7319: $BAC under investigation, this could get ugly"
SN00352,N00352,news,2026-07-31 07:44:00,GOOGL,company,-0.792,Earnings,6.0,0.98,"Alphabet misses earnings expectations as margins shrink, sending shares lower. Analysts flagged downside risks and trimmed their estimates."
ST00828,T00828,social,2026-07-31 07:58:00,WMT,company,0.437,Other,3.0,0.994,$WMT looking strong today 🚀 🤔
ST00829,T00829,social,2026-07-31 08:14:00,BAC,company,0.665,Other,2.9,0.994,"$BAC crushing it, bullish"
ST00830,T00830,social,2026-07-31 08:44:00,PFE,company,0.491,Merger/Acquisition,3.2,0.991,"bought more $PFE on the dip, feeling good 📈 #investing 💬"
SN00353,N00353,news,2026-07-31 08:53:00,MSFT,company,0.869,Earnings,6.6,0.979,"Microsoft raises full-year guidance after a strong quarter, sparking a strong rally. Investors responded positively, with analysts raising p"
ST00831,T00831,social,2026-07-31 10:19:00,CVX,company,0.758,Credit Event,5.0,0.989,"$CVX CREDIT UPGRADE, BALANCE SHEET LOOKING HEALTHIER ✅"
ST00832,T00832,social,2026-07-31 10:36:00,CVX,company,-0.152,Other,3.1,0.995,$CVX BREAKOUT INCOMING?? 🔥
SN00354,N00354,news,2026-07-31 10:53:00,WMT,company,-0.663,Product Launch,6.7,0.96,"Walmart recalls delivery service over safety defect, sending shares lower. Investors reacted cautiously, citing uncertainty over near-term o"
SN00355,N00355,news,2026-07-31 10:54:00,META,company,0.914,Earnings,7.7,0.966,"Meta Platforms posts record profit, with earnings per share ahead of consensus, sparking a strong rally. Traders cited improving fundamental"
SN00356,N00356,news,2026-07-31 10:58:00,KO,company,0.772,Product Launch,5.8,0.953,"Coca-Cola launches beverage line to strong reviews in a landmark result. Investors responded positively, with analysts raising price targets"
ST00833,T00833,social,2026-07-31 11:10:00,XOM,company,-0.149,Other,3.1,0.995,$XOM breakout incoming?? 🔥
ST00834,T00834,social,2026-07-31 11:24:00,NVDA,company,0.51,Merger/Acquisition,3.1,0.994,"bought more $NVDA on the dip, feeling good 📈"
ST00835,T00835,social,2026-07-31 11:43:00,WMT,company,-0.47,Merger/Acquisition,5.0,0.983,$WMT overpaying for this acquisition imo
ST00836,T00836,social,2026-07-31 11:45:00,NVDA,company,0.504,Merger/Acquisition,2.9,0.992,"bought more $NVDA on the dip, feeling good 📈 #trading"
SN00357,N00357,news,2026-07-31 12:07:00,PFE,company,-0.593,Earnings,5.9,0.977,"Pfizer reports revenue decline of 8.7% year over year, sending shares lower. Analysts flagged downside risks and trimmed their estimates."
SN00358,N00358,news,2026-07-31 12:19:00,META,company,0.835,Earnings,5.6,0.975,"Meta Platforms raises full-year guidance after a strong quarter, lifting shares. Traders cited improving fundamentals and strong momentum."
SN00359,N00359,news,2026-07-31 12:32:00,KO,company,-0.867,Earnings,7.7,0.957,"Coca-Cola cuts full-year outlook citing weak demand, triggering a sharp selloff. Investors reacted cautiously, citing uncertainty over near-"
ST00837,T00837,social,2026-07-31 12:50:00,AAPL,company,-0.519,Other,3.0,0.995,$AAPL getting hammered rn 📉
SN00360,N00360,news,2026-07-31 12:59:00,KO,company,-0.573,Earnings,5.0,0.984,Coca-Cola reports revenue decline of 5.5% year over year. Analysts flagged downside risks and trimmed their estimates.
SN00361,N00361,news,2026-07-31 13:20:00,,market,-0.738,Macroeconomic,8.1,0.95,"GDP contracts by 6.0% in surprise slowdown. Investors reacted cautiously, citing uncertainty over near-term outlook."
SN00362,N00362,news,2026-07-31 13:21:00,,market,-0.802,Geopolitical,8.0,0.964,"Escalating conflict in the Red Sea rattles global markets. Investors reacted cautiously, citing uncertainty over near-term outlook."
ST00838,T00838,social,2026-07-31 13:23:00,JNJ,company,-0.743,Other,3.1,0.996,$JNJ looks bad 😬 bearish 👀
ST00839,T00839,social,2026-07-31 13:33:00,GOOGL,company,-0.348,Other,2.8,0.995,"sold my $GOOGL, not liking this"
ST00840,T00840,social,2026-07-31 13:42:00,GOOGL,company,-0.001,Other,2.0,0.996,RT @user_7510: anyone have thoughts on $GOOGL?
SN00363,N00363,news,2026-07-31 14:04:00,KO,company,0.011,Product Launch,2.0,0.962,Coca-Cola announces date for its next delivery service event. Analysts said it was too early to assess any lasting impact.
ST00841,T00841,social,2026-07-31 14:22:00,PFE,company,-0.348,Other,2.8,0.994,"sold my $PFE, not liking this"
ST00842,T00842,social,2026-07-31 14:34:00,AMZN,company,-0.579,Merger/Acquisition,5.5,0.983,"$AMZN merger facing antitrust heat, deal at risk 💬"
ST00843,T00843,social,2026-07-31 14:49:00,MSFT,company,-0.15,Other,3.1,0.996,$MSFT breakout incoming?? 🔥
ST00844,T00844,social,2026-07-31 15:02:00,KO,company,-0.156,Other,3.0,0.99,$KO breakout incoming?? 🔥 #trading
ST00845,T00845,social,2026-07-31 15:12:00,AAPL,company,-0.382,Other,2.0,0.996,RT @user_1831: $AAPL volume is low today 🔥
SN00364,N00364,news,2026-07-31 15:18:00,MSFT,company,0.205,Credit Event,2.1,0.892,S&P-style agency affirms Microsoft at A+ with a stable outlook. Analysts said it was too early to assess any lasting impact.
ST00846,T00846,social,2026-07-31 15:39:00,AAPL,company,-0.001,Other,2.0,0.996,"$AAPL flat, nothing happening"
ST00847,T00847,social,2026-07-31 16:34:00,CVX,company,-0.653,Regulatory/Legal,4.4,0.984,"$CVX under investigation, this could get ugly 🤔"
SN00365,N00365,news,2026-07-31 16:43:00,GS,company,-0.623,Product Launch,5.3,0.975,"Goldman Sachs delays trading platform launch after quality issues, sending shares lower. Investors reacted cautiously, citing uncertainty ov"
SN00366,N00366,news,2026-07-31 16:45:00,GS,company,0.762,Credit Event,6.1,0.936,"Goldman Sachs refinances debt at lower rates and extends maturities, sparking a strong rally. Investors responded positively, with analysts "
ST00848,T00848,social,2026-07-31 16:57:00,KO,company,-0.713,Other,3.2,0.992,ugh $KO again... down bad #investing 🔥
ST00849,T00849,social,2026-07-31 17:00:00,XOM,company,-0.158,Other,3.3,0.99,$XOM breakout incoming?? 🔥 #stocks
ST00850,T00850,social,2026-07-31 17:09:00,KO,company,-0.001,Other,1.9,0.996,anyone have thoughts on $KO?
SN00367,N00367,news,2026-07-31 17:12:00,GOOGL,company,0.004,Product Launch,2.3,0.958,Alphabet announces date for its next ad platform event. Analysts said it was too early to assess any lasting impact.
ST00851,T00851,social,2026-07-31 17:16:00,JPM,company,-0.194,Other,2.0,0.996,$JPM volume is low today 💬
ST00852,T00852,social,2026-07-31 17:25:00,NVDA,company,-0.185,Other,2.1,0.993,$NVDA volume is low today #markets
ST00853,T00853,social,2026-07-31 17:35:00,NVDA,company,-0.577,Merger/Acquisition,5.3,0.979,"$NVDA merger facing antitrust heat, deal at risk #trading"
SN00368,N00368,news,2026-07-31 17:35:00,AMZN,company,-0.807,Earnings,6.2,0.976,Amazon cuts full-year outlook citing weak demand. Analysts flagged downside risks and trimmed their estimates.
SN00369,N00369,news,2026-07-31 18:01:00,XOM,company,0.184,Regulatory/Legal,2.0,0.948,Regulators open consultation on rules affecting the Energy sector. Analysts said it was too early to assess any lasting impact.
SN00370,N00370,news,2026-07-31 18:12:00,XOM,company,0.826,Product Launch,5.9,0.952,"Exxon Mobil unveils new LNG project, early orders exceed expectations, sparking a strong rally. Traders cited improving fundamentals and str"
SN00371,N00371,news,2026-07-31 18:24:00,XOM,company,0.179,Regulatory/Legal,1.9,0.97,Regulators open consultation on rules affecting the Energy sector. The development was largely expected by market participants.
ST00854,T00854,social,2026-07-31 18:46:00,JNJ,company,-0.742,Other,3.1,0.996,$JNJ looks bad 😬 bearish 💬
ST00855,T00855,social,2026-07-31 18:57:00,BAC,company,0.509,Merger/Acquisition,3.1,0.993,"bought more $BAC on the dip, feeling good 📈"
ST00856,T00856,social,2026-07-31 19:15:00,NVDA,company,0.534,Earnings,5.2,0.975,$NVDA earnings beat!! EPS way above estimates 🚀 #trading
ST00857,T00857,social,2026-07-31 19:32:00,PFE,company,-0.662,Regulatory/Legal,4.5,0.987,"$PFE under investigation, this could get ugly"
ST00858,T00858,social,2026-07-31 19:52:00,AAPL,company,-0.003,Other,2.3,0.991,"$AAPL flat, nothing happening #stocks"
ST00859,T00859,social,2026-07-31 19:54:00,CVX,company,0.696,Credit Event,5.3,0.99,"RT @user_3071: $CVX credit upgrade, balance sheet looking healthier ✅"
ST00860,T00860,social,2026-07-31 19:57:00,JNJ,company,-0.756,Product Launch,5.2,0.987,"$JNJ product recall, yikes 😬"
ST00861,T00861,social,2026-07-31 19:59:00,JPM,company,-0.181,Other,2.5,0.982,$JPM breakout incoming?? 🔥 #markets
ST00862,T00862,social,2026-07-31 20:01:00,BAC,company,-0.633,Earnings,5.0,0.989,"$BAC margins shrinking, earnings were weak 🤔"
ST00863,T00863,social,2026-07-31 20:58:00,META,company,-0.001,Other,1.9,0.996,anyone have thoughts on $META?
ST00864,T00864,social,2026-08-03 06:00:00,MSFT,company,0.509,Merger/Acquisition,3.1,0.994,"bought more $MSFT on the dip, feeling good 📈 💬"
SN00372,N00372,news,2026-08-03 06:33:00,JPM,company,0.732,Product Launch,3.3,0.972,"JPMorgan Chase launches wealth platform to strong reviews. Investors responded positively, with analysts raising price targets."
ST00865,T00865,social,2026-08-03 06:38:00,KO,company,-0.053,Merger/Acquisition,5.1,0.99,RT @user_1743: $KO acquisition could be a game changer 👀🔥
ST00866,T00866,social,2026-08-03 06:48:00,PFE,company,0.435,Other,3.0,0.995,$PFE looking strong today 🚀
SN00373,N00373,news,2026-08-03 07:45:00,NVDA,company,-0.456,Earnings,6.3,0.969,"NVIDIA reports revenue decline of 2.8% year over year, sending shares lower. Investors reacted cautiously, citing uncertainty over near-term"
SN00374,N00374,news,2026-08-03 08:04:00,MSFT,company,-0.742,Credit Event,6.7,0.957,"Microsoft bond spreads widen on liquidity concerns, sending shares lower. Investors reacted cautiously, citing uncertainty over near-term ou"
ST00867,T00867,social,2026-08-03 08:10:00,PFE,company,0.01,Other,2.3,0.991,watching $PFE today #markets
ST00868,T00868,social,2026-08-03 08:14:00,WMT,company,0.668,Other,3.0,0.994,"$WMT crushing it, bullish"
SN00375,N00375,news,2026-08-03 08:37:00,META,company,0.852,Earnings,7.8,0.971,Meta Platforms beats quarterly earnings estimates as revenue climbs 12.6% in a landmark result. Traders cited improving fundamentals and str
ST00869,T00869,social,2026-08-03 08:58:00,KO,company,-0.08,Merger/Acquisition,4.7,0.975,$KO acquisition could be a game changer 👀🔥 #investing 👀
ST00870,T00870,social,2026-08-03 09:09:00,AAPL,company,-0.001,Other,2.0,0.996,anyone have thoughts on $AAPL? 📊
ST00871,T00871,social,2026-08-03 09:14:00,JPM,company,0.526,Earnings,5.1,0.972,$JPM earnings beat!! EPS way above estimates 🚀 #markets
SN00376,N00376,news,2026-08-03 10:13:00,META,company,0.798,Product Launch,6.0,0.954,Meta Platforms launches streaming service to strong reviews in a landmark result. Traders cited improving fundamentals and strong momentum.
ST00872,T00872,social,2026-08-03 10:21:00,META,company,0.416,Other,2.6,0.992,RT @user_2322: $META looking strong today 🚀 #trading
ST00873,T00873,social,2026-08-03 10:49:00,AMZN,company,-0.0,Other,1.9,0.997,watching $AMZN today
ST00874,T00874,social,2026-08-03 11:28:00,WMT,company,-0.579,Merger/Acquisition,5.5,0.983,"$WMT merger facing antitrust heat, deal at risk"
ST00875,T00875,social,2026-08-03 11:32:00,KO,company,-0.188,Other,1.7,0.995,RT @user_4713: $KO volume is low today #trading
SN00377,N00377,news,2026-08-03 11:35:00,CVX,company,0.001,Earnings,2.1,0.949,Chevron earnings come in line with analyst expectations. Analysts said it was too early to assess any lasting impact.
ST00876,T00876,social,2026-08-03 12:36:00,AAPL,company,-0.658,Regulatory/Legal,4.4,0.985,"$AAPL under investigation, this could get ugly"
ST00877,T00877,social,2026-08-03 12:40:00,CVX,company,0.665,Other,2.9,0.994,"RT @user_8934: $CVX crushing it, bullish"
ST00878,T00878,social,2026-08-03 12:49:00,MSFT,company,-0.742,Other,3.1,0.996,$MSFT looks bad 😬 bearish
ST00879,T00879,social,2026-08-03 12:52:00,MSFT,company,-0.572,Merger/Acquisition,5.3,0.974,"$MSFT merger facing antitrust heat, deal at risk #stocks"
ST00880,T00880,social,2026-08-03 12:56:00,JNJ,company,-0.66,Other,3.0,0.995,ugh $JNJ again... down bad
SN00378,N00378,news,2026-08-03 13:02:00,,market,-0.82,Geopolitical,7.8,0.956,Escalating conflict in the Red Sea rattles global markets. Analysts flagged downside risks and trimmed their estimates.
ST00881,T00881,social,2026-08-03 13:24:00,JNJ,company,-0.517,Other,2.9,0.995,$JNJ getting hammered rn 📉
SN00379,N00379,news,2026-08-03 14:19:00,BAC,company,0.838,Earnings,5.8,0.978,"Bank of America beats quarterly earnings estimates as revenue climbs 9.9%, lifting shares. Traders cited improving fundamentals and strong m"
SN00380,N00380,news,2026-08-03 14:25:00,JNJ,company,-0.794,Merger/Acquisition,8.5,0.914,"Johnson & Johnson faces antitrust challenge over proposed $13bn merger in what analysts call a major shock. Investors reacted cautiously, ci"
ST00882,T00882,social,2026-08-03 15:03:00,AAPL,company,0.806,Regulatory/Legal,4.9,0.993,$AAPL wins approval 🎉 big relief 💬
ST00883,T00883,social,2026-08-03 15:19:00,AMZN,company,-0.002,Other,2.0,0.996,"$AMZN flat, nothing happening"
SN00381,N00381,news,2026-08-03 15:26:00,WMT,company,-0.004,Earnings,2.1,0.95,Walmart to report quarterly results next week. The development was largely expected by market participants.
ST00884,T00884,social,2026-08-03 15:35:00,XOM,company,0.501,Merger/Acquisition,3.2,0.991,"bought more $XOM on the dip, feeling good 📈 #stocks"
SN00382,N00382,news,2026-08-03 15:52:00,JNJ,company,-0.884,Credit Event,8.3,0.952,"S&P-style agency downgrades Johnson & Johnson to A amid rising debt, triggering a sharp selloff. Investors reacted cautiously, citing uncert"
SN00383,N00383,news,2026-08-03 16:03:00,GOOGL,company,0.839,Merger/Acquisition,6.0,0.963,"Alphabet to acquire a rival in a $24bn deal expected to boost margins, lifting shares. Traders cited improving fundamentals and strong momen"
ST00885,T00885,social,2026-08-03 16:08:00,GS,company,-0.515,Other,2.9,0.995,$GS getting hammered rn 📉
ST00886,T00886,social,2026-08-03 16:41:00,XOM,company,0.002,Other,2.0,0.992,anyone have thoughts on $XOM? #investing
ST00887,T00887,social,2026-08-03 16:47:00,MSFT,company,0.001,Other,1.9,0.996,anyone have thoughts on $MSFT?
ST00888,T00888,social,2026-08-03 16:58:00,MSFT,company,0.193,Other,2.6,0.992,$MSFT looking strong today 🚀 #trading 🔥
ST00889,T00889,social,2026-08-03 17:01:00,AAPL,company,-0.742,Other,3.1,0.996,$AAPL looks bad 😬 bearish
SN00384,N00384,news,2026-08-03 17:09:00,AMZN,company,-0.008,Product Launch,2.1,0.954,Amazon announces date for its next private-label line event. The development was largely expected by market participants.
SN00385,N00385,news,2026-08-03 17:16:00,CVX,company,-0.706,Regulatory/Legal,5.2,0.976,"Chevron loses court ruling, appeal expected. Analysts flagged downside risks and trimmed their estimates."
ST00890,T00890,social,2026-08-03 17:30:00,AMZN,company,0.178,Other,1.9,0.996,"$AMZN flat, nothing happening 🔥"
ST00891,T00891,social,2026-08-03 17:34:00,PFE,company,0.51,Merger/Acquisition,3.1,0.994,"bought more $PFE on the dip, feeling good 📈"
SN00386,N00386,news,2026-08-03 17:37:00,PFE,company,0.868,Merger/Acquisition,7.2,0.948,"Pfizer to acquire a rival in a $37bn deal expected to boost margins, sparking a strong rally. Investors responded positively, with analysts "
ST00892,T00892,social,2026-08-03 17:51:00,KO,company,-0.0,Other,2.0,0.997,watching $KO today
SN00387,N00387,news,2026-08-03 17:53:00,NVDA,company,0.789,Regulatory/Legal,5.1,0.968,"NVIDIA settles lawsuit on favourable terms, sparking a strong rally. Traders cited improving fundamentals and strong momentum."
ST00893,T00893,social,2026-08-03 18:16:00,BAC,company,0.807,Regulatory/Legal,4.9,0.994,$BAC wins approval 🎉 big relief
SN00388,N00388,news,2026-08-03 18:31:00,KO,company,0.75,Regulatory/Legal,4.3,0.96,"Coca-Cola wins regulatory approval for its private-label line. Investors responded positively, with analysts raising price targets."
SN00389,N00389,news,2026-08-03 18:38:00,AAPL,company,-0.775,Merger/Acquisition,4.9,0.963,"Apple overpays for acquisition, analysts warn of dilution. Investors reacted cautiously, citing uncertainty over near-term outlook."
SN00390,N00390,news,2026-08-03 19:09:00,BAC,company,0.341,Regulatory/Legal,3.1,0.974,"Bank of America settles lawsuit on favourable terms. Investors responded positively, with analysts raising price targets."
ST00894,T00894,social,2026-08-03 19:21:00,CVX,company,-0.656,Other,3.0,0.99,ugh $CVX again... down bad #markets 📊
ST00895,T00895,social,2026-08-03 19:34:00,WMT,company,-0.005,Other,2.1,0.992,"$WMT flat, nothing happening #stocks"
ST00896,T00896,social,2026-08-03 20:58:00,GOOGL,company,-0.756,Product Launch,5.2,0.987,"$GOOGL product recall, yikes 😬"
SN00391,N00391,news,2026-08-04 06:32:00,PFE,company,-0.855,Product Launch,8.7,0.946,Pfizer recalls oncology drug over safety defect in what analysts call a major shock. Analysts flagged downside risks and trimmed their estim
SN00392,N00392,news,2026-08-04 06:37:00,GS,company,-0.001,Product Launch,2.4,0.959,Goldman Sachs announces date for its next digital banking app event. Analysts said it was too early to assess any lasting impact.
ST00897,T00897,social,2026-08-04 06:39:00,GOOGL,company,-0.515,Other,2.9,0.995,$GOOGL getting hammered rn 📉
SN00393,N00393,news,2026-08-04 06:41:00,WMT,company,-0.001,Regulatory/Legal,1.7,0.942,Regulators open consultation on rules affecting the Consumer sector. Analysts said it was too early to assess any lasting impact.
ST00898,T00898,social,2026-08-04 07:07:00,MSFT,company,0.556,Earnings,5.5,0.987,$MSFT earnings beat!! EPS way above estimates 🚀
ST00899,T00899,social,2026-08-04 07:12:00,META,company,-0.149,Other,3.1,0.995,$META breakout incoming?? 🔥
ST00900,T00900,social,2026-08-04 07:18:00,WMT,company,-0.737,Other,3.6,0.991,RT @user_1008: $WMT looks bad 😬 bearish #stocks
SN00394,N00394,news,2026-08-04 07:26:00,AAPL,company,0.822,Product Launch,5.1,0.926,"Apple launches developer toolkit to strong reviews, sparking a strong rally. Traders cited improving fundamentals and strong momentum."
ST00901,T00901,social,2026-08-04 07:28:00,JNJ,company,-0.002,Other,2.0,0.997,WATCHING $JNJ TODAY
ST00902,T00902,social,2026-08-04 07:56:00,PFE,company,0.509,Merger/Acquisition,3.1,0.994,"bought more $PFE on the dip, feeling good 📈"
ST00903,T00903,social,2026-08-04 08:09:00,JNJ,company,-0.518,Other,2.9,0.995,$JNJ getting hammered rn 📉 🤔
ST00904,T00904,social,2026-08-04 08:23:00,XOM,company,0.435,Other,3.0,0.995,$XOM looking strong today 🚀
ST00905,T00905,social,2026-08-04 08:39:00,,market,-0.837,Geopolitical,6.2,0.985,"war escalating, markets gonna bleed 😰 #markets"
SN00395,N00395,news,2026-08-04 08:40:00,AMZN,company,-0.732,Regulatory/Legal,6.3,0.965,"Amazon loses court ruling, appeal expected, sending shares lower. Analysts flagged downside risks and trimmed their estimates."
SN00396,N00396,news,2026-08-04 08:46:00,JNJ,company,-0.789,Earnings,6.0,0.971,"Johnson & Johnson misses earnings expectations as margins shrink, sending shares lower. Analysts flagged downside risks and trimmed their es"
ST00906,T00906,social,2026-08-04 09:03:00,MSFT,company,0.073,Product Launch,5.1,0.991,$MSFT new launch looks 🔥 early demand is huge
SN00397,N00397,news,2026-08-04 09:30:00,NVDA,company,0.693,Regulatory/Legal,6.2,0.967,NVIDIA settles lawsuit on favourable terms in a landmark result. Traders cited improving fundamentals and strong momentum.
ST00907,T00907,social,2026-08-04 09:31:00,AMZN,company,0.668,Other,3.0,0.994,"$AMZN crushing it, bullish"
SN00398,N00398,news,2026-08-04 09:34:00,PFE,company,0.693,Regulatory/Legal,6.2,0.967,Pfizer settles lawsuit on favourable terms in a landmark result. Traders cited improving fundamentals and strong momentum.
ST00908,T00908,social,2026-08-04 09:37:00,NVDA,company,0.668,Other,3.0,0.993,"$NVDA crushing it, bullish"
ST00909,T00909,social,2026-08-04 09:46:00,META,company,0.699,Credit Event,5.2,0.99,"$META credit upgrade, balance sheet looking healthier ✅"
SN00399,N00399,news,2026-08-04 10:04:00,AMZN,company,-0.867,Earnings,7.9,0.973,Amazon misses earnings expectations as margins shrink in what analysts call a major shock. Analysts flagged downside risks and trimmed their
ST00910,T00910,social,2026-08-04 10:15:00,JNJ,company,-0.799,Product Launch,5.2,0.989,"$JNJ PRODUCT RECALL, YIKES 😬"
SN00400,N00400,news,2026-08-04 10:18:00,,market,0.812,Geopolitical,5.4,0.947,"Trade agreement signed with partners in the Red Sea cheers markets, lifting shares. Investors responded positively, with analysts raising pr"
SN00401,N00401,news,2026-08-04 10:20:00,BAC,company,0.786,Product Launch,3.5,0.957,"Bank of America launches digital banking app to strong reviews, lifting shares. Traders cited improving fundamentals and strong momentum."
ST00911,T00911,social,2026-08-04 10:33:00,GS,company,0.501,Merger/Acquisition,3.2,0.991,"bought more $GS on the dip, feeling good 📈 #stocks"
ST00912,T00912,social,2026-08-04 11:16:00,PFE,company,-0.0,Other,1.9,0.997,watching $PFE today
SN00402,N00402,news,2026-08-04 11:50:00,WMT,company,-0.003,Earnings,2.3,0.938,Walmart to report quarterly results next week. Analysts said it was too early to assess any lasting impact.
ST00913,T00913,social,2026-08-04 12:00:00,WMT,company,0.553,Earnings,5.6,0.986,$WMT earnings beat!! EPS way above estimates 🚀
ST00914,T00914,social,2026-08-04 12:14:00,CVX,company,0.646,Other,3.0,0.988,"$CVX crushing it, bullish #investing 👀"
ST00915,T00915,social,2026-08-04 12:29:00,,market,-0.831,Geopolitical,5.9,0.986,"war escalating, markets gonna bleed 😰 #markets"
ST00916,T00916,social,2026-08-04 12:34:00,MSFT,company,0.075,Product Launch,5.2,0.991,$MSFT new launch looks 🔥 early demand is huge
ST00917,T00917,social,2026-08-04 12:44:00,MSFT,company,-0.002,Other,1.9,0.996,RT @user_3269: watching $MSFT today
ST00918,T00918,social,2026-08-04 12:46:00,,market,0.136,Macroeconomic,6.2,0.988,"inflation print hot, fed won't cut 😬 #Fed"
SN00403,N00403,news,2026-08-04 12:47:00,JPM,company,0.862,Product Launch,6.0,0.968,"JPMorgan Chase unveils new wealth platform, early orders exceed expectations, sparking a strong rally. Traders cited improving fundamentals "
SN00404,N00404,news,2026-08-04 13:00:00,AAPL,company,0.912,Earnings,8.8,0.967,"Apple posts record profit, with earnings per share ahead of consensus in a landmark result. Traders cited improving fundamentals and strong "
ST00919,T00919,social,2026-08-04 13:27:00,BAC,company,-0.195,Other,1.9,0.996,$BAC volume is low today 👀
SN00405,N00405,news,2026-08-04 13:32:00,JNJ,company,-0.862,Earnings,7.0,0.972,"Johnson & Johnson misses earnings expectations as margins shrink, triggering a sharp selloff. Analysts flagged downside risks and trimmed th"
SN00406,N00406,news,2026-08-04 13:33:00,JNJ,company,-0.788,Product Launch,5.6,0.965,"Johnson & Johnson delays oncology drug launch after quality issues, triggering a sharp selloff. Analysts flagged downside risks and trimmed "
SN00407,N00407,news,2026-08-04 13:46:00,JPM,company,0.826,Merger/Acquisition,7.4,0.961,"JPMorgan Chase completes acquisition ahead of schedule, synergies seen in a landmark result. Traders cited improving fundamentals and strong"
ST00920,T00920,social,2026-08-04 14:46:00,JNJ,company,-0.515,Other,2.9,0.995,$JNJ getting hammered rn 📉 🤔
SN00408,N00408,news,2026-08-04 14:54:00,GOOGL,company,0.872,Merger/Acquisition,7.1,0.953,"Alphabet to acquire a rival in a $34bn deal expected to boost margins, sparking a strong rally. Traders cited improving fundamentals and str"
SN00409,N00409,news,2026-08-04 15:11:00,GOOGL,company,0.496,Regulatory/Legal,2.9,0.979,Alphabet settles lawsuit on favourable terms. Traders cited improving fundamentals and strong momentum.
SN00411,N00411,news,2026-08-04 15:36:00,META,company,0.877,Earnings,6.9,0.974,"Meta Platforms raises full-year guidance after a strong quarter, sparking a strong rally. Traders cited improving fundamentals and strong mo"
SN00410,N00410,news,2026-08-04 15:36:00,,market,-0.719,Macroeconomic,8.6,0.907,"Central bank signals higher rates for longer in what analysts call a major shock. Investors reacted cautiously, citing uncertainty over near"
SN00412,N00412,news,2026-08-04 16:18:00,JPM,company,-0.772,Merger/Acquisition,5.0,0.97,"JPMorgan Chase overpays for acquisition, analysts warn of dilution. Investors reacted cautiously, citing uncertainty over near-term outlook."
ST00921,T00921,social,2026-08-04 16:55:00,AMZN,company,-0.344,Other,2.7,0.991,"sold my $AMZN, not liking this #stocks"
SN00413,N00413,news,2026-08-04 16:58:00,CVX,company,0.717,Earnings,5.4,0.987,"Chevron beats quarterly earnings estimates as revenue climbs 7.7%. Investors responded positively, with analysts raising price targets."
ST00922,T00922,social,2026-08-04 17:09:00,,market,-0.545,Macroeconomic,5.5,0.973,recession signals flashing red 🚨 #macro #trading
SN00414,N00414,news,2026-08-04 17:29:00,WMT,company,-0.852,Earnings,7.9,0.968,"Walmart misses earnings expectations as margins shrink in what analysts call a major shock. Investors reacted cautiously, citing uncertainty"
SN00415,N00415,news,2026-08-04 18:06:00,JPM,company,0.341,Product Launch,2.1,0.961,JPMorgan Chase announces date for its next wealth platform event. The development was largely expected by market participants.
ST00923,T00923,social,2026-08-04 18:19:00,BAC,company,-0.001,Other,2.0,0.996,"$BAC FLAT, NOTHING HAPPENING"
SN00416,N00416,news,2026-08-04 18:28:00,XOM,company,0.776,Product Launch,3.8,0.947,"Exxon Mobil launches LNG project to strong reviews, lifting shares. Investors responded positively, with analysts raising price targets."
SN00417,N00417,news,2026-08-04 18:43:00,PFE,company,0.764,Merger/Acquisition,5.8,0.977,Pfizer to acquire a rival in a $13bn deal expected to boost margins. Traders cited improving fundamentals and strong momentum.
ST00924,T00924,social,2026-08-04 18:47:00,AAPL,company,0.509,Merger/Acquisition,3.1,0.993,"bought more $AAPL on the dip, feeling good 📈 🤔"
ST00925,T00925,social,2026-08-04 19:28:00,AAPL,company,-0.637,Earnings,5.4,0.988,"$AAPL margins shrinking, earnings were weak"
SN00418,N00418,news,2026-08-04 19:42:00,GS,company,0.87,Earnings,7.7,0.976,Goldman Sachs raises full-year guidance after a strong quarter in a landmark result. Traders cited improving fundamentals and strong momentu
ST00926,T00926,social,2026-08-04 20:23:00,GOOGL,company,-0.537,Regulatory/Legal,5.5,0.983,"$GOOGL fined again, regulators not messing around"
ST00927,T00927,social,2026-08-04 20:35:00,GOOGL,company,-0.194,Other,2.0,0.996,$GOOGL volume is low today
SN00419,N00419,news,2026-08-04 20:57:00,WMT,company,-0.856,Product Launch,8.8,0.97,Walmart recalls delivery service over safety defect in what analysts call a major shock. Analysts flagged downside risks and trimmed their e
ST00928,T00928,social,2026-08-05 06:00:00,GS,company,-0.156,Other,3.0,0.99,$GS breakout incoming?? 🔥 #trading
ST00929,T00929,social,2026-08-05 06:24:00,META,company,-0.001,Other,2.2,0.989,"$META flat, nothing happening #markets"
ST00930,T00930,social,2026-08-05 07:01:00,JPM,company,0.437,Other,3.0,0.994,$JPM looking strong today 🚀 📊
SN00420,N00420,news,2026-08-05 07:06:00,KO,company,0.778,Credit Event,5.2,0.959,"S&P-style agency upgrades Coca-Cola to AA on improving leverage. Investors responded positively, with analysts raising price targets."
SN00421,N00421,news,2026-08-05 07:19:00,MSFT,company,-0.878,Earnings,8.7,0.953,"Microsoft cuts full-year outlook citing weak demand in what analysts call a major shock. Investors reacted cautiously, citing uncertainty ov"
ST00931,T00931,social,2026-08-05 07:23:00,AAPL,company,-0.003,Other,1.9,0.996,"$AAPL flat, nothing happening"
SN00422,N00422,news,2026-08-05 07:31:00,WMT,company,0.781,Credit Event,5.5,0.965,"a major rating agency upgrades Walmart to BBB- on improving leverage. Investors responded positively, with analysts raising price targets."
SN00423,N00423,news,2026-08-05 07:34:00,MSFT,company,0.753,Regulatory/Legal,5.0,0.961,"Microsoft settles lawsuit on favourable terms, sparking a strong rally. Investors responded positively, with analysts raising price targets."
ST00932,T00932,social,2026-08-05 07:47:00,MSFT,company,0.668,Other,3.0,0.993,"RT @user_5464: $MSFT crushing it, bullish 🤔"
ST00933,T00933,social,2026-08-05 07:52:00,AAPL,company,-0.543,Credit Event,5.4,0.967,"$AAPL downgraded, spreads widening ⚠️ #credit #investing"
SN00424,N00424,news,2026-08-05 07:56:00,META,company,0.784,Credit Event,5.1,0.97,Moody's-style agency upgrades Meta Platforms to AA on improving leverage. Traders cited improving fundamentals and strong momentum.
SN00425,N00425,news,2026-08-05 08:20:00,NVDA,company,0.202,Credit Event,2.1,0.924,Moody's-style agency affirms NVIDIA at A+ with a stable outlook. The development was largely expected by market participants.
SN00426,N00426,news,2026-08-05 08:33:00,,market,-0.886,Geopolitical,7.8,0.914,"Tariffs on imports from the Middle East spark fears of a trade war, triggering a sharp selloff. Analysts flagged downside risks and trimmed "
ST00934,T00934,social,2026-08-05 08:49:00,JPM,company,0.548,Earnings,5.2,0.988,$JPM earnings beat!! EPS way above estimates 🚀
ST00935,T00935,social,2026-08-05 08:57:00,CVX,company,-0.347,Other,3.0,0.993,"sold my $CVX, not liking this #trading"
ST00936,T00936,social,2026-08-05 09:02:00,WMT,company,0.001,Other,1.9,0.996,anyone have thoughts on $WMT?
ST00937,T00937,social,2026-08-05 09:32:00,BAC,company,-0.001,Other,2.0,0.996,anyone have thoughts on $BAC? 📊
ST00938,T00938,social,2026-08-05 09:35:00,AAPL,company,-0.476,Merger/Acquisition,5.1,0.984,$AAPL overpaying for this acquisition imo 📊
ST00939,T00939,social,2026-08-05 09:35:00,,market,-0.629,Macroeconomic,5.6,0.979,RECESSION SIGNALS FLASHING RED 🚨 #MACRO #TRADING 👀
ST00940,T00940,social,2026-08-05 10:09:00,WMT,company,-0.195,Other,1.9,0.996,$WMT volume is low today
ST00941,T00941,social,2026-08-05 10:13:00,PFE,company,0.001,Other,1.9,0.996,RT @user_8440: anyone have thoughts on $PFE?
ST00942,T00942,social,2026-08-05 10:43:00,,market,-0.836,Geopolitical,6.5,0.976,"WAR ESCALATING, MARKETS GONNA BLEED 😰 #MARKETS #STOCKS"
SN00427,N00427,news,2026-08-05 10:44:00,MSFT,company,0.839,Merger/Acquisition,6.0,0.963,"Microsoft to acquire a rival in a $15bn deal expected to boost margins, lifting shares. Traders cited improving fundamentals and strong mome"
ST00943,T00943,social,2026-08-05 10:53:00,NVDA,company,0.635,Merger/Acquisition,3.1,0.994,"BOUGHT MORE $NVDA ON THE DIP, FEELING GOOD 📈"
SN00428,N00428,news,2026-08-05 11:00:00,CVX,company,0.002,Merger/Acquisition,2.2,0.954,Chevron confirms it is in talks over a possible acquisition. Analysts said it was too early to assess any lasting impact.
ST00944,T00944,social,2026-08-05 11:28:00,META,company,-0.194,Other,1.9,0.995,$META volume is low today
ST00945,T00945,social,2026-08-05 11:55:00,AMZN,company,-0.656,Other,3.0,0.99,ugh $AMZN again... down bad #stocks
SN00429,N00429,news,2026-08-05 11:59:00,CVX,company,-0.846,Credit Event,8.5,0.88,"Chevron raises loan loss provisions by 13.9% as defaults rise in what analysts call a major shock. Investors reacted cautiously, citing unce"
ST00946,T00946,social,2026-08-05 12:11:00,GS,company,0.421,Other,3.2,0.991,$GS looking strong today 🚀 #markets
ST00947,T00947,social,2026-08-05 12:16:00,PFE,company,0.781,Regulatory/Legal,5.1,0.975,$PFE wins approval 🎉 big relief #trading 💬
ST00948,T00948,social,2026-08-05 12:28:00,KO,company,0.069,Product Launch,5.0,0.991,$KO new launch looks 🔥 early demand is huge 💬
ST00949,T00949,social,2026-08-05 12:50:00,META,company,-0.002,Other,2.0,0.997,RT @user_5516: WATCHING $META TODAY
SN00430,N00430,news,2026-08-05 13:18:00,PFE,company,-0.84,Credit Event,7.6,0.936,"Pfizer raises loan loss provisions by 7.5% as defaults rise, triggering a sharp selloff. Investors reacted cautiously, citing uncertainty ov"
ST00950,T00950,social,2026-08-05 13:57:00,AAPL,company,0.437,Other,3.0,0.994,$AAPL looking strong today 🚀
ST00951,T00951,social,2026-08-05 14:03:00,META,company,0.001,Other,1.9,0.996,anyone have thoughts on $META?
ST00952,T00952,social,2026-08-05 14:07:00,JPM,company,0.675,Credit Event,4.9,0.982,"$JPM credit upgrade, balance sheet looking healthier ✅ #stocks"
SN00431,N00431,news,2026-08-05 14:33:00,AAPL,company,-0.726,Product Launch,6.4,0.971,Apple recalls AI chip over safety defect. Analysts flagged downside risks and trimmed their estimates.
ST00953,T00953,social,2026-08-05 14:35:00,AMZN,company,-0.655,Other,2.9,0.99,ugh $AMZN again... down bad #markets
SN00432,N00432,news,2026-08-05 15:10:00,META,company,0.839,Earnings,6.4,0.98,"Meta Platforms posts record profit, with earnings per share ahead of consensus. Traders cited improving fundamentals and strong momentum."
ST00954,T00954,social,2026-08-05 15:16:00,,market,-0.837,Geopolitical,6.2,0.985,"war escalating, markets gonna bleed 😰 #markets 📊"
ST00955,T00955,social,2026-08-05 15:25:00,AAPL,company,-0.552,Credit Event,5.4,0.984,"$AAPL downgraded, spreads widening ⚠️ #credit"
ST00956,T00956,social,2026-08-05 15:29:00,AMZN,company,-0.759,Product Launch,5.2,0.986,"$AMZN product recall, yikes 😬"
ST00957,T00957,social,2026-08-05 15:39:00,GS,company,0.001,Other,1.9,0.996,anyone have thoughts on $GS?
ST00958,T00958,social,2026-08-05 15:40:00,AAPL,company,0.003,Other,1.9,0.993,watching $AAPL today #investing
SN00433,N00433,news,2026-08-05 15:41:00,XOM,company,0.87,Earnings,6.8,0.975,"Exxon Mobil raises full-year guidance after a strong quarter, sparking a strong rally. Investors responded positively, with analysts raising"
ST00959,T00959,social,2026-08-05 15:41:00,BAC,company,-0.001,Other,1.9,0.996,anyone have thoughts on $BAC?
SN00434,N00434,news,2026-08-05 15:46:00,CVX,company,-0.769,Regulatory/Legal,8.0,0.942,"Chevron hit with $200m fine by regulators, triggering a sharp selloff. Investors reacted cautiously, citing uncertainty over near-term outlo"
ST00960,T00960,social,2026-08-05 15:52:00,JPM,company,0.437,Other,3.0,0.994,$JPM looking strong today 🚀
SN00435,N00435,news,2026-08-05 15:52:00,NVDA,company,0.844,Earnings,7.6,0.977,"NVIDIA raises full-year guidance after a strong quarter in a landmark result. Investors responded positively, with analysts raising price ta"
ST00961,T00961,social,2026-08-05 16:33:00,META,company,0.668,Other,3.1,0.994,"$META crushing it, bullish"
ST00962,T00962,social,2026-08-05 18:12:00,BAC,company,-0.074,Merger/Acquisition,5.2,0.979,$BAC acquisition could be a game changer 👀🔥 #stocks
ST00963,T00963,social,2026-08-05 18:20:00,,market,-0.778,Geopolitical,6.2,0.975,RT @user_8390: sanctions + tariffs = chaos for stocks 📉 #geopolitics #investing
SN00436,N00436,news,2026-08-05 18:30:00,MSFT,company,0.66,Product Launch,4.7,0.979,"Microsoft unveils new AI chip, early orders exceed expectations. Traders cited improving fundamentals and strong momentum."
SN00437,N00437,news,2026-08-05 18:36:00,AAPL,company,-0.82,Product Launch,7.4,0.957,Apple delays software suite launch after quality issues in what analysts call a major shock. Analysts flagged downside risks and trimmed the
ST00964,T00964,social,2026-08-05 18:54:00,NVDA,company,-0.004,Other,2.0,0.99,"$NVDA flat, nothing happening #markets 👀"
SN00438,N00438,news,2026-08-05 19:09:00,CVX,company,-0.439,Earnings,5.7,0.98,"Chevron reports revenue decline of 7.4% year over year. Investors reacted cautiously, citing uncertainty over near-term outlook."
SN00439,N00439,news,2026-08-05 19:14:00,,market,0.768,Geopolitical,6.9,0.924,"Ceasefire in the South China Sea lifts global risk appetite in a landmark result. Investors responded positively, with analysts raising pric"
ST00965,T00965,social,2026-08-05 20:09:00,NVDA,company,0.011,Other,2.4,0.991,watching $NVDA today #markets
SN00440,N00440,news,2026-08-05 20:14:00,AMZN,company,-0.869,Earnings,7.8,0.958,"Amazon cuts full-year outlook citing weak demand, triggering a sharp selloff. Investors reacted cautiously, citing uncertainty over near-ter"
SN00441,N00441,news,2026-08-05 20:27:00,AAPL,company,-0.783,Earnings,6.9,0.972,"Apple reports revenue decline of 7.8% year over year, triggering a sharp selloff. Analysts flagged downside risks and trimmed their estimate"
ST00966,T00966,social,2026-08-05 20:38:00,AAPL,company,0.18,Earnings,5.3,0.982,"$AAPL SMASHING GUIDANCE, LOADING UP 📈"
ST00967,T00967,social,2026-08-06 06:00:00,MSFT,company,-0.718,Other,3.0,0.995,ugh $MSFT again... down bad 🔥
ST00968,T00968,social,2026-08-06 06:12:00,KO,company,0.435,Other,3.0,0.995,$KO looking strong today 🚀 💬
SN00442,N00442,news,2026-08-06 07:30:00,,market,-0.587,Geopolitical,8.0,0.914,"New sanctions disrupt energy supply chains linked to Eastern Europe, sending shares lower. Investors reacted cautiously, citing uncertainty "
ST00969,T00969,social,2026-08-06 07:33:00,GOOGL,company,0.179,Earnings,5.4,0.981,"$GOOGL smashing guidance, loading up 📈"
ST00970,T00970,social,2026-08-06 07:47:00,,market,0.149,Macroeconomic,6.2,0.981,"inflation print hot, fed won't cut 😬 #Fed #investing 👀"
SN00443,N00443,news,2026-08-06 07:54:00,PFE,company,-0.663,Regulatory/Legal,6.3,0.969,"Pfizer faces new government investigation into its practices. Investors reacted cautiously, citing uncertainty over near-term outlook."
SN00444,N00444,news,2026-08-06 07:59:00,AMZN,company,-0.6,Product Launch,5.1,0.957,"Amazon delays private-label line launch after quality issues, sending shares lower. Investors reacted cautiously, citing uncertainty over ne"
SN00445,N00445,news,2026-08-06 08:07:00,PFE,company,-0.834,Merger/Acquisition,8.7,0.947,Pfizer faces antitrust challenge over proposed $6bn merger in what analysts call a major shock. Analysts flagged downside risks and trimmed 
ST00971,T00971,social,2026-08-06 08:09:00,,market,-0.576,Macroeconomic,5.9,0.987,recession signals flashing red 🚨 #macro
ST00972,T00972,social,2026-08-06 08:26:00,CVX,company,-0.529,Regulatory/Legal,5.2,0.986,"$CVX fined again, regulators not messing around"
ST00973,T00973,social,2026-08-06 08:30:00,JPM,company,-0.192,Other,1.9,0.996,$JPM volume is low today
ST00974,T00974,social,2026-08-06 08:41:00,GS,company,0.068,Product Launch,5.0,0.988,$GS new launch looks 🔥 early demand is huge #investing 💬
ST00975,T00975,social,2026-08-06 08:52:00,WMT,company,-0.149,Other,3.1,0.995,$WMT breakout incoming?? 🔥
ST00976,T00976,social,2026-08-06 08:56:00,WMT,company,-0.61,Product Launch,5.4,0.983,"$WMT delaying the launch again, not good 📊"
SN00446,N00446,news,2026-08-06 09:05:00,GOOGL,company,-0.008,Regulatory/Legal,1.9,0.973,Regulators open consultation on rules affecting the Communication sector. The development was largely expected by market participants.
SN00447,N00447,news,2026-08-06 09:14:00,JPM,company,0.753,Product Launch,3.1,0.979,JPMorgan Chase launches wealth platform to strong reviews. Traders cited improving fundamentals and strong momentum.
ST00977,T00977,social,2026-08-06 09:32:00,,market,-0.776,Geopolitical,6.4,0.978,sanctions + tariffs = chaos for stocks 📉 #geopolitics #markets
SN00448,N00448,news,2026-08-06 09:36:00,META,company,0.805,Regulatory/Legal,4.5,0.977,Meta Platforms wins regulatory approval for its ad platform. Traders cited improving fundamentals and strong momentum.
ST00978,T00978,social,2026-08-06 10:20:00,KO,company,0.503,Other,3.0,0.992,$KO LOOKING STRONG TODAY 🚀 #STOCKS
SN00449,N00449,news,2026-08-06 10:49:00,XOM,company,-0.83,Regulatory/Legal,9.3,0.951,Exxon Mobil hit with $1500m fine by regulators in what analysts call a major shock. Analysts flagged downside risks and trimmed their estima
ST00979,T00979,social,2026-08-06 11:16:00,XOM,company,-0.194,Other,2.0,0.996,$XOM volume is low today
ST00980,T00980,social,2026-08-06 11:22:00,BAC,company,-0.001,Other,1.9,0.996,anyone have thoughts on $BAC?
ST00981,T00981,social,2026-08-06 11:33:00,WMT,company,0.004,Other,2.2,0.993,watching $WMT today #investing 🤔
SN00450,N00450,news,2026-08-06 11:37:00,GS,company,0.67,Merger/Acquisition,4.8,0.964,"Goldman Sachs completes acquisition ahead of schedule, synergies seen. Investors responded positively, with analysts raising price targets."
SN00451,N00451,news,2026-08-06 12:04:00,JPM,company,0.771,Product Launch,5.9,0.957,"JPMorgan Chase launches digital banking app to strong reviews in a landmark result. Investors responded positively, with analysts raising pr"
ST00982,T00982,social,2026-08-06 12:10:00,XOM,company,0.798,Regulatory/Legal,4.7,0.985,$XOM wins approval 🎉 big relief #markets
ST00983,T00983,social,2026-08-06 12:22:00,XOM,company,-0.001,Other,1.9,0.996,anyone have thoughts on $XOM?
ST00984,T00984,social,2026-08-06 12:44:00,XOM,company,-0.348,Other,2.8,0.995,"sold my $XOM, not liking this"
SN00452,N00452,news,2026-08-06 12:49:00,MSFT,company,0.843,Regulatory/Legal,6.9,0.952,"Microsoft wins regulatory approval for its AI chip in a landmark result. Investors responded positively, with analysts raising price targets"
ST00985,T00985,social,2026-08-06 12:52:00,AAPL,company,-0.759,Product Launch,5.2,0.986,"$AAPL product recall, yikes 😬"
ST00986,T00986,social,2026-08-06 13:07:00,PFE,company,0.668,Other,3.0,0.993,"$PFE crushing it, bullish"
SN00453,N00453,news,2026-08-06 13:20:00,GS,company,-0.765,Product Launch,6.0,0.961,"Goldman Sachs delays digital banking app launch after quality issues, triggering a sharp selloff. Investors reacted cautiously, citing uncer"
ST00987,T00987,social,2026-08-06 13:27:00,GS,company,-0.0,Other,1.9,0.997,watching $GS today 👀
ST00988,T00988,social,2026-08-06 13:29:00,JPM,company,-0.181,Other,2.5,0.982,$JPM breakout incoming?? 🔥 #markets 💬
ST00989,T00989,social,2026-08-06 13:34:00,NVDA,company,-0.15,Other,3.1,0.996,$NVDA breakout incoming?? 🔥 💬
ST00990,T00990,social,2026-08-06 13:38:00,PFE,company,0.636,Merger/Acquisition,3.1,0.994,"BOUGHT MORE $PFE ON THE DIP, FEELING GOOD 📈 👀"
ST00991,T00991,social,2026-08-06 13:44:00,AAPL,company,-0.743,Other,3.1,0.996,$AAPL looks bad 😬 bearish
ST00992,T00992,social,2026-08-06 14:17:00,,market,-0.831,Geopolitical,5.9,0.986,"war escalating, markets gonna bleed 😰 #markets"
ST00993,T00993,social,2026-08-06 14:18:00,KO,company,-0.579,Merger/Acquisition,5.5,0.983,"$KO merger facing antitrust heat, deal at risk"
ST00994,T00994,social,2026-08-06 14:26:00,JPM,company,-0.194,Other,1.9,0.995,$JPM volume is low today
ST00995,T00995,social,2026-08-06 14:31:00,,market,-0.784,Geopolitical,6.5,0.98,sanctions + tariffs = chaos for stocks 📉 #geopolitics
SN00454,N00454,news,2026-08-06 14:55:00,PFE,company,0.775,Product Launch,4.1,0.919,"Pfizer launches diagnostic test to strong reviews, lifting shares. Investors responded positively, with analysts raising price targets."
ST00996,T00996,social,2026-08-06 14:58:00,,market,-0.78,Geopolitical,6.5,0.979,sanctions + tariffs = chaos for stocks 📉 #geopolitics
SN00455,N00455,news,2026-08-06 15:14:00,NVDA,company,0.819,Earnings,6.4,0.977,"NVIDIA posts record profit, with earnings per share ahead of consensus. Investors responded positively, with analysts raising price targets."
ST00997,T00997,social,2026-08-06 15:15:00,GOOGL,company,-0.192,Other,1.9,0.996,$GOOGL volume is low today
ST00998,T00998,social,2026-08-06 15:17:00,XOM,company,-0.376,Other,1.7,0.995,$XOM volume is low today #trading 🔥
ST00999,T00999,social,2026-08-06 15:42:00,JPM,company,0.436,Other,3.0,0.995,$JPM looking strong today 🚀
ST01000,T01000,social,2026-08-06 16:09:00,NVDA,company,-0.193,Other,2.0,0.996,$NVDA volume is low today
ST01001,T01001,social,2026-08-06 16:25:00,BAC,company,0.0,Other,2.0,0.997,watching $BAC today
ST01002,T01002,social,2026-08-06 16:30:00,JPM,company,0.181,Earnings,5.4,0.978,"$JPM smashing guidance, loading up 📈"
ST01003,T01003,social,2026-08-06 16:50:00,WMT,company,-0.193,Other,2.0,0.996,$WMT volume is low today
ST01004,T01004,social,2026-08-06 17:12:00,JPM,company,-0.0,Other,2.1,0.993,ANYONE HAVE THOUGHTS ON $JPM? #STOCKS
SN00456,N00456,news,2026-08-06 17:18:00,WMT,company,-0.865,Regulatory/Legal,8.8,0.946,Walmart faces new government investigation into its practices in what analysts call a major shock. Analysts flagged downside risks and trimm
ST01005,T01005,social,2026-08-06 17:18:00,XOM,company,0.692,Credit Event,5.0,0.989,"$XOM credit upgrade, balance sheet looking healthier ✅"
ST01006,T01006,social,2026-08-06 17:22:00,GS,company,-0.15,Other,3.1,0.996,$GS breakout incoming?? 🔥
ST01007,T01007,social,2026-08-06 17:24:00,BAC,company,-0.348,Other,2.8,0.995,"RT @user_9687: sold my $BAC, not liking this 🤔"
ST01008,T01008,social,2026-08-06 17:34:00,BAC,company,-0.79,Earnings,5.3,0.986,$BAC missed earnings and cut guide... brutal 📉
ST01009,T01009,social,2026-08-06 17:54:00,META,company,-0.653,Other,2.8,0.991,ugh $META again... down bad #markets
SN00457,N00457,news,2026-08-06 18:04:00,KO,company,0.837,Merger/Acquisition,6.2,0.942,"Coca-Cola completes acquisition ahead of schedule, synergies seen, sparking a strong rally. Investors responded positively, with analysts ra"
ST01010,T01010,social,2026-08-06 18:07:00,BAC,company,-0.659,Other,3.0,0.995,ugh $BAC again... down bad
ST01011,T01011,social,2026-08-06 18:15:00,AAPL,company,0.437,Other,3.0,0.994,$AAPL looking strong today 🚀
ST01012,T01012,social,2026-08-06 18:32:00,AMZN,company,-0.001,Other,2.1,0.988,"$AMZN flat, nothing happening #markets"
SN00458,N00458,news,2026-08-06 19:20:00,BAC,company,-0.744,Credit Event,6.7,0.954,"Bank of America bond spreads widen on liquidity concerns, sending shares lower. Investors reacted cautiously, citing uncertainty over near-t"
ST01013,T01013,social,2026-08-06 19:20:00,,market,0.138,Macroeconomic,6.3,0.983,"inflation print hot, fed won't cut 😬 #Fed #stocks 👀"
ST01014,T01014,social,2026-08-06 19:41:00,XOM,company,0.51,Merger/Acquisition,3.1,0.994,"bought more $XOM on the dip, feeling good 📈"
ST01015,T01015,social,2026-08-06 19:55:00,NVDA,company,0.509,Merger/Acquisition,3.1,0.994,"bought more $NVDA on the dip, feeling good 📈"
ST01016,T01016,social,2026-08-06 20:13:00,PFE,company,-0.765,Other,3.1,0.989,$PFE LOOKS BAD 😬 BEARISH #MARKETS 🤔
ST01017,T01017,social,2026-08-06 20:19:00,WMT,company,-0.002,Other,2.0,0.997,watching $WMT today
SN00459,N00459,news,2026-08-06 20:23:00,XOM,company,-0.836,Product Launch,8.3,0.959,"Exxon Mobil recalls LNG project over safety defect, triggering a sharp selloff. Investors reacted cautiously, citing uncertainty over near-t"
ST01018,T01018,social,2026-08-06 20:25:00,BAC,company,-0.765,Other,3.2,0.991,$BAC LOOKS BAD 😬 BEARISH #TRADING
ST01019,T01019,social,2026-08-06 20:39:00,META,company,-0.191,Other,2.1,0.994,$META volume is low today #stocks 💬
ST01020,T01020,social,2026-08-07 06:01:00,GS,company,0.49,Merger/Acquisition,3.1,0.991,"bought more $GS on the dip, feeling good 📈 #investing"
ST01021,T01021,social,2026-08-07 06:35:00,KO,company,-0.167,Other,3.0,0.988,$KO BREAKOUT INCOMING?? 🔥 #INVESTING
SN00460,N00460,news,2026-08-07 06:41:00,AAPL,company,-0.836,Regulatory/Legal,7.8,0.953,"Apple loses court ruling, appeal expected in what analysts call a major shock. Analysts flagged downside risks and trimmed their estimates."
SN00461,N00461,news,2026-08-07 06:58:00,GOOGL,company,0.845,Credit Event,5.5,0.942,"S&P-style agency upgrades Alphabet to BB+ on improving leverage, lifting shares. Traders cited improving fundamentals and strong momentum."
ST01022,T01022,social,2026-08-07 07:00:00,JNJ,company,-0.193,Other,2.0,0.996,$JNJ volume is low today
ST01023,T01023,social,2026-08-07 07:11:00,,market,-0.559,Macroeconomic,6.1,0.97,recession signals flashing red 🚨 #macro #markets
ST01024,T01024,social,2026-08-07 07:35:00,JNJ,company,-0.732,Other,2.9,0.989,$JNJ looks bad 😬 bearish #markets
SN00462,N00462,news,2026-08-07 08:06:00,CVX,company,-0.734,Regulatory/Legal,6.3,0.973,Chevron faces new government investigation into its practices. Analysts flagged downside risks and trimmed their estimates.
ST01025,T01025,social,2026-08-07 08:36:00,MSFT,company,-0.743,Other,3.1,0.996,$MSFT looks bad 😬 bearish
SN00463,N00463,news,2026-08-07 08:44:00,NVDA,company,0.788,Product Launch,4.0,0.951,"NVIDIA launches developer toolkit to strong reviews, lifting shares. Traders cited improving fundamentals and strong momentum."
SN00464,N00464,news,2026-08-07 09:19:00,,market,-0.901,Macroeconomic,10.0,0.904,GDP contracts by 4.3% in surprise slowdown in what analysts call a major shock. Analysts flagged downside risks and trimmed their estimates.
ST01026,T01026,social,2026-08-07 09:20:00,GOOGL,company,0.435,Other,3.0,0.995,$GOOGL looking strong today 🚀
ST01027,T01027,social,2026-08-07 09:27:00,WMT,company,0.809,Regulatory/Legal,5.0,0.994,$WMT wins approval 🎉 big relief
ST01028,T01028,social,2026-08-07 09:29:00,KO,company,-0.548,Credit Event,5.1,0.987,"RT @user_8703: $KO downgraded, spreads widening ⚠️ #credit"
ST01029,T01029,social,2026-08-07 09:45:00,NVDA,company,0.421,Other,3.2,0.991,$NVDA looking strong today 🚀 #markets 📊
ST01030,T01030,social,2026-08-07 10:15:00,,market,-0.565,Macroeconomic,5.8,0.977,recession signals flashing red 🚨 #macro #trading
SN00465,N00465,news,2026-08-07 10:16:00,WMT,company,-0.869,Earnings,7.7,0.967,Walmart misses earnings expectations as margins shrink in what analysts call a major shock. Analysts flagged downside risks and trimmed thei
ST01032,T01032,social,2026-08-07 10:35:00,BAC,company,-0.659,Other,3.0,0.995,ugh $BAC again... down bad
ST01031,T01031,social,2026-08-07 10:35:00,PFE,company,-0.755,Product Launch,5.2,0.987,"$PFE product recall, yikes 😬 👀"
ST01033,T01033,social,2026-08-07 10:43:00,AAPL,company,-0.346,Other,2.7,0.994,"sold my $AAPL, not liking this"
ST01034,T01034,social,2026-08-07 10:45:00,KO,company,-0.071,Merger/Acquisition,5.0,0.979,$KO acquisition could be a game changer 👀🔥 #markets
SN00466,N00466,news,2026-08-07 11:09:00,CVX,company,-0.812,Earnings,6.3,0.981,Chevron cuts full-year outlook citing weak demand. Analysts flagged downside risks and trimmed their estimates.
ST01035,T01035,social,2026-08-07 11:14:00,XOM,company,0.177,Other,2.0,0.99,"$XOM flat, nothing happening #markets 🔥"
ST01036,T01036,social,2026-08-07 11:20:00,,market,-0.861,Geopolitical,6.2,0.985,"WAR ESCALATING, MARKETS GONNA BLEED 😰 #MARKETS"
ST01037,T01037,social,2026-08-07 11:47:00,JNJ,company,0.51,Merger/Acquisition,3.1,0.994,"bought more $JNJ on the dip, feeling good 📈"
SN00467,N00467,news,2026-08-07 11:49:00,XOM,company,0.832,Product Launch,6.3,0.965,"Exxon Mobil unveils new LNG project, early orders exceed expectations, sparking a strong rally. Traders cited improving fundamentals and str"
ST01038,T01038,social,2026-08-07 12:32:00,MSFT,company,0.643,Other,2.9,0.987,"RT @user_2145: $MSFT crushing it, bullish #trading"
ST01039,T01039,social,2026-08-07 12:35:00,JPM,company,-0.195,Other,1.9,0.996,$JPM volume is low today
ST01040,T01040,social,2026-08-07 12:52:00,MSFT,company,-0.002,Other,1.9,0.996,watching $MSFT today
ST01041,T01041,social,2026-08-07 13:01:00,PFE,company,-0.002,Other,2.0,0.997,watching $PFE today
SN00468,N00468,news,2026-08-07 13:07:00,JNJ,company,-0.718,Product Launch,5.9,0.966,Johnson & Johnson recalls vaccine over safety defect. Analysts flagged downside risks and trimmed their estimates.
ST01042,T01042,social,2026-08-07 13:33:00,JPM,company,0.556,Earnings,5.5,0.987,$JPM earnings beat!! EPS way above estimates 🚀
ST01043,T01043,social,2026-08-07 13:59:00,,market,-0.781,Geopolitical,6.4,0.978,sanctions + tariffs = chaos for stocks 📉 #geopolitics
SN00469,N00469,news,2026-08-07 14:27:00,,market,-0.454,Macroeconomic,7.0,0.946,"Central bank signals higher rates for longer, sending shares lower. Investors reacted cautiously, citing uncertainty over near-term outlook."
ST01044,T01044,social,2026-08-07 14:35:00,WMT,company,-0.659,Other,3.0,0.995,ugh $WMT again... down bad 💬
ST01045,T01045,social,2026-08-07 14:44:00,AAPL,company,-0.346,Other,2.7,0.994,"sold my $AAPL, not liking this"
SN00470,N00470,news,2026-08-07 15:08:00,,market,-0.865,Macroeconomic,8.5,0.859,"Recession fears mount as unemployment rises, sending shares lower. Investors reacted cautiously, citing uncertainty over near-term outlook."
ST01046,T01046,social,2026-08-07 15:14:00,PFE,company,0.509,Merger/Acquisition,3.1,0.993,"bought more $PFE on the dip, feeling good 📈 💬"
ST01047,T01047,social,2026-08-07 15:15:00,JNJ,company,-0.519,Regulatory/Legal,4.8,0.982,"$JNJ fined again, regulators not messing around"
SN00471,N00471,news,2026-08-07 15:26:00,META,company,0.753,Regulatory/Legal,5.0,0.961,"Meta Platforms settles lawsuit on favourable terms, sparking a strong rally. Investors responded positively, with analysts raising price tar"
ST01048,T01048,social,2026-08-07 16:01:00,NVDA,company,-0.725,Other,3.1,0.989,$NVDA looks bad 😬 bearish #investing
ST01049,T01049,social,2026-08-07 16:07:00,GOOGL,company,-0.16,Other,3.3,0.989,$GOOGL breakout incoming?? 🔥 #stocks
SN00472,N00472,news,2026-08-07 16:08:00,GS,company,0.887,Regulatory/Legal,7.1,0.95,Goldman Sachs wins regulatory approval for its wealth platform in a landmark result. Traders cited improving fundamentals and strong momentu
SN00473,N00473,news,2026-08-07 16:15:00,XOM,company,-0.588,Earnings,6.0,0.961,"Exxon Mobil reports revenue decline of 13.6% year over year, sending shares lower. Analysts flagged downside risks and trimmed their estimat"
ST01050,T01050,social,2026-08-07 16:22:00,GS,company,-0.002,Other,1.9,0.996,watching $GS today
SN00474,N00474,news,2026-08-07 16:31:00,JPM,company,0.86,Earnings,6.7,0.976,"JPMorgan Chase beats quarterly earnings estimates as revenue climbs 12.7%, sparking a strong rally. Investors responded positively, with ana"
SN00475,N00475,news,2026-08-07 16:34:00,GOOGL,company,-0.002,Product Launch,2.0,0.956,Alphabet announces date for its next streaming service event. The development was largely expected by market participants.
SN00476,N00476,news,2026-08-07 16:35:00,AMZN,company,-0.004,Merger/Acquisition,2.2,0.937,Amazon confirms it is in talks over a possible acquisition. Analysts said it was too early to assess any lasting impact.
ST01051,T01051,social,2026-08-07 16:44:00,PFE,company,-0.005,Other,2.2,0.992,"$PFE flat, nothing happening #investing"
ST01052,T01052,social,2026-08-07 17:10:00,,market,-0.734,Macroeconomic,5.9,0.987,RECESSION SIGNALS FLASHING RED 🚨 #MACRO 🔥
SN00477,N00477,news,2026-08-07 17:12:00,AMZN,company,0.818,Earnings,7.8,0.976,"Amazon beats quarterly earnings estimates as revenue climbs 7.6% in a landmark result. Investors responded positively, with analysts raising"
SN00478,N00478,news,2026-08-07 17:30:00,GS,company,0.752,Merger/Acquisition,5.6,0.967,Goldman Sachs to acquire a rival in a $37bn deal expected to boost margins. Traders cited improving fundamentals and strong momentum.
ST01053,T01053,social,2026-08-07 18:01:00,META,company,-0.339,Other,2.9,0.992,"sold my $META, not liking this #investing"
ST01054,T01054,social,2026-08-07 18:38:00,GS,company,-0.15,Other,3.1,0.996,$GS breakout incoming?? 🔥
ST01056,T01056,social,2026-08-07 18:48:00,JPM,company,0.665,Other,2.9,0.994,"$JPM crushing it, bullish"
ST01055,T01055,social,2026-08-07 18:48:00,META,company,-0.058,Earnings,5.3,0.982,"$META smashing guidance, loading up 📈 🔥"
ST01057,T01057,social,2026-08-07 19:12:00,KO,company,0.668,Other,3.0,0.994,"$KO crushing it, bullish"
SN00479,N00479,news,2026-08-07 19:19:00,,market,-0.012,Geopolitical,2.7,0.753,World leaders meet in the Red Sea for talks. Analysts said it was too early to assess any lasting impact.
ST01058,T01058,social,2026-08-07 19:26:00,CVX,company,-0.192,Other,1.9,0.996,$CVX volume is low today
ST01059,T01059,social,2026-08-07 19:32:00,GOOGL,company,0.161,Earnings,5.3,0.958,"$GOOGL SMASHING GUIDANCE, LOADING UP 📈 #TRADING"
ST01060,T01060,social,2026-08-07 19:42:00,AAPL,company,0.0,Other,2.0,0.997,watching $AAPL today 💬
ST01061,T01061,social,2026-08-07 19:49:00,AAPL,company,0.66,Other,3.3,0.988,"$AAPL crushing it, bullish #stocks"
ST01062,T01062,social,2026-08-07 20:19:00,CVX,company,-0.518,Other,2.9,0.995,$CVX getting hammered rn 📉
SN00480,N00480,news,2026-08-07 20:38:00,JNJ,company,-0.832,Earnings,7.1,0.964,"Johnson & Johnson cuts full-year outlook citing weak demand, sending shares lower. Analysts flagged downside risks and trimmed their estimat"
SN00481,N00481,news,2026-08-07 20:54:00,PFE,company,-0.653,Regulatory/Legal,6.1,0.959,"Pfizer loses court ruling, appeal expected, sending shares lower. Investors reacted cautiously, citing uncertainty over near-term outlook."
SN00482,N00482,news,2026-08-10 06:07:00,AAPL,company,-0.896,Credit Event,9.2,0.939,"Apple warns of covenant breach as cash flow tightens, triggering a sharp selloff. Investors reacted cautiously, citing uncertainty over near"
ST01063,T01063,social,2026-08-10 06:33:00,META,company,-0.518,Other,2.9,0.996,$META getting hammered rn 📉
SN00483,N00483,news,2026-08-10 07:07:00,WMT,company,-0.766,Earnings,4.8,0.982,Walmart misses earnings expectations as margins shrink. Analysts flagged downside risks and trimmed their estimates.
ST01064,T01064,social,2026-08-10 07:08:00,AMZN,company,-0.636,Earnings,5.2,0.975,"$AMZN margins shrinking, earnings were weak #markets 💬"
SN00484,N00484,news,2026-08-10 07:31:00,MSFT,company,0.546,Product Launch,4.8,0.967,"Microsoft unveils new cloud platform, early orders exceed expectations. Investors responded positively, with analysts raising price targets."
SN00485,N00485,news,2026-08-10 07:33:00,WMT,company,-0.845,Credit Event,7.7,0.95,"Walmart bond spreads widen on liquidity concerns, triggering a sharp selloff. Investors reacted cautiously, citing uncertainty over near-ter"
SN00486,N00486,news,2026-08-10 07:37:00,AAPL,company,-0.894,Earnings,7.9,0.963,"Apple cuts full-year outlook citing weak demand, triggering a sharp selloff. Analysts flagged downside risks and trimmed their estimates."
ST01065,T01065,social,2026-08-10 09:11:00,NVDA,company,-0.15,Other,3.1,0.996,$NVDA breakout incoming?? 🔥
SN00487,N00487,news,2026-08-10 09:16:00,MSFT,company,0.83,Credit Event,5.7,0.957,"a major rating agency upgrades Microsoft to AA on improving leverage, lifting shares. Traders cited improving fundamentals and strong moment"
ST01066,T01066,social,2026-08-10 09:21:00,META,company,0.778,Regulatory/Legal,4.7,0.979,$META wins approval 🎉 big relief #investing
ST01067,T01067,social,2026-08-10 09:44:00,JNJ,company,-0.806,Earnings,5.2,0.987,$JNJ missed earnings and cut guide... brutal 📉 🔥
ST01068,T01068,social,2026-08-10 10:07:00,NVDA,company,0.509,Merger/Acquisition,3.1,0.994,"bought more $NVDA on the dip, feeling good 📈 🤔"
ST01069,T01069,social,2026-08-10 10:25:00,META,company,0.437,Other,3.1,0.995,$META looking strong today 🚀
ST01070,T01070,social,2026-08-10 11:07:00,GS,company,-0.189,Other,1.7,0.995,$GS volume is low today #trading
ST01071,T01071,social,2026-08-10 11:09:00,CVX,company,0.492,Merger/Acquisition,2.6,0.989,"bought more $CVX on the dip, feeling good 📈 #markets"
ST01072,T01072,social,2026-08-10 12:18:00,GS,company,-0.055,Merger/Acquisition,5.1,0.991,$GS acquisition could be a game changer 👀🔥
SN00488,N00488,news,2026-08-10 12:24:00,JPM,company,0.753,Earnings,5.0,0.983,"JPMorgan Chase raises full-year guidance after a strong quarter. Investors responded positively, with analysts raising price targets."
ST01073,T01073,social,2026-08-10 12:24:00,,market,-0.783,Geopolitical,6.6,0.973,sanctions + tariffs = chaos for stocks 📉 #geopolitics
ST01074,T01074,social,2026-08-10 12:42:00,MSFT,company,0.668,Other,3.0,0.994,"$MSFT crushing it, bullish"
ST01075,T01075,social,2026-08-10 12:51:00,WMT,company,-0.652,Regulatory/Legal,4.5,0.973,"$WMT under investigation, this could get ugly #trading"
SN00489,N00489,news,2026-08-10 13:40:00,PFE,company,-0.855,Credit Event,8.5,0.937,"Pfizer warns of covenant breach as cash flow tightens, sending shares lower. Analysts flagged downside risks and trimmed their estimates."
SN00490,N00490,news,2026-08-10 13:59:00,KO,company,0.803,Credit Event,5.2,0.947,S&P-style agency upgrades Coca-Cola to BB+ on improving leverage. Traders cited improving fundamentals and strong momentum.
ST01076,T01076,social,2026-08-10 14:01:00,,market,-0.643,Macroeconomic,5.9,0.986,RECESSION SIGNALS FLASHING RED 🚨 #MACRO
ST01077,T01077,social,2026-08-10 14:04:00,JPM,company,-0.149,Other,3.1,0.995,$JPM breakout incoming?? 🔥
ST01078,T01078,social,2026-08-10 14:34:00,JPM,company,-0.348,Other,2.8,0.994,"sold my $JPM, not liking this"
ST01079,T01079,social,2026-08-10 14:36:00,KO,company,0.665,Other,3.3,0.987,"$KO crushing it, bullish #stocks"
SN00491,N00491,news,2026-08-10 14:37:00,KO,company,0.67,Merger/Acquisition,4.8,0.964,"Coca-Cola completes acquisition ahead of schedule, synergies seen. Investors responded positively, with analysts raising price targets."
SN00492,N00492,news,2026-08-10 14:39:00,AMZN,company,-0.8,Merger/Acquisition,5.9,0.955,"Amazon walks away from $16bn takeover talks, triggering a sharp selloff. Analysts flagged downside risks and trimmed their estimates."
SN00493,N00493,news,2026-08-10 14:54:00,META,company,-0.867,Earnings,7.8,0.968,Meta Platforms misses earnings expectations as margins shrink in what analysts call a major shock. Analysts flagged downside risks and trimm
ST01080,T01080,social,2026-08-10 15:25:00,CVX,company,-0.743,Other,3.1,0.996,$CVX looks bad 😬 bearish
SN00494,N00494,news,2026-08-10 15:28:00,,market,0.83,Geopolitical,6.2,0.935,"Trade agreement signed with partners in North Africa cheers markets in a landmark result. Investors responded positively, with analysts rais"
ST01081,T01081,social,2026-08-10 15:43:00,KO,company,-0.071,Merger/Acquisition,5.0,0.979,RT @user_4229: $KO acquisition could be a game changer 👀🔥 #markets 📊
ST01082,T01082,social,2026-08-10 15:48:00,,market,0.13,Macroeconomic,6.6,0.986,"inflation print hot, fed won't cut 😬 #Fed"
ST01083,T01083,social,2026-08-10 16:00:00,XOM,company,0.437,Other,3.0,0.994,$XOM looking strong today 🚀
ST01084,T01084,social,2026-08-10 16:23:00,JPM,company,-0.055,Merger/Acquisition,5.1,0.99,$JPM acquisition could be a game changer 👀🔥
SN00495,N00495,news,2026-08-10 16:25:00,WMT,company,-0.747,Product Launch,7.0,0.964,"Walmart recalls delivery service over safety defect, sending shares lower. Analysts flagged downside risks and trimmed their estimates."
ST01085,T01085,social,2026-08-10 17:49:00,BAC,company,-0.654,Regulatory/Legal,4.3,0.981,"$BAC under investigation, this could get ugly #investing"
ST01086,T01086,social,2026-08-10 18:26:00,,market,-0.817,Geopolitical,6.5,0.972,"war escalating, markets gonna bleed 😰 #markets #trading"
ST01087,T01087,social,2026-08-10 18:43:00,NVDA,company,0.181,Earnings,5.4,0.983,"$NVDA smashing guidance, loading up 📈"
ST01088,T01088,social,2026-08-10 19:06:00,BAC,company,-0.662,Regulatory/Legal,4.5,0.987,"$BAC under investigation, this could get ugly"
SN00496,N00496,news,2026-08-10 19:27:00,META,company,-0.702,Product Launch,5.1,0.963,"Meta Platforms delays AI assistant launch after quality issues, sending shares lower. Analysts flagged downside risks and trimmed their esti"
SN00497,N00497,news,2026-08-10 19:35:00,MSFT,company,-0.841,Regulatory/Legal,8.1,0.952,"Microsoft loses court ruling, appeal expected in what analysts call a major shock. Analysts flagged downside risks and trimmed their estimat"
ST01089,T01089,social,2026-08-10 20:05:00,JNJ,company,0.418,Other,2.6,0.993,$JNJ looking strong today 🚀 #trading
ST01090,T01090,social,2026-08-10 20:21:00,GS,company,-0.001,Other,2.0,0.996,"$GS FLAT, NOTHING HAPPENING"
ST01091,T01091,social,2026-08-10 20:34:00,GS,company,-0.15,Other,3.1,0.996,$GS breakout incoming?? 🔥 🤔
ST01092,T01092,social,2026-08-10 20:37:00,JPM,company,-0.158,Other,3.2,0.99,$JPM breakout incoming?? 🔥 #stocks
ST01093,T01093,social,2026-08-10 20:42:00,AMZN,company,-0.518,Other,2.9,0.996,$AMZN getting hammered rn 📉
SN00498,N00498,news,2026-08-11 06:02:00,WMT,company,-0.868,Earnings,7.2,0.965,"Walmart misses earnings expectations as margins shrink, triggering a sharp selloff. Analysts flagged downside risks and trimmed their estima"
ST01094,T01094,social,2026-08-11 06:15:00,BAC,company,-0.742,Other,3.1,0.996,$BAC looks bad 😬 bearish
SN00499,N00499,news,2026-08-11 06:34:00,WMT,company,-0.004,Merger/Acquisition,2.2,0.937,Walmart confirms it is in talks over a possible acquisition. Analysts said it was too early to assess any lasting impact.
ST01095,T01095,social,2026-08-11 06:39:00,AAPL,company,-0.188,Other,1.9,0.995,$AAPL volume is low today #investing
SN00500,N00500,news,2026-08-11 06:55:00,WMT,company,-0.819,Product Launch,8.6,0.962,"Walmart recalls delivery service over safety defect in what analysts call a major shock. Investors reacted cautiously, citing uncertainty ov"
SN00501,N00501,news,2026-08-11 07:04:00,GS,company,0.78,Merger/Acquisition,7.1,0.962,"Goldman Sachs completes acquisition ahead of schedule, synergies seen in a landmark result. Investors responded positively, with analysts ra"
SN00502,N00502,news,2026-08-11 07:17:00,CVX,company,-0.841,Credit Event,8.0,0.943,Chevron warns of covenant breach as cash flow tightens. Analysts flagged downside risks and trimmed their estimates.
SN00503,N00503,news,2026-08-11 07:27:00,BAC,company,-0.004,Product Launch,2.3,0.95,Bank of America announces date for its next digital banking app event. The development was largely expected by market participants.
ST01096,T01096,social,2026-08-11 07:37:00,KO,company,0.411,Other,2.8,0.992,$KO looking strong today 🚀 #stocks
ST01097,T01097,social,2026-08-11 07:53:00,GOOGL,company,-0.055,Merger/Acquisition,5.0,0.99,$GOOGL acquisition could be a game changer 👀🔥
SN00504,N00504,news,2026-08-11 08:06:00,AAPL,company,-0.748,Product Launch,7.2,0.952,"Apple recalls AI chip over safety defect, sending shares lower. Analysts flagged downside risks and trimmed their estimates."
ST01098,T01098,social,2026-08-11 08:56:00,WMT,company,-0.649,Other,3.1,0.991,ugh $WMT again... down bad #trading
SN00505,N00505,news,2026-08-11 09:16:00,JPM,company,-0.774,Merger/Acquisition,4.9,0.967,"JPMorgan Chase overpays for acquisition, analysts warn of dilution. Investors reacted cautiously, citing uncertainty over near-term outlook."
ST01099,T01099,social,2026-08-11 09:19:00,AAPL,company,0.575,Other,3.0,0.994,"$AAPL crushing it, bullish 🔥"
SN00506,N00506,news,2026-08-11 09:30:00,MSFT,company,-0.776,Product Launch,6.0,0.968,"Microsoft delays AI chip launch after quality issues, triggering a sharp selloff. Investors reacted cautiously, citing uncertainty over near"
ST01100,T01100,social,2026-08-11 09:34:00,JPM,company,0.437,Other,3.1,0.995,$JPM looking strong today 🚀
ST01101,T01101,social,2026-08-11 09:38:00,,market,-0.817,Geopolitical,6.5,0.972,"war escalating, markets gonna bleed 😰 #markets #trading"
SN00507,N00507,news,2026-08-11 10:04:00,AAPL,company,-0.002,Product Launch,2.2,0.96,Apple announces date for its next software suite event. Analysts said it was too early to assess any lasting impact.
ST01102,T01102,social,2026-08-11 10:22:00,JNJ,company,0.696,Credit Event,5.3,0.99,"$JNJ credit upgrade, balance sheet looking healthier ✅ 💬"
SN00508,N00508,news,2026-08-11 10:58:00,,market,-0.888,Macroeconomic,9.4,0.867,"Inflation surprises to the upside at 2.1%, rate hike fears grow in what analysts call a major shock. Analysts flagged downside risks and tri"
SN00509,N00509,news,2026-08-11 11:02:00,MSFT,company,-0.817,Product Launch,8.1,0.955,"Microsoft recalls developer toolkit over safety defect, triggering a sharp selloff. Investors reacted cautiously, citing uncertainty over ne"
ST01103,T01103,social,2026-08-11 11:15:00,JPM,company,-0.004,Other,2.3,0.992,"$JPM flat, nothing happening #investing"
ST01104,T01104,social,2026-08-11 11:23:00,,market,0.196,Macroeconomic,6.2,0.988,"INFLATION PRINT HOT, FED WON'T CUT 😬 #FED 🤔"
ST01105,T01105,social,2026-08-11 11:27:00,KO,company,-0.192,Other,1.9,0.996,$KO volume is low today
ST01106,T01106,social,2026-08-11 12:12:00,CVX,company,-0.755,Product Launch,5.2,0.987,"$CVX product recall, yikes 😬"
ST01107,T01107,social,2026-08-11 12:14:00,JNJ,company,0.807,Regulatory/Legal,4.9,0.991,$JNJ wins approval 🎉 big relief
ST01108,T01108,social,2026-08-11 12:41:00,MSFT,company,-0.742,Other,3.1,0.996,$MSFT looks bad 😬 bearish 🤔
ST01109,T01109,social,2026-08-11 12:44:00,PFE,company,-0.569,Credit Event,5.2,0.984,"$PFE debt worries growing, bonds selling off 📊"
ST01110,T01110,social,2026-08-11 13:40:00,BAC,company,-0.732,Other,2.9,0.989,RT @user_5874: $BAC looks bad 😬 bearish #markets
SN00510,N00510,news,2026-08-11 13:42:00,JNJ,company,-0.722,Product Launch,5.9,0.97,Johnson & Johnson recalls oncology drug over safety defect. Analysts flagged downside risks and trimmed their estimates.
ST01111,T01111,social,2026-08-11 14:02:00,MSFT,company,0.509,Merger/Acquisition,3.1,0.993,"bought more $MSFT on the dip, feeling good 📈"
SN00511,N00511,news,2026-08-11 14:26:00,META,company,0.763,Earnings,5.3,0.981,Meta Platforms beats quarterly earnings estimates as revenue climbs 12.9%. Traders cited improving fundamentals and strong momentum.
ST01112,T01112,social,2026-08-11 14:26:00,JNJ,company,-0.003,Other,1.9,0.996,"$JNJ flat, nothing happening"
SN00512,N00512,news,2026-08-11 14:42:00,GOOGL,company,-0.863,Credit Event,8.6,0.939,"Alphabet bond spreads widen on liquidity concerns in what analysts call a major shock. Investors reacted cautiously, citing uncertainty over"
SN00513,N00513,news,2026-08-11 14:49:00,AMZN,company,-0.804,Product Launch,6.0,0.972,"Amazon delays beverage line launch after quality issues, triggering a sharp selloff. Analysts flagged downside risks and trimmed their estim"
ST01113,T01113,social,2026-08-11 14:51:00,AMZN,company,-0.66,Other,3.0,0.995,ugh $AMZN again... down bad
SN00514,N00514,news,2026-08-11 14:51:00,PFE,company,-0.799,Merger/Acquisition,5.3,0.972,"Pfizer overpays for acquisition, analysts warn of dilution. Analysts flagged downside risks and trimmed their estimates."
SN00515,N00515,news,2026-08-11 14:53:00,,market,-0.015,Geopolitical,2.4,0.823,World leaders meet in North Africa for talks. The development was largely expected by market participants.
ST01114,T01114,social,2026-08-11 15:07:00,PFE,company,0.668,Other,3.0,0.993,"$PFE crushing it, bullish"
ST01115,T01115,social,2026-08-11 15:19:00,AMZN,company,-0.658,Other,2.9,0.995,ugh $AMZN again... down bad
ST01116,T01116,social,2026-08-11 15:21:00,PFE,company,-0.156,Other,3.3,0.991,$PFE breakout incoming?? 🔥 #stocks
ST01117,T01117,social,2026-08-11 15:57:00,CVX,company,-0.517,Other,2.9,0.995,$CVX getting hammered rn 📉
ST01118,T01118,social,2026-08-11 15:59:00,BAC,company,-0.554,Credit Event,4.9,0.972,"$BAC debt worries growing, bonds selling off #investing"
ST01119,T01119,social,2026-08-11 16:17:00,JNJ,company,-0.003,Other,1.9,0.996,"$JNJ flat, nothing happening"
SN00516,N00516,news,2026-08-11 16:31:00,XOM,company,0.819,Earnings,6.4,0.977,"Exxon Mobil posts record profit, with earnings per share ahead of consensus. Investors responded positively, with analysts raising price tar"
ST01120,T01120,social,2026-08-11 16:32:00,AAPL,company,-0.66,Regulatory/Legal,4.5,0.986,"$AAPL under investigation, this could get ugly"
ST01121,T01121,social,2026-08-11 16:38:00,CVX,company,-0.688,Merger/Acquisition,5.2,0.985,"$CVX merger facing antitrust heat, deal at risk 🔥"
SN00517,N00517,news,2026-08-11 16:56:00,GOOGL,company,-0.67,Product Launch,4.2,0.974,Alphabet delays AI assistant launch after quality issues. Analysts flagged downside risks and trimmed their estimates.
ST01122,T01122,social,2026-08-11 17:00:00,PFE,company,-0.15,Other,3.1,0.996,$PFE breakout incoming?? 🔥
ST01123,T01123,social,2026-08-11 17:10:00,XOM,company,0.807,Regulatory/Legal,4.9,0.991,$XOM wins approval 🎉 big relief
SN00518,N00518,news,2026-08-11 17:23:00,WMT,company,-0.599,Merger/Acquisition,6.2,0.941,"Walmart faces antitrust challenge over proposed $22bn merger. Investors reacted cautiously, citing uncertainty over near-term outlook."
ST01124,T01124,social,2026-08-11 17:27:00,NVDA,company,-0.0,Other,2.1,0.991,anyone have thoughts on $NVDA? #trading
ST01125,T01125,social,2026-08-11 18:31:00,JPM,company,0.539,Earnings,5.4,0.977,$JPM earnings beat!! EPS way above estimates 🚀 #trading
ST01126,T01126,social,2026-08-11 18:51:00,KO,company,-0.194,Other,2.0,0.996,$KO volume is low today
ST01127,T01127,social,2026-08-11 19:17:00,XOM,company,-0.717,Other,3.0,0.99,UGH $XOM AGAIN... DOWN BAD #MARKETS
ST01128,T01128,social,2026-08-11 19:22:00,META,company,0.076,Product Launch,5.2,0.991,$META new launch looks 🔥 early demand is huge
ST01129,T01129,social,2026-08-11 19:52:00,WMT,company,-0.001,Other,1.9,0.996,anyone have thoughts on $WMT?
ST01130,T01130,social,2026-08-11 19:54:00,WMT,company,-0.008,Other,2.3,0.991,"$WMT flat, nothing happening #investing"
ST01131,T01131,social,2026-08-11 20:04:00,WMT,company,-0.462,Product Launch,4.8,0.964,"$WMT delaying the launch again, not good #investing 🔥"
ST01132,T01132,social,2026-08-11 20:16:00,XOM,company,0.006,Other,2.4,0.993,watching $XOM today #investing
SN00519,N00519,news,2026-08-11 20:25:00,,market,-0.017,Geopolitical,2.5,0.738,World leaders meet in the Middle East for talks. The development was largely expected by market participants.
ST01133,T01133,social,2026-08-11 20:28:00,,market,-0.839,Geopolitical,6.4,0.984,"war escalating, markets gonna bleed 😰 #markets"
ST01134,T01134,social,2026-08-11 20:29:00,XOM,company,-0.57,Merger/Acquisition,5.2,0.985,"$XOM merger facing antitrust heat, deal at risk 🤔"
ST01135,T01135,social,2026-08-11 20:35:00,JPM,company,-0.001,Other,1.9,0.996,anyone have thoughts on $JPM? 📊
ST01136,T01136,social,2026-08-11 20:52:00,AMZN,company,-0.771,Other,3.1,0.996,$AMZN LOOKS BAD 😬 BEARISH
ST01137,T01137,social,2026-08-11 20:53:00,NVDA,company,-0.0,Other,2.0,0.997,watching $NVDA today
ST01138,T01138,social,2026-08-12 06:06:00,NVDA,company,0.436,Other,3.0,0.995,$NVDA looking strong today 🚀
ST01139,T01139,social,2026-08-12 06:19:00,BAC,company,-0.003,Other,1.9,0.996,"$BAC flat, nothing happening"
SN00520,N00520,news,2026-08-12 06:29:00,JNJ,company,-0.011,Earnings,2.2,0.94,Johnson & Johnson to report quarterly results next week. Analysts said it was too early to assess any lasting impact.
ST01140,T01140,social,2026-08-12 06:36:00,,market,0.606,Geopolitical,6.1,0.976,RT @user_6077: ceasefire!! risk on 🟢 #markets
ST01141,T01141,social,2026-08-12 06:56:00,PFE,company,-0.661,Other,3.2,0.99,ugh $PFE again... down bad #stocks
SN00521,N00521,news,2026-08-12 07:23:00,XOM,company,0.184,Regulatory/Legal,2.0,0.948,Regulators open consultation on rules affecting the Energy sector. Analysts said it was too early to assess any lasting impact.
SN00522,N00522,news,2026-08-12 07:24:00,JNJ,company,0.827,Merger/Acquisition,7.3,0.965,"Johnson & Johnson completes acquisition ahead of schedule, synergies seen in a landmark result. Traders cited improving fundamentals and str"
ST01142,T01142,social,2026-08-12 07:44:00,PFE,company,0.003,Other,2.3,0.991,watching $PFE today #stocks
ST01143,T01143,social,2026-08-12 07:57:00,BAC,company,-0.742,Other,3.1,0.996,$BAC looks bad 😬 bearish 🤔
SN00523,N00523,news,2026-08-12 08:03:00,GS,company,0.769,Product Launch,5.6,0.968,"Goldman Sachs launches trading platform to strong reviews in a landmark result. Investors responded positively, with analysts raising price "
ST01144,T01144,social,2026-08-12 08:20:00,JPM,company,-0.716,Other,3.0,0.991,UGH $JPM AGAIN... DOWN BAD #STOCKS 💬
ST01145,T01145,social,2026-08-12 08:25:00,PFE,company,-0.742,Other,3.1,0.996,$PFE looks bad 😬 bearish
ST01146,T01146,social,2026-08-12 08:31:00,AMZN,company,-0.742,Other,3.1,0.996,$AMZN looks bad 😬 bearish
ST01147,T01147,social,2026-08-12 09:08:00,PFE,company,-0.758,Product Launch,5.4,0.972,"$PFE product recall, yikes 😬 #trading"
ST01148,T01148,social,2026-08-12 09:24:00,CVX,company,-0.743,Other,3.1,0.996,$CVX looks bad 😬 bearish
SN00524,N00524,news,2026-08-12 09:32:00,GOOGL,company,0.872,Regulatory/Legal,5.8,0.959,"Alphabet wins regulatory approval for its AI assistant, sparking a strong rally. Traders cited improving fundamentals and strong momentum."
ST01149,T01149,social,2026-08-12 10:05:00,GOOGL,company,0.5,Merger/Acquisition,2.9,0.991,"bought more $GOOGL on the dip, feeling good 📈 #trading"
ST01150,T01150,social,2026-08-12 10:18:00,,market,-0.78,Geopolitical,6.5,0.979,sanctions + tariffs = chaos for stocks 📉 #geopolitics 💬
ST01151,T01151,social,2026-08-12 10:28:00,NVDA,company,-0.001,Other,2.0,0.996,"RT @user_2280: $NVDA flat, nothing happening"
ST01152,T01152,social,2026-08-12 10:28:00,,market,0.498,Macroeconomic,5.6,0.965,"cpi cooled, rate cuts soon? 📈 #Fed #markets"
ST01153,T01153,social,2026-08-12 10:47:00,KO,company,0.51,Merger/Acquisition,3.1,0.994,"bought more $KO on the dip, feeling good 📈"
ST01154,T01154,social,2026-08-12 10:54:00,JNJ,company,0.669,Other,3.0,0.994,"$JNJ crushing it, bullish"
ST01155,T01155,social,2026-08-12 11:02:00,MSFT,company,0.0,Other,2.0,0.997,watching $MSFT today 👀
SN00525,N00525,news,2026-08-12 11:18:00,,market,0.008,Macroeconomic,2.2,0.916,Central bank minutes due for release on Wednesday. Analysts said it was too early to assess any lasting impact.
SN00526,N00526,news,2026-08-12 11:26:00,GOOGL,company,0.869,Regulatory/Legal,6.9,0.959,Alphabet wins regulatory approval for its streaming service in a landmark result. Traders cited improving fundamentals and strong momentum.
ST01156,T01156,social,2026-08-12 11:38:00,BAC,company,-0.653,Other,2.8,0.991,ugh $BAC again... down bad #markets 👀
SN00527,N00527,news,2026-08-12 11:38:00,CVX,company,-0.82,Regulatory/Legal,7.8,0.944,"Chevron faces new government investigation into its practices, triggering a sharp selloff. Investors reacted cautiously, citing uncertainty "
SN00528,N00528,news,2026-08-12 11:45:00,NVDA,company,0.877,Credit Event,7.8,0.959,S&P-style agency upgrades NVIDIA to BBB+ on improving leverage in a landmark result. Traders cited improving fundamentals and strong momentu
SN00529,N00529,news,2026-08-12 11:47:00,AMZN,company,-0.872,Credit Event,7.8,0.947,"Amazon bond spreads widen on liquidity concerns, triggering a sharp selloff. Analysts flagged downside risks and trimmed their estimates."
ST01157,T01157,social,2026-08-12 12:07:00,AMZN,company,-0.654,Other,3.2,0.992,ugh $AMZN again... down bad #investing
ST01158,T01158,social,2026-08-12 12:22:00,GOOGL,company,-0.054,Merger/Acquisition,5.1,0.99,$GOOGL acquisition could be a game changer 👀🔥
SN00530,N00530,news,2026-08-12 12:42:00,BAC,company,-0.856,Product Launch,8.1,0.96,"Bank of America recalls digital banking app over safety defect, triggering a sharp selloff. Analysts flagged downside risks and trimmed thei"
ST01159,T01159,social,2026-08-12 13:36:00,CVX,company,-0.781,Earnings,5.1,0.985,$CVX missed earnings and cut guide... brutal 📉
ST01160,T01160,social,2026-08-12 13:38:00,AAPL,company,0.179,Earnings,5.4,0.981,"$AAPL smashing guidance, loading up 📈"
ST01161,T01161,social,2026-08-12 13:59:00,JNJ,company,0.002,Other,1.8,0.99,"$JNJ flat, nothing happening #trading"
ST01162,T01162,social,2026-08-12 14:13:00,JPM,company,-0.348,Other,2.8,0.994,"sold my $JPM, not liking this"
ST01163,T01163,social,2026-08-12 14:48:00,NVDA,company,-0.194,Other,1.9,0.995,$NVDA volume is low today
SN00531,N00531,news,2026-08-12 15:02:00,GS,company,0.817,Product Launch,4.7,0.956,"Goldman Sachs launches trading platform to strong reviews, sparking a strong rally. Investors responded positively, with analysts raising pr"
ST01164,T01164,social,2026-08-12 15:28:00,JPM,company,0.073,Product Launch,5.1,0.991,$JPM new launch looks 🔥 early demand is huge
SN00532,N00532,news,2026-08-12 15:33:00,PFE,company,-0.864,Credit Event,7.7,0.928,"Pfizer raises loan loss provisions by 4.5% as defaults rise, triggering a sharp selloff. Analysts flagged downside risks and trimmed their e"
ST01165,T01165,social,2026-08-12 15:36:00,JPM,company,0.556,Earnings,5.5,0.987,$JPM earnings beat!! EPS way above estimates 🚀
ST01166,T01166,social,2026-08-12 17:18:00,AMZN,company,-0.35,Other,3.1,0.993,"sold my $AMZN, not liking this #trading 📊"
ST01168,T01168,social,2026-08-12 17:19:00,XOM,company,-0.002,Other,2.2,0.993,anyone have thoughts on $XOM? #stocks
ST01167,T01167,social,2026-08-12 17:19:00,XOM,company,-0.751,Product Launch,5.4,0.972,"$XOM product recall, yikes 😬 #stocks"
ST01169,T01169,social,2026-08-12 18:04:00,,market,-0.837,Geopolitical,5.7,0.981,"WAR ESCALATING, MARKETS GONNA BLEED 😰 #MARKETS #INVESTING"
SN00534,N00534,news,2026-08-12 18:11:00,CVX,company,-0.853,Earnings,8.0,0.966,"Chevron misses earnings expectations as margins shrink in what analysts call a major shock. Investors reacted cautiously, citing uncertainty"
SN00533,N00533,news,2026-08-12 18:11:00,WMT,company,-0.575,Earnings,5.1,0.984,Walmart reports revenue decline of 3.3% year over year. Analysts flagged downside risks and trimmed their estimates.
SN00535,N00535,news,2026-08-12 18:26:00,GOOGL,company,0.792,Credit Event,5.4,0.974,Moody's-style agency upgrades Alphabet to BBB+ on improving leverage. Traders cited improving fundamentals and strong momentum.
ST01170,T01170,social,2026-08-12 18:51:00,JPM,company,-0.004,Other,2.3,0.992,"$JPM flat, nothing happening #investing"
ST01171,T01171,social,2026-08-12 19:02:00,CVX,company,-0.646,Other,2.9,0.991,ugh $CVX again... down bad #trading
ST01172,T01172,social,2026-08-12 19:06:00,JPM,company,-0.742,Other,3.1,0.996,$JPM looks bad 😬 bearish
ST01173,T01173,social,2026-08-12 19:07:00,XOM,company,-0.149,Other,3.1,0.995,RT @user_9643: $XOM breakout incoming?? 🔥
SN00536,N00536,news,2026-08-12 19:10:00,WMT,company,0.707,Credit Event,7.0,0.955,Walmart refinances debt at lower rates and extends maturities in a landmark result. Traders cited improving fundamentals and strong momentum
SN00537,N00537,news,2026-08-12 19:16:00,WMT,company,-0.827,Product Launch,7.8,0.957,"Walmart recalls beverage line over safety defect, triggering a sharp selloff. Investors reacted cautiously, citing uncertainty over near-ter"
ST01174,T01174,social,2026-08-12 19:22:00,BAC,company,-0.771,Other,3.1,0.996,$BAC LOOKS BAD 😬 BEARISH 🤔
ST01175,T01175,social,2026-08-12 19:32:00,PFE,company,-0.733,Other,2.9,0.99,$PFE looks bad 😬 bearish #markets
ST01176,T01176,social,2026-08-12 19:42:00,MSFT,company,0.806,Regulatory/Legal,4.9,0.993,$MSFT wins approval 🎉 big relief
ST01177,T01177,social,2026-08-12 20:01:00,WMT,company,-0.347,Other,3.0,0.993,"RT @user_5108: sold my $WMT, not liking this #trading"
ST01178,T01178,social,2026-08-12 20:04:00,GOOGL,company,-0.001,Other,2.0,0.996,"$GOOGL flat, nothing happening"
ST01179,T01179,social,2026-08-12 20:09:00,KO,company,0.51,Merger/Acquisition,3.1,0.994,"bought more $KO on the dip, feeling good 📈 🤔"
ST01180,T01180,social,2026-08-12 20:32:00,,market,0.134,Macroeconomic,6.3,0.981,"inflation print hot, fed won't cut 😬 #Fed #trading"
ST01181,T01181,social,2026-08-12 20:50:00,KO,company,0.069,Product Launch,5.0,0.991,$KO NEW LAUNCH LOOKS 🔥 EARLY DEMAND IS HUGE
ST01182,T01182,social,2026-08-13 06:08:00,META,company,-0.15,Other,3.1,0.996,$META breakout incoming?? 🔥
ST01183,T01183,social,2026-08-13 06:40:00,,market,-0.633,Macroeconomic,6.3,0.97,RT @user_7425: RECESSION SIGNALS FLASHING RED 🚨 #MACRO #MARKETS
ST01184,T01184,social,2026-08-13 06:46:00,PFE,company,0.002,Other,2.3,0.992,watching $PFE today #stocks
SN00538,N00538,news,2026-08-13 07:12:00,GOOGL,company,0.696,Product Launch,2.7,0.959,Alphabet launches AI assistant to strong reviews. Traders cited improving fundamentals and strong momentum.
ST01185,T01185,social,2026-08-13 07:19:00,AAPL,company,-0.348,Other,2.8,0.994,"RT @user_4482: sold my $AAPL, not liking this"
ST01186,T01186,social,2026-08-13 07:45:00,AAPL,company,0.696,Credit Event,5.3,0.99,"$AAPL credit upgrade, balance sheet looking healthier ✅"
SN00539,N00539,news,2026-08-13 08:19:00,GOOGL,company,0.714,Regulatory/Legal,3.6,0.973,"Alphabet settles lawsuit on favourable terms, lifting shares. Traders cited improving fundamentals and strong momentum."
SN00540,N00540,news,2026-08-13 08:34:00,WMT,company,-0.825,Regulatory/Legal,7.9,0.95,"Walmart faces new government investigation into its practices, triggering a sharp selloff. Investors reacted cautiously, citing uncertainty "
ST01187,T01187,social,2026-08-13 08:34:00,KO,company,0.436,Other,3.0,0.995,RT @user_1165: $KO looking strong today 🚀
SN00541,N00541,news,2026-08-13 08:46:00,KO,company,0.81,Merger/Acquisition,6.2,0.962,"Coca-Cola to acquire a rival in a $36bn deal expected to boost margins, lifting shares. Investors responded positively, with analysts raisin"
ST01188,T01188,social,2026-08-13 09:25:00,JPM,company,-0.566,Merger/Acquisition,5.2,0.971,"$JPM merger facing antitrust heat, deal at risk #markets"
ST01189,T01189,social,2026-08-13 11:35:00,BAC,company,-0.587,Other,2.9,0.995,RT @user_7513: $BAC GETTING HAMMERED RN 📉
ST01190,T01190,social,2026-08-13 12:11:00,AAPL,company,-0.15,Other,3.1,0.996,$AAPL breakout incoming?? 🔥
SN00542,N00542,news,2026-08-13 12:12:00,AMZN,company,-0.852,Earnings,6.9,0.973,"Amazon misses earnings expectations as margins shrink, triggering a sharp selloff. Analysts flagged downside risks and trimmed their estimat"
ST01191,T01191,social,2026-08-13 12:14:00,NVDA,company,0.553,Earnings,5.6,0.986,$NVDA earnings beat!! EPS way above estimates 🚀
ST01192,T01192,social,2026-08-13 12:15:00,KO,company,0.696,Credit Event,5.3,0.99,"$KO credit upgrade, balance sheet looking healthier ✅"
ST01193,T01193,social,2026-08-13 12:28:00,JNJ,company,-0.72,Other,3.0,0.995,UGH $JNJ AGAIN... DOWN BAD
ST01194,T01194,social,2026-08-13 12:39:00,,market,0.154,Macroeconomic,6.1,0.979,"inflation print hot, fed won't cut 😬 #Fed #investing"
ST01195,T01195,social,2026-08-13 12:46:00,META,company,-0.57,Merger/Acquisition,5.2,0.985,"RT @user_8925: $META merger facing antitrust heat, deal at risk"
ST01196,T01196,social,2026-08-13 13:02:00,AAPL,company,-0.195,Other,1.9,0.996,$AAPL volume is low today
ST01197,T01197,social,2026-08-13 13:13:00,WMT,company,-0.658,Regulatory/Legal,4.6,0.978,"$WMT under investigation, this could get ugly #trading 👀"
SN00543,N00543,news,2026-08-13 13:20:00,,market,0.788,Macroeconomic,5.3,0.909,"Inflation cools to 2.5%, raising hopes of rate cuts. Investors responded positively, with analysts raising price targets."
ST01198,T01198,social,2026-08-13 13:58:00,NVDA,company,-0.15,Other,3.1,0.996,$NVDA breakout incoming?? 🔥 📊
SN00544,N00544,news,2026-08-13 14:21:00,CVX,company,-0.769,Product Launch,6.9,0.952,"Chevron delays renewables unit launch after quality issues in what analysts call a major shock. Investors reacted cautiously, citing uncerta"
SN00545,N00545,news,2026-08-13 14:43:00,CVX,company,-0.65,Regulatory/Legal,6.1,0.968,"Chevron loses court ruling, appeal expected, sending shares lower. Investors reacted cautiously, citing uncertainty over near-term outlook."
ST01199,T01199,social,2026-08-13 15:07:00,WMT,company,-0.787,Earnings,5.3,0.986,$WMT missed earnings and cut guide... brutal 📉
SN00546,N00546,news,2026-08-13 15:18:00,WMT,company,-0.712,Earnings,6.8,0.965,"Walmart reports revenue decline of 7.7% year over year, triggering a sharp selloff. Investors reacted cautiously, citing uncertainty over ne"
ST01200,T01200,social,2026-08-13 15:24:00,WMT,company,-0.766,Earnings,5.0,0.972,$WMT missed earnings and cut guide... brutal 📉 #trading
ST01201,T01201,social,2026-08-13 15:27:00,AMZN,company,-0.35,Other,2.9,0.993,"sold my $AMZN, not liking this #trading"
ST01202,T01202,social,2026-08-13 15:54:00,XOM,company,-0.147,Other,3.2,0.996,$XOM breakout incoming?? 🔥
SN00547,N00547,news,2026-08-13 15:56:00,GOOGL,company,0.886,Earnings,8.8,0.975,"Alphabet posts record profit, with earnings per share ahead of consensus in a landmark result. Investors responded positively, with analysts"
ST01203,T01203,social,2026-08-13 16:06:00,WMT,company,-0.348,Other,2.8,0.995,"sold my $WMT, not liking this"
ST01204,T01204,social,2026-08-13 16:15:00,,market,0.139,Macroeconomic,6.7,0.979,"inflation print hot, fed won't cut 😬 #Fed #investing"
SN00548,N00548,news,2026-08-13 16:32:00,CVX,company,-0.748,Merger/Acquisition,6.8,0.922,"Chevron walks away from $34bn takeover talks in what analysts call a major shock. Investors reacted cautiously, citing uncertainty over near"
ST01205,T01205,social,2026-08-13 16:50:00,NVDA,company,0.509,Merger/Acquisition,3.1,0.994,"bought more $NVDA on the dip, feeling good 📈"
SN00549,N00549,news,2026-08-13 16:52:00,,market,0.776,Geopolitical,5.5,0.902,"Ceasefire in the Red Sea lifts global risk appetite, lifting shares. Investors responded positively, with analysts raising price targets."
SN00550,N00550,news,2026-08-13 16:59:00,AMZN,company,-0.768,Earnings,6.1,0.971,"Amazon cuts full-year outlook citing weak demand. Investors reacted cautiously, citing uncertainty over near-term outlook."
ST01206,T01206,social,2026-08-13 17:13:00,JNJ,company,0.436,Other,3.0,0.995,$JNJ looking strong today 🚀
ST01207,T01207,social,2026-08-13 17:13:00,BAC,company,-0.149,Other,3.1,0.995,RT @user_6995: $BAC breakout incoming?? 🔥
ST01208,T01208,social,2026-08-13 17:35:00,,market,-0.837,Geopolitical,6.2,0.985,"war escalating, markets gonna bleed 😰 #markets"
SN00551,N00551,news,2026-08-13 17:49:00,WMT,company,-0.576,Earnings,5.1,0.984,Walmart reports revenue decline of 4.7% year over year. Analysts flagged downside risks and trimmed their estimates.
ST01209,T01209,social,2026-08-13 18:06:00,AAPL,company,-0.496,Other,2.6,0.988,$AAPL getting hammered rn 📉 #investing
ST01210,T01210,social,2026-08-13 18:26:00,NVDA,company,0.509,Merger/Acquisition,3.1,0.994,"bought more $NVDA on the dip, feeling good 📈"
SN00552,N00552,news,2026-08-13 18:42:00,AAPL,company,0.747,Earnings,5.0,0.983,"Apple raises full-year guidance after a strong quarter. Investors responded positively, with analysts raising price targets."
SN00553,N00553,news,2026-08-13 18:47:00,MSFT,company,-0.002,Product Launch,2.4,0.95,Microsoft announces date for its next developer toolkit event. Analysts said it was too early to assess any lasting impact.
ST01211,T01211,social,2026-08-13 19:05:00,,market,0.155,Macroeconomic,6.1,0.975,"RT @user_4091: inflation print hot, fed won't cut 😬 #Fed #markets"
ST01212,T01212,social,2026-08-13 19:06:00,AMZN,company,-0.002,Other,2.0,0.996,"$AMZN flat, nothing happening"
ST01213,T01213,social,2026-08-13 19:07:00,BAC,company,-0.544,Credit Event,4.9,0.985,"$BAC downgraded, spreads widening ⚠️ #credit"
SN00554,N00554,news,2026-08-13 19:18:00,,market,-0.013,Geopolitical,2.8,0.801,World leaders meet in the South China Sea for talks. Analysts said it was too early to assess any lasting impact.
ST01214,T01214,social,2026-08-13 19:47:00,GOOGL,company,-0.0,Other,1.9,0.997,watching $GOOGL today 💬
ST01215,T01215,social,2026-08-13 19:50:00,GS,company,-0.008,Other,2.3,0.991,"$GS flat, nothing happening #investing"
ST01216,T01216,social,2026-08-13 20:28:00,,market,0.139,Macroeconomic,6.2,0.978,"inflation print hot, fed won't cut 😬 #Fed #stocks"
SN00555,N00555,news,2026-08-13 20:48:00,WMT,company,0.341,Regulatory/Legal,3.1,0.974,"Walmart settles lawsuit on favourable terms. Investors responded positively, with analysts raising price targets."
ST01217,T01217,social,2026-08-13 20:50:00,PFE,company,0.412,Other,3.0,0.991,$PFE looking strong today 🚀 #stocks
ST01218,T01218,social,2026-08-14 06:06:00,META,company,0.001,Other,1.9,0.996,anyone have thoughts on $META?
ST01219,T01219,social,2026-08-14 06:23:00,XOM,company,-0.194,Other,1.9,0.995,$XOM volume is low today 💬
ST01220,T01220,social,2026-08-14 06:24:00,MSFT,company,-0.575,Merger/Acquisition,5.2,0.985,"$MSFT merger facing antitrust heat, deal at risk 👀"
SN00556,N00556,news,2026-08-14 06:25:00,WMT,company,-0.819,Regulatory/Legal,8.0,0.956,"Walmart hit with $800m fine by regulators, triggering a sharp selloff. Analysts flagged downside risks and trimmed their estimates."
SN00557,N00557,news,2026-08-14 06:32:00,KO,company,0.786,Product Launch,7.2,0.968,"Coca-Cola unveils new beverage line, early orders exceed expectations in a landmark result. Traders cited improving fundamentals and strong "
SN00558,N00558,news,2026-08-14 06:48:00,AAPL,company,0.749,Earnings,5.2,0.983,"Apple raises full-year guidance after a strong quarter. Investors responded positively, with analysts raising price targets."
ST01221,T01221,social,2026-08-14 06:53:00,META,company,0.006,Other,1.9,0.994,RT @user_8172: watching $META today #trading
ST01222,T01222,social,2026-08-14 06:56:00,GOOGL,company,0.692,Credit Event,5.1,0.99,"$GOOGL credit upgrade, balance sheet looking healthier ✅"
ST01223,T01223,social,2026-08-14 07:12:00,KO,company,0.499,Merger/Acquisition,2.9,0.991,"bought more $KO on the dip, feeling good 📈 #investing"
ST01224,T01224,social,2026-08-14 07:40:00,JPM,company,-0.771,Other,3.1,0.996,$JPM LOOKS BAD 😬 BEARISH
ST01225,T01225,social,2026-08-14 08:04:00,GOOGL,company,-0.147,Other,3.2,0.996,$GOOGL breakout incoming?? 🔥
ST01226,T01226,social,2026-08-14 08:14:00,XOM,company,0.181,Earnings,5.4,0.983,"$XOM smashing guidance, loading up 📈"
SN00559,N00559,news,2026-08-14 08:59:00,MSFT,company,-0.817,Product Launch,8.9,0.951,"Microsoft recalls AI chip over safety defect in what analysts call a major shock. Investors reacted cautiously, citing uncertainty over near"
ST01227,T01227,social,2026-08-14 09:05:00,JPM,company,-0.181,Other,2.5,0.982,$JPM breakout incoming?? 🔥 #markets
SN00560,N00560,news,2026-08-14 09:47:00,NVDA,company,-0.724,Product Launch,6.5,0.975,NVIDIA recalls AI chip over safety defect. Analysts flagged downside risks and trimmed their estimates.
ST01228,T01228,social,2026-08-14 10:04:00,META,company,0.435,Other,3.0,0.995,$META looking strong today 🚀
ST01229,T01229,social,2026-08-14 10:05:00,GOOGL,company,-0.001,Other,2.0,0.996,anyone have thoughts on $GOOGL?
ST01230,T01230,social,2026-08-14 10:24:00,PFE,company,-0.001,Other,2.0,0.996,anyone have thoughts on $PFE?
SN00561,N00561,news,2026-08-14 10:25:00,,market,-0.709,Geopolitical,7.8,0.927,"New sanctions disrupt energy supply chains linked to North Africa, sending shares lower. Analysts flagged downside risks and trimmed their e"
ST01231,T01231,social,2026-08-14 10:50:00,,market,-0.581,Macroeconomic,6.2,0.987,recession signals flashing red 🚨 #macro
ST01232,T01232,social,2026-08-14 10:59:00,JPM,company,-0.346,Other,2.7,0.994,"sold my $JPM, not liking this"
SN00562,N00562,news,2026-08-14 11:05:00,,market,-0.573,Macroeconomic,6.1,0.956,Central bank signals higher rates for longer. Analysts flagged downside risks and trimmed their estimates.
ST01233,T01233,social,2026-08-14 12:01:00,XOM,company,0.157,Earnings,4.9,0.963,"$XOM SMASHING GUIDANCE, LOADING UP 📈 #INVESTING"
ST01234,T01234,social,2026-08-14 12:03:00,XOM,company,-0.676,Merger/Acquisition,4.9,0.985,$XOM OVERPAYING FOR THIS ACQUISITION IMO 🔥
ST01235,T01235,social,2026-08-14 12:06:00,GOOGL,company,0.51,Merger/Acquisition,3.1,0.994,"bought more $GOOGL on the dip, feeling good 📈"
ST01236,T01236,social,2026-08-14 12:09:00,,market,-0.568,Macroeconomic,6.2,0.977,recession signals flashing red 🚨 #macro #investing 🤔
ST01237,T01237,social,2026-08-14 12:10:00,KO,company,-0.518,Other,2.9,0.995,$KO getting hammered rn 📉
SN00563,N00563,news,2026-08-14 12:16:00,MSFT,company,0.912,Earnings,8.8,0.967,"Microsoft posts record profit, with earnings per share ahead of consensus in a landmark result. Traders cited improving fundamentals and str"
ST01238,T01238,social,2026-08-14 12:24:00,KO,company,0.668,Other,3.0,0.993,"$KO crushing it, bullish"
SN00564,N00564,news,2026-08-14 12:37:00,GOOGL,company,0.694,Regulatory/Legal,6.2,0.967,Alphabet settles lawsuit on favourable terms in a landmark result. Traders cited improving fundamentals and strong momentum.
ST01239,T01239,social,2026-08-14 12:38:00,,market,0.13,Macroeconomic,6.6,0.986,"inflation print hot, fed won't cut 😬 #Fed"
SN00565,N00565,news,2026-08-14 12:41:00,CVX,company,-0.682,Product Launch,4.9,0.954,"Chevron delays renewables unit launch after quality issues, sending shares lower. Analysts flagged downside risks and trimmed their estimate"
SN00566,N00566,news,2026-08-14 13:03:00,NVDA,company,-0.006,Earnings,2.0,0.952,NVIDIA to report quarterly results next week. The development was largely expected by market participants.
ST01240,T01240,social,2026-08-14 13:18:00,CVX,company,-0.347,Other,2.8,0.995,"sold my $CVX, not liking this 🤔"
SN00567,N00567,news,2026-08-14 13:24:00,AMZN,company,-0.823,Regulatory/Legal,7.7,0.96,"Amazon faces new government investigation into its practices, triggering a sharp selloff. Investors reacted cautiously, citing uncertainty o"
SN00568,N00568,news,2026-08-14 13:38:00,GS,company,0.866,Earnings,6.6,0.979,"Goldman Sachs raises full-year guidance after a strong quarter, sparking a strong rally. Investors responded positively, with analysts raisi"
ST01241,T01241,social,2026-08-14 13:57:00,MSFT,company,-0.35,Other,3.1,0.993,"sold my $MSFT, not liking this #trading"
ST01242,T01242,social,2026-08-14 14:03:00,AAPL,company,-0.515,Other,2.9,0.995,$AAPL getting hammered rn 📉
SN00569,N00569,news,2026-08-14 14:21:00,MSFT,company,0.842,Regulatory/Legal,4.8,0.961,"Microsoft wins regulatory approval for its developer toolkit, lifting shares. Traders cited improving fundamentals and strong momentum."
SN00570,N00570,news,2026-08-14 14:26:00,MSFT,company,0.74,Product Launch,5.2,0.96,"Microsoft unveils new software suite, early orders exceed expectations, lifting shares. Investors responded positively, with analysts raisin"
SN00571,N00571,news,2026-08-14 14:27:00,AMZN,company,0.827,Merger/Acquisition,7.3,0.965,"Amazon completes acquisition ahead of schedule, synergies seen in a landmark result. Traders cited improving fundamentals and strong momentu"
SN00572,N00572,news,2026-08-14 14:30:00,BAC,company,-0.792,Earnings,6.9,0.961,"Bank of America cuts full-year outlook citing weak demand, sending shares lower. Investors reacted cautiously, citing uncertainty over near-"
ST01243,T01243,social,2026-08-14 14:33:00,NVDA,company,0.548,Earnings,5.2,0.988,$NVDA earnings beat!! EPS way above estimates 🚀
ST01244,T01244,social,2026-08-14 14:56:00,GOOGL,company,-0.192,Other,1.9,0.996,$GOOGL volume is low today
ST01245,T01245,social,2026-08-14 15:04:00,PFE,company,-0.147,Other,3.2,0.996,$PFE breakout incoming?? 🔥
SN00573,N00573,news,2026-08-14 15:19:00,AAPL,company,-0.75,Earnings,5.9,0.97,"Apple misses earnings expectations as margins shrink, sending shares lower. Investors reacted cautiously, citing uncertainty over near-term "
ST01246,T01246,social,2026-08-14 15:19:00,BAC,company,-0.654,Other,3.0,0.991,ugh $BAC again... down bad #markets 👀
ST01247,T01247,social,2026-08-14 15:24:00,AAPL,company,-0.517,Regulatory/Legal,4.7,0.976,"$AAPL fined again, regulators not messing around #stocks"
ST01248,T01248,social,2026-08-14 15:30:00,,market,-0.58,Macroeconomic,6.1,0.988,recession signals flashing red 🚨 #macro 💬
ST01249,T01249,social,2026-08-14 15:54:00,,market,-0.818,Geopolitical,6.2,0.978,"war escalating, markets gonna bleed 😰 #markets #investing"
ST01250,T01250,social,2026-08-14 16:13:00,MSFT,company,-0.733,Product Launch,5.2,0.963,"$MSFT product recall, yikes 😬 #investing"
SN00574,N00574,news,2026-08-14 16:57:00,GS,company,0.205,Credit Event,2.3,0.919,Moody's-style agency affirms Goldman Sachs at A+ with a stable outlook. Analysts said it was too early to assess any lasting impact.
ST01251,T01251,social,2026-08-14 17:05:00,JNJ,company,-0.603,Product Launch,5.3,0.981,"$JNJ delaying the launch again, not good"
SN00575,N00575,news,2026-08-14 17:07:00,PFE,company,-0.868,Merger/Acquisition,6.7,0.96,"Pfizer overpays for acquisition, analysts warn of dilution, triggering a sharp selloff. Analysts flagged downside risks and trimmed their es"
ST01252,T01252,social,2026-08-14 17:34:00,CVX,company,-0.569,Credit Event,5.2,0.984,"$CVX debt worries growing, bonds selling off"
ST01253,T01253,social,2026-08-14 17:50:00,CVX,company,-0.742,Other,3.1,0.996,$CVX looks bad 😬 bearish 🤔
ST01254,T01254,social,2026-08-14 17:51:00,WMT,company,-0.476,Merger/Acquisition,5.1,0.984,$WMT overpaying for this acquisition imo
ST01255,T01255,social,2026-08-14 17:56:00,PFE,company,-0.653,Regulatory/Legal,4.4,0.984,"$PFE under investigation, this could get ugly"
ST01256,T01256,social,2026-08-14 18:05:00,JPM,company,-0.185,Other,2.1,0.993,$JPM volume is low today #markets 📊
ST01257,T01257,social,2026-08-14 18:06:00,CVX,company,-0.651,Other,2.9,0.992,ugh $CVX again... down bad #investing 📊
ST01258,T01258,social,2026-08-14 18:07:00,META,company,-0.167,Other,3.0,0.988,$META breakout incoming?? 🔥 #investing
ST01259,T01259,social,2026-08-14 18:36:00,JPM,company,-0.771,Other,3.1,0.996,$JPM LOOKS BAD 😬 BEARISH 👀
ST01260,T01260,social,2026-08-14 18:56:00,WMT,company,0.009,Other,2.5,0.991,watching $WMT today #markets
ST01261,T01261,social,2026-08-14 19:05:00,KO,company,0.678,Credit Event,4.8,0.98,"RT @user_5604: $KO credit upgrade, balance sheet looking healthier ✅ #stocks"
ST01262,T01262,social,2026-08-14 19:23:00,GOOGL,company,-0.001,Other,1.9,0.996,anyone have thoughts on $GOOGL?
ST01263,T01263,social,2026-08-14 19:24:00,MSFT,company,0.001,Other,1.9,0.996,anyone have thoughts on $MSFT?
SN00576,N00576,news,2026-08-14 19:24:00,AAPL,company,0.709,Earnings,5.5,0.983,"Apple beats quarterly earnings estimates as revenue climbs 12.6%. Investors responded positively, with analysts raising price targets."
SN00577,N00577,news,2026-08-14 19:25:00,GS,company,0.835,Product Launch,5.8,0.967,Goldman Sachs launches wealth platform to strong reviews in a landmark result. Traders cited improving fundamentals and strong momentum.
ST01264,T01264,social,2026-08-14 19:32:00,WMT,company,-0.003,Other,1.9,0.996,"$WMT flat, nothing happening"
SN00578,N00578,news,2026-08-14 19:36:00,JPM,company,0.646,Regulatory/Legal,3.9,0.964,"JPMorgan Chase settles lawsuit on favourable terms, lifting shares. Investors responded positively, with analysts raising price targets."
ST01265,T01265,social,2026-08-14 19:51:00,XOM,company,0.007,Other,2.3,0.991,watching $XOM today #markets
ST01266,T01266,social,2026-08-14 19:57:00,,market,0.14,Macroeconomic,6.2,0.979,"inflation print hot, fed won't cut 😬 #Fed #trading"
SN00579,N00579,news,2026-08-14 20:11:00,PFE,company,-0.895,Credit Event,8.4,0.949,"a major rating agency downgrades Pfizer to AA amid rising debt, triggering a sharp selloff. Analysts flagged downside risks and trimmed thei"
ST01267,T01267,social,2026-08-14 20:36:00,PFE,company,-0.743,Other,3.1,0.996,$PFE looks bad 😬 bearish
ST01268,T01268,social,2026-08-17 06:50:00,WMT,company,-0.003,Other,1.9,0.996,"$WMT flat, nothing happening"
ST01269,T01269,social,2026-08-17 06:59:00,WMT,company,-0.655,Other,3.1,0.991,ugh $WMT again... down bad #stocks
ST01270,T01270,social,2026-08-17 07:11:00,JPM,company,-0.519,Other,3.0,0.995,$JPM getting hammered rn 📉 📊
ST01271,T01271,social,2026-08-17 07:44:00,AAPL,company,0.724,Other,3.0,0.993,"$AAPL CRUSHING IT, BULLISH"
ST01272,T01272,social,2026-08-17 07:48:00,KO,company,-0.72,Other,3.0,0.995,UGH $KO AGAIN... DOWN BAD
ST01273,T01273,social,2026-08-17 08:38:00,CVX,company,-0.813,Earnings,5.3,0.985,$CVX missed earnings and cut guide... brutal 📉 🔥
ST01274,T01274,social,2026-08-17 08:44:00,CVX,company,-0.61,Product Launch,5.4,0.983,"$CVX delaying the launch again, not good"
ST01275,T01275,social,2026-08-17 09:01:00,GOOGL,company,0.421,Other,3.2,0.992,RT @user_7965: $GOOGL looking strong today 🚀 #markets
ST01276,T01276,social,2026-08-17 09:10:00,JNJ,company,-0.661,Other,3.2,0.99,ugh $JNJ again... down bad #stocks
SN00580,N00580,news,2026-08-17 09:30:00,JNJ,company,-0.768,Earnings,5.1,0.981,Johnson & Johnson misses earnings expectations as margins shrink. Analysts flagged downside risks and trimmed their estimates.
ST01277,T01277,social,2026-08-17 09:52:00,JPM,company,-0.193,Other,2.0,0.996,$JPM volume is low today
ST01278,T01278,social,2026-08-17 10:11:00,WMT,company,-0.348,Other,2.8,0.994,"sold my $WMT, not liking this"
SN00581,N00581,news,2026-08-17 10:14:00,NVDA,company,-0.847,Merger/Acquisition,8.1,0.956,"NVIDIA faces antitrust challenge over proposed $20bn merger, triggering a sharp selloff. Analysts flagged downside risks and trimmed their e"
ST01279,T01279,social,2026-08-17 10:17:00,BAC,company,-0.003,Other,1.9,0.996,"$BAC flat, nothing happening"
ST01280,T01280,social,2026-08-17 10:43:00,XOM,company,0.006,Other,2.0,0.993,watching $XOM today #investing
SN00582,N00582,news,2026-08-17 11:21:00,PFE,company,-0.799,Regulatory/Legal,7.0,0.964,"Pfizer loses court ruling, appeal expected, triggering a sharp selloff. Investors reacted cautiously, citing uncertainty over near-term outl"
ST01281,T01281,social,2026-08-17 11:44:00,GS,company,-0.001,Other,1.9,0.996,anyone have thoughts on $GS? 📊
ST01282,T01282,social,2026-08-17 11:49:00,AAPL,company,-0.658,Other,2.9,0.995,ugh $AAPL again... down bad
ST01283,T01283,social,2026-08-17 12:32:00,JPM,company,-0.001,Other,2.0,0.996,"RT @user_3756: $JPM flat, nothing happening"
ST01284,T01284,social,2026-08-17 12:39:00,AAPL,company,-0.348,Other,2.8,0.995,"sold my $AAPL, not liking this"
ST01285,T01285,social,2026-08-17 13:03:00,JNJ,company,-0.814,Earnings,4.9,0.981,$JNJ MISSED EARNINGS AND CUT GUIDE... BRUTAL 📉 #INVESTING 🤔
ST01286,T01286,social,2026-08-17 13:15:00,JNJ,company,-0.806,Earnings,5.2,0.987,$JNJ missed earnings and cut guide... brutal 📉 🔥
ST01287,T01287,social,2026-08-17 13:19:00,CVX,company,-0.35,Other,3.1,0.993,"RT @user_8591: sold my $CVX, not liking this #trading"
ST01288,T01288,social,2026-08-17 13:37:00,AMZN,company,-0.8,Product Launch,5.2,0.986,"$AMZN PRODUCT RECALL, YIKES 😬"
ST01289,T01289,social,2026-08-17 14:22:00,KO,company,-0.179,Other,2.6,0.986,$KO breakout incoming?? 🔥 #markets
ST01290,T01290,social,2026-08-17 14:41:00,WMT,company,-0.347,Other,2.8,0.995,"sold my $WMT, not liking this"
ST01291,T01291,social,2026-08-17 15:23:00,BAC,company,-0.518,Other,2.9,0.996,$BAC getting hammered rn 📉
ST01292,T01292,social,2026-08-17 15:27:00,AAPL,company,-0.348,Other,2.8,0.995,"RT @user_2612: sold my $AAPL, not liking this"
ST01293,T01293,social,2026-08-17 16:26:00,GOOGL,company,0.003,Other,1.9,0.993,watching $GOOGL today #investing
SN00583,N00583,news,2026-08-17 16:30:00,PFE,company,0.836,Regulatory/Legal,4.5,0.96,"Pfizer wins regulatory approval for its oncology drug, lifting shares. Traders cited improving fundamentals and strong momentum."
SN00584,N00584,news,2026-08-17 16:41:00,GOOGL,company,0.868,Earnings,7.0,0.977,"Alphabet beats quarterly earnings estimates as revenue climbs 2.2%, sparking a strong rally. Investors responded positively, with analysts r"
ST01294,T01294,social,2026-08-17 16:54:00,BAC,company,-0.568,Credit Event,5.1,0.979,"$BAC debt worries growing, bonds selling off #markets"
ST01295,T01295,social,2026-08-17 17:14:00,CVX,company,-0.001,Other,2.0,0.996,"$CVX flat, nothing happening"
ST01296,T01296,social,2026-08-17 17:15:00,GOOGL,company,-0.15,Other,3.1,0.996,$GOOGL breakout incoming?? 🔥
SN00585,N00585,news,2026-08-17 17:17:00,XOM,company,-0.705,Merger/Acquisition,6.4,0.97,Exxon Mobil faces antitrust challenge over proposed $9bn merger. Analysts flagged downside risks and trimmed their estimates.
ST01297,T01297,social,2026-08-17 17:38:00,WMT,company,-0.472,Merger/Acquisition,4.9,0.985,$WMT overpaying for this acquisition imo
SN00586,N00586,news,2026-08-17 17:42:00,WMT,company,-0.77,Product Launch,6.8,0.975,"Walmart delays delivery service launch after quality issues in what analysts call a major shock. Investors reacted cautiously, citing uncert"
ST01298,T01298,social,2026-08-17 17:54:00,WMT,company,-0.228,Other,2.5,0.991,WATCHING $WMT TODAY #MARKETS 🔥
SN00587,N00587,news,2026-08-17 17:57:00,BAC,company,0.332,Regulatory/Legal,2.9,0.976,"Bank of America settles lawsuit on favourable terms. Investors responded positively, with analysts raising price targets."
ST01299,T01299,social,2026-08-17 18:18:00,MSFT,company,-0.149,Other,3.1,0.995,$MSFT breakout incoming?? 🔥
ST01300,T01300,social,2026-08-17 18:24:00,GOOGL,company,-0.055,Merger/Acquisition,5.0,0.99,$GOOGL acquisition could be a game changer 👀🔥
ST01301,T01301,social,2026-08-17 18:28:00,BAC,company,-0.661,Regulatory/Legal,5.0,0.975,"$BAC under investigation, this could get ugly #stocks"
ST01302,T01302,social,2026-08-17 18:33:00,JNJ,company,-0.004,Other,2.3,0.992,"$JNJ FLAT, NOTHING HAPPENING #INVESTING"
ST01303,T01303,social,2026-08-17 18:40:00,JPM,company,-0.789,Product Launch,5.4,0.967,"$JPM PRODUCT RECALL, YIKES 😬 #STOCKS"
SN00588,N00588,news,2026-08-17 18:55:00,GS,company,0.203,Credit Event,1.9,0.911,S&P-style agency affirms Goldman Sachs at BBB with a stable outlook. The development was largely expected by market participants.
SN00589,N00589,news,2026-08-17 19:17:00,NVDA,company,0.334,Regulatory/Legal,2.9,0.976,"NVIDIA settles lawsuit on favourable terms. Investors responded positively, with analysts raising price targets."
ST01304,T01304,social,2026-08-17 19:20:00,AAPL,company,-0.519,Other,3.0,0.995,$AAPL getting hammered rn 📉
ST01305,T01305,social,2026-08-17 19:28:00,XOM,company,-0.78,Earnings,5.2,0.987,$XOM missed earnings and cut guide... brutal 📉
ST01306,T01306,social,2026-08-17 19:56:00,JPM,company,-0.743,Other,3.1,0.996,$JPM looks bad 😬 bearish 🤔
ST01307,T01307,social,2026-08-17 20:05:00,MSFT,company,-0.346,Other,2.7,0.994,"sold my $MSFT, not liking this"
ST01308,T01308,social,2026-08-17 20:09:00,JNJ,company,0.781,Regulatory/Legal,5.1,0.975,$JNJ wins approval 🎉 big relief #trading
ST01309,T01309,social,2026-08-17 20:23:00,NVDA,company,-0.15,Other,3.1,0.996,$NVDA breakout incoming?? 🔥 🤔
ST01310,T01310,social,2026-08-17 20:39:00,META,company,0.001,Other,1.9,0.996,anyone have thoughts on $META?
SN00590,N00590,news,2026-08-17 20:49:00,BAC,company,0.344,Product Launch,2.2,0.963,Bank of America announces date for its next wealth platform event. Analysts said it was too early to assess any lasting impact.
ST01311,T01311,social,2026-08-17 20:59:00,AAPL,company,-0.796,Product Launch,5.4,0.975,"$AAPL product recall, yikes 😬 #trading 🔥"
ST01312,T01312,social,2026-08-18 06:30:00,KO,company,-0.0,Other,2.0,0.993,ANYONE HAVE THOUGHTS ON $KO? #INVESTING
ST01313,T01313,social,2026-08-18 07:09:00,PFE,company,-0.569,Credit Event,5.2,0.984,"$PFE debt worries growing, bonds selling off"
ST01314,T01314,social,2026-08-18 07:26:00,KO,company,0.437,Other,3.0,0.994,$KO looking strong today 🚀
SN00591,N00591,news,2026-08-18 07:40:00,MSFT,company,0.711,Product Launch,7.1,0.965,"Microsoft unveils new software suite, early orders exceed expectations in a landmark result. Investors responded positively, with analysts r"
ST01315,T01315,social,2026-08-18 07:58:00,NVDA,company,-0.14,Product Launch,5.2,0.991,$NVDA new launch looks 🔥 early demand is huge 🔥
SN00592,N00592,news,2026-08-18 07:58:00,XOM,company,0.204,Credit Event,2.3,0.954,Moody's-style agency affirms Exxon Mobil at BBB+ with a stable outlook. Analysts said it was too early to assess any lasting impact.
ST01316,T01316,social,2026-08-18 08:06:00,JPM,company,-0.193,Other,2.0,0.996,$JPM volume is low today
ST01317,T01317,social,2026-08-18 08:27:00,GOOGL,company,-0.15,Other,3.1,0.996,$GOOGL breakout incoming?? 🔥
ST01318,T01318,social,2026-08-18 08:44:00,XOM,company,0.003,Other,1.9,0.993,watching $XOM today #investing
ST01319,T01319,social,2026-08-18 08:51:00,GS,company,0.725,Other,3.1,0.994,"$GS CRUSHING IT, BULLISH"
ST01320,T01320,social,2026-08-18 09:23:00,CVX,company,-0.003,Other,1.9,0.996,"$CVX FLAT, NOTHING HAPPENING"
ST01321,T01321,social,2026-08-18 09:24:00,GS,company,0.509,Merger/Acquisition,3.1,0.994,"bought more $GS on the dip, feeling good 📈"
ST01322,T01322,social,2026-08-18 09:43:00,PFE,company,-0.194,Other,2.0,0.996,$PFE volume is low today
ST01323,T01323,social,2026-08-18 09:45:00,XOM,company,-0.742,Other,3.1,0.996,$XOM looks bad 😬 bearish
ST01324,T01324,social,2026-08-18 09:53:00,XOM,company,0.806,Regulatory/Legal,4.9,0.993,RT @user_3868: $XOM wins approval 🎉 big relief
SN00593,N00593,news,2026-08-18 09:55:00,GS,company,0.86,Earnings,6.8,0.973,"Goldman Sachs posts record profit, with earnings per share ahead of consensus, lifting shares. Investors responded positively, with analysts"
SN00594,N00594,news,2026-08-18 10:05:00,MSFT,company,0.002,Regulatory/Legal,2.0,0.947,Regulators open consultation on rules affecting the Technology sector. Analysts said it was too early to assess any lasting impact.
SN00595,N00595,news,2026-08-18 10:17:00,BAC,company,-0.442,Earnings,6.0,0.974,"Bank of America reports revenue decline of 2.5% year over year, sending shares lower. Investors reacted cautiously, citing uncertainty over "
SN00596,N00596,news,2026-08-18 10:32:00,META,company,-0.785,Credit Event,6.7,0.931,"Meta Platforms raises loan loss provisions by 4.5% as defaults rise, sending shares lower. Analysts flagged downside risks and trimmed their"
ST01325,T01325,social,2026-08-18 10:33:00,GOOGL,company,-0.008,Other,2.3,0.991,"$GOOGL flat, nothing happening #investing"
ST01326,T01326,social,2026-08-18 10:39:00,NVDA,company,-0.189,Other,2.1,0.994,$NVDA volume is low today #investing 👀
ST01327,T01327,social,2026-08-18 11:04:00,PFE,company,-0.007,Other,2.0,0.991,"RT @user_7245: $PFE flat, nothing happening #trading"
SN00597,N00597,news,2026-08-18 11:14:00,JPM,company,-0.011,Earnings,2.2,0.956,JPMorgan Chase to report quarterly results next week. The development was largely expected by market participants.
ST01328,T01328,social,2026-08-18 11:24:00,,market,-0.577,Macroeconomic,6.0,0.988,recession signals flashing red 🚨 #macro
SN00599,N00599,news,2026-08-18 11:26:00,AAPL,company,0.787,Merger/Acquisition,7.7,0.945,"Apple to acquire a rival in a $36bn deal expected to boost margins in a landmark result. Investors responded positively, with analysts raisi"
SN00598,N00598,news,2026-08-18 11:26:00,AMZN,company,-0.585,Earnings,5.5,0.981,Amazon reports revenue decline of 7.1% year over year. Analysts flagged downside risks and trimmed their estimates.
ST01329,T01329,social,2026-08-18 11:40:00,META,company,0.006,Other,2.4,0.993,watching $META today #investing
SN00600,N00600,news,2026-08-18 11:40:00,CVX,company,-0.878,Earnings,8.7,0.953,"Chevron cuts full-year outlook citing weak demand in what analysts call a major shock. Investors reacted cautiously, citing uncertainty over"
ST01330,T01330,social,2026-08-18 11:42:00,XOM,company,-0.16,Other,3.2,0.991,$XOM breakout incoming?? 🔥 #trading 📊
ST01331,T01331,social,2026-08-18 12:40:00,META,company,-0.002,Other,1.9,0.996,watching $META today 💬
ST01332,T01332,social,2026-08-18 12:41:00,AMZN,company,-0.518,Other,2.9,0.995,$AMZN getting hammered rn 📉
SN00601,N00601,news,2026-08-18 12:56:00,JNJ,company,-0.008,Regulatory/Legal,1.9,0.956,Regulators open consultation on rules affecting the Healthcare sector. The development was largely expected by market participants.
ST01333,T01333,social,2026-08-18 13:14:00,XOM,company,-0.658,Other,2.9,0.995,ugh $XOM again... down bad
ST01334,T01334,social,2026-08-18 13:23:00,BAC,company,0.0,Other,2.0,0.997,watching $BAC today
ST01335,T01335,social,2026-08-18 13:29:00,GOOGL,company,0.011,Other,2.4,0.991,RT @user_9877: watching $GOOGL today #markets
ST01336,T01336,social,2026-08-18 13:37:00,NVDA,company,0.548,Earnings,5.4,0.982,$NVDA earnings beat!! EPS way above estimates 🚀 #investing
ST01337,T01337,social,2026-08-18 14:12:00,BAC,company,-0.655,Other,2.9,0.99,ugh $BAC again... down bad #markets
SN00602,N00602,news,2026-08-18 14:12:00,PFE,company,0.908,Earnings,7.7,0.973,"Pfizer posts record profit, with earnings per share ahead of consensus, sparking a strong rally. Traders cited improving fundamentals and st"
ST01338,T01338,social,2026-08-18 14:15:00,NVDA,company,-0.743,Other,3.1,0.996,$NVDA looks bad 😬 bearish
ST01339,T01339,social,2026-08-18 14:32:00,PFE,company,-0.348,Other,2.8,0.994,"sold my $PFE, not liking this"
ST01340,T01340,social,2026-08-18 15:09:00,XOM,company,0.808,Regulatory/Legal,5.1,0.992,$XOM wins approval 🎉 big relief
SN00603,N00603,news,2026-08-18 15:17:00,JNJ,company,-0.864,Earnings,7.9,0.975,Johnson & Johnson misses earnings expectations as margins shrink in what analysts call a major shock. Analysts flagged downside risks and tr
ST01341,T01341,social,2026-08-18 15:32:00,MSFT,company,-0.53,Regulatory/Legal,5.2,0.984,"$MSFT fined again, regulators not messing around"
SN00604,N00604,news,2026-08-18 15:34:00,AMZN,company,-0.876,Earnings,8.9,0.958,"Amazon cuts full-year outlook citing weak demand in what analysts call a major shock. Investors reacted cautiously, citing uncertainty over "
SN00605,N00605,news,2026-08-18 15:45:00,AMZN,company,-0.866,Merger/Acquisition,6.8,0.961,"Amazon overpays for acquisition, analysts warn of dilution, triggering a sharp selloff. Analysts flagged downside risks and trimmed their es"
SN00606,N00606,news,2026-08-18 15:55:00,BAC,company,-0.653,Regulatory/Legal,6.1,0.959,"Bank of America loses court ruling, appeal expected, sending shares lower. Investors reacted cautiously, citing uncertainty over near-term o"
ST01342,T01342,social,2026-08-18 16:00:00,WMT,company,-0.637,Earnings,5.4,0.988,"$WMT margins shrinking, earnings were weak"
ST01343,T01343,social,2026-08-18 16:02:00,XOM,company,0.665,Other,2.9,0.994,"$XOM crushing it, bullish"
ST01344,T01344,social,2026-08-18 16:21:00,MSFT,company,0.692,Credit Event,5.0,0.989,"$MSFT credit upgrade, balance sheet looking healthier ✅"
SN00607,N00607,news,2026-08-18 16:23:00,GOOGL,company,0.783,Product Launch,3.6,0.954,"Alphabet launches streaming service to strong reviews, lifting shares. Traders cited improving fundamentals and strong momentum."
ST01345,T01345,social,2026-08-18 16:56:00,XOM,company,0.717,Other,3.2,0.986,"$XOM CRUSHING IT, BULLISH #STOCKS"
ST01346,T01346,social,2026-08-18 16:59:00,NVDA,company,-0.194,Other,2.0,0.996,$NVDA volume is low today
ST01347,T01347,social,2026-08-18 17:09:00,WMT,company,-0.476,Merger/Acquisition,5.1,0.984,$WMT overpaying for this acquisition imo
ST01348,T01348,social,2026-08-18 17:13:00,AAPL,company,-0.659,Other,3.0,0.995,ugh $AAPL again... down bad
SN00608,N00608,news,2026-08-18 17:15:00,KO,company,0.505,Regulatory/Legal,3.1,0.981,Coca-Cola settles lawsuit on favourable terms. Traders cited improving fundamentals and strong momentum.
ST01349,T01349,social,2026-08-18 17:18:00,JNJ,company,-0.742,Other,3.1,0.996,$JNJ looks bad 😬 bearish
ST01350,T01350,social,2026-08-18 17:23:00,AAPL,company,-0.348,Other,2.8,0.994,"sold my $AAPL, not liking this"
SN00609,N00609,news,2026-08-18 17:25:00,GOOGL,company,0.76,Product Launch,3.6,0.959,"Alphabet launches streaming service to strong reviews, lifting shares. Investors responded positively, with analysts raising price targets."
ST01351,T01351,social,2026-08-18 17:34:00,META,company,0.808,Regulatory/Legal,5.1,0.992,$META wins approval 🎉 big relief 📊
ST01352,T01352,social,2026-08-18 17:39:00,BAC,company,-0.653,Regulatory/Legal,4.4,0.984,"RT @user_3814: $BAC under investigation, this could get ugly"
ST01353,T01353,social,2026-08-18 17:40:00,AMZN,company,-0.663,Regulatory/Legal,4.6,0.987,"$AMZN under investigation, this could get ugly 🤔"
ST01354,T01354,social,2026-08-18 18:11:00,JPM,company,-0.47,Merger/Acquisition,5.0,0.983,$JPM overpaying for this acquisition imo
ST01355,T01355,social,2026-08-18 18:27:00,,market,-0.574,Macroeconomic,5.9,0.986,recession signals flashing red 🚨 #macro
ST01356,T01356,social,2026-08-18 18:31:00,KO,company,0.437,Other,3.0,0.994,$KO looking strong today 🚀
ST01357,T01357,social,2026-08-18 18:56:00,KO,company,-0.554,Credit Event,5.4,0.984,"$KO downgraded, spreads widening ⚠️ #credit"
SN00610,N00610,news,2026-08-18 19:13:00,GS,company,-0.853,Earnings,8.0,0.966,"Goldman Sachs misses earnings expectations as margins shrink in what analysts call a major shock. Investors reacted cautiously, citing uncer"
ST01358,T01358,social,2026-08-18 19:27:00,AMZN,company,-0.002,Other,2.0,0.997,watching $AMZN today
ST01359,T01359,social,2026-08-18 19:50:00,NVDA,company,0.437,Other,3.0,0.994,$NVDA looking strong today 🚀 💬
ST01360,T01360,social,2026-08-18 19:56:00,JPM,company,-0.0,Other,1.9,0.997,RT @user_7595: WATCHING $JPM TODAY
SN00611,N00611,news,2026-08-18 19:59:00,AMZN,company,0.647,Regulatory/Legal,3.9,0.967,"Amazon settles lawsuit on favourable terms, lifting shares. Investors responded positively, with analysts raising price targets."
SN00612,N00612,news,2026-08-18 20:16:00,MSFT,company,0.829,Credit Event,5.9,0.927,"a major rating agency upgrades Microsoft to BB+ on improving leverage, lifting shares. Investors responded positively, with analysts raising"
SN00613,N00613,news,2026-08-18 20:17:00,,market,-0.873,Macroeconomic,9.5,0.862,"GDP contracts by 6.5% in surprise slowdown, triggering a sharp selloff. Investors reacted cautiously, citing uncertainty over near-term outl"
ST01361,T01361,social,2026-08-18 20:33:00,WMT,company,-0.772,Other,3.1,0.996,$WMT LOOKS BAD 😬 BEARISH
ST01362,T01362,social,2026-08-18 20:38:00,GOOGL,company,0.436,Other,3.0,0.995,$GOOGL looking strong today 🚀
ST01363,T01363,social,2026-08-18 20:39:00,NVDA,company,-0.055,Merger/Acquisition,5.0,0.99,$NVDA acquisition could be a game changer 👀🔥
SN00614,N00614,news,2026-08-18 20:47:00,PFE,company,-0.011,Earnings,2.2,0.956,Pfizer to report quarterly results next week. The development was largely expected by market participants.
ST01364,T01364,social,2026-08-19 06:42:00,GS,company,-0.16,Other,3.0,0.99,$GS breakout incoming?? 🔥 #trading
ST01365,T01365,social,2026-08-19 06:47:00,JNJ,company,-0.574,Credit Event,5.4,0.983,"$JNJ debt worries growing, bonds selling off"
ST01366,T01366,social,2026-08-19 07:20:00,AAPL,company,-0.001,Other,2.0,0.996,"$AAPL flat, nothing happening"
ST01368,T01368,social,2026-08-19 07:42:00,KO,company,0.435,Other,3.0,0.995,$KO looking strong today 🚀
ST01367,T01367,social,2026-08-19 07:42:00,PFE,company,-0.659,Other,3.0,0.995,ugh $PFE again... down bad
ST01369,T01369,social,2026-08-19 07:49:00,,market,0.137,Macroeconomic,6.3,0.98,"inflation print hot, fed won't cut 😬 #Fed #trading 🤔"
ST01370,T01370,social,2026-08-19 07:52:00,XOM,company,-0.347,Other,2.8,0.995,"RT @user_7528: sold my $XOM, not liking this"
ST01371,T01371,social,2026-08-19 08:15:00,JPM,company,-0.519,Regulatory/Legal,4.8,0.982,"$JPM fined again, regulators not messing around"
SN00615,N00615,news,2026-08-19 08:39:00,GOOGL,company,-0.003,Regulatory/Legal,1.9,0.951,Regulators open consultation on rules affecting the Communication sector. Analysts said it was too early to assess any lasting impact.
SN00616,N00616,news,2026-08-19 09:01:00,,market,-0.916,Macroeconomic,9.9,0.777,Recession fears mount as unemployment rises in what analysts call a major shock. Analysts flagged downside risks and trimmed their estimates
SN00617,N00617,news,2026-08-19 09:30:00,KO,company,-0.013,Regulatory/Legal,2.1,0.965,Regulators open consultation on rules affecting the Consumer sector. The development was largely expected by market participants.
ST01372,T01372,social,2026-08-19 09:45:00,GS,company,0.668,Other,3.1,0.994,"$GS crushing it, bullish 📊"
ST01373,T01373,social,2026-08-19 10:03:00,GS,company,-0.008,Other,2.2,0.992,"$GS flat, nothing happening #stocks"
ST01374,T01374,social,2026-08-19 11:17:00,XOM,company,-0.001,Other,2.0,0.996,"$XOM flat, nothing happening"
ST01375,T01375,social,2026-08-19 11:25:00,PFE,company,-0.781,Earnings,5.1,0.985,$PFE missed earnings and cut guide... brutal 📉
ST01376,T01376,social,2026-08-19 12:10:00,GOOGL,company,0.18,Other,2.2,0.989,"$GOOGL flat, nothing happening #markets 🔥"
ST01377,T01377,social,2026-08-19 12:14:00,BAC,company,-0.001,Other,1.9,0.996,anyone have thoughts on $BAC?
ST01378,T01378,social,2026-08-19 12:20:00,WMT,company,-0.001,Other,1.9,0.996,anyone have thoughts on $WMT?
ST01379,T01379,social,2026-08-19 12:39:00,GOOGL,company,-0.194,Other,1.9,0.995,RT @user_8435: $GOOGL volume is low today
ST01380,T01380,social,2026-08-19 12:40:00,NVDA,company,0.509,Merger/Acquisition,3.1,0.994,"bought more $NVDA on the dip, feeling good 📈"
ST01381,T01381,social,2026-08-19 12:40:00,PFE,company,-0.737,Other,3.6,0.991,$PFE looks bad 😬 bearish #stocks
SN00618,N00618,news,2026-08-19 12:45:00,WMT,company,0.759,Earnings,5.4,0.977,Walmart beats quarterly earnings estimates as revenue climbs 10.5%. Traders cited improving fundamentals and strong momentum.
ST01383,T01383,social,2026-08-19 12:55:00,JPM,company,-0.346,Other,2.9,0.99,"RT @user_2893: sold my $JPM, not liking this #markets 💬"
ST01382,T01382,social,2026-08-19 12:55:00,WMT,company,-0.725,Other,3.1,0.989,$WMT looks bad 😬 bearish #investing
ST01384,T01384,social,2026-08-19 12:58:00,PFE,company,-0.625,Credit Event,5.4,0.984,"$PFE DOWNGRADED, SPREADS WIDENING ⚠️ #CREDIT"
ST01385,T01385,social,2026-08-19 12:59:00,NVDA,company,-0.598,Product Launch,5.1,0.965,"RT @user_7581: $NVDA delaying the launch again, not good #markets"
ST01386,T01386,social,2026-08-19 13:40:00,PFE,company,-0.66,Regulatory/Legal,4.5,0.986,"$PFE under investigation, this could get ugly"
ST01387,T01387,social,2026-08-19 14:20:00,,market,-0.783,Geopolitical,6.6,0.973,sanctions + tariffs = chaos for stocks 📉 #geopolitics
SN00619,N00619,news,2026-08-19 14:26:00,AMZN,company,-0.904,Credit Event,10.0,0.914,"Amazon warns of covenant breach as cash flow tightens in what analysts call a major shock. Investors reacted cautiously, citing uncertainty "
SN00620,N00620,news,2026-08-19 14:39:00,BAC,company,0.826,Merger/Acquisition,7.3,0.971,"Bank of America completes acquisition ahead of schedule, synergies seen in a landmark result. Traders cited improving fundamentals and stron"
SN00621,N00621,news,2026-08-19 14:53:00,CVX,company,0.868,Regulatory/Legal,7.0,0.955,Chevron wins regulatory approval for its offshore field in a landmark result. Traders cited improving fundamentals and strong momentum.
ST01388,T01388,social,2026-08-19 15:10:00,MSFT,company,0.523,Other,3.0,0.995,$MSFT LOOKING STRONG TODAY 🚀
SN00622,N00622,news,2026-08-19 15:17:00,,market,-0.867,Macroeconomic,9.9,0.84,"GDP contracts by 10.2% in surprise slowdown in what analysts call a major shock. Investors reacted cautiously, citing uncertainty over near-"
SN00623,N00623,news,2026-08-19 15:32:00,CVX,company,0.843,Credit Event,5.4,0.945,"S&P-style agency upgrades Chevron to A+ on improving leverage, lifting shares. Investors responded positively, with analysts raising price t"
ST01389,T01389,social,2026-08-19 15:35:00,GS,company,0.509,Merger/Acquisition,3.1,0.994,"bought more $GS on the dip, feeling good 📈"
ST01390,T01390,social,2026-08-19 15:39:00,BAC,company,-0.001,Other,2.0,0.996,"$BAC FLAT, NOTHING HAPPENING"
ST01391,T01391,social,2026-08-19 15:44:00,GOOGL,company,0.835,Regulatory/Legal,5.0,0.994,$GOOGL WINS APPROVAL 🎉 BIG RELIEF 💬
ST01392,T01392,social,2026-08-19 15:48:00,META,company,0.179,Earnings,5.4,0.981,"$META smashing guidance, loading up 📈"
ST01393,T01393,social,2026-08-19 15:52:00,JNJ,company,-0.652,Regulatory/Legal,4.5,0.973,"$JNJ under investigation, this could get ugly #trading"
ST01394,T01394,social,2026-08-19 15:53:00,,market,-0.819,Geopolitical,6.4,0.978,sanctions + tariffs = chaos for stocks 📉 #geopolitics 🔥
ST01395,T01395,social,2026-08-19 16:14:00,GOOGL,company,-0.003,Other,1.9,0.996,"$GOOGL flat, nothing happening"
ST01396,T01396,social,2026-08-19 17:11:00,NVDA,company,-0.005,Other,2.1,0.992,"$NVDA flat, nothing happening #stocks"
ST01397,T01397,social,2026-08-19 17:24:00,,market,-0.783,Geopolitical,6.6,0.973,RT @user_3250: sanctions + tariffs = chaos for stocks 📉 #geopolitics
SN00624,N00624,news,2026-08-19 17:28:00,GS,company,0.806,Product Launch,5.2,0.98,"Goldman Sachs unveils new wealth platform, early orders exceed expectations, lifting shares. Investors responded positively, with analysts r"
ST01398,T01398,social,2026-08-19 17:31:00,MSFT,company,-0.654,Other,3.2,0.992,ugh $MSFT again... down bad #investing
SN00625,N00625,news,2026-08-19 17:36:00,NVDA,company,0.712,Credit Event,7.0,0.956,NVIDIA refinances debt at lower rates and extends maturities in a landmark result. Traders cited improving fundamentals and strong momentum.
SN00626,N00626,news,2026-08-19 17:40:00,,market,-0.752,Macroeconomic,8.7,0.884,"GDP contracts by 11.6% in surprise slowdown, sending shares lower. Investors reacted cautiously, citing uncertainty over near-term outlook."
ST01399,T01399,social,2026-08-19 18:18:00,GS,company,-0.152,Other,3.1,0.995,$GS breakout incoming?? 🔥
ST01400,T01400,social,2026-08-19 18:25:00,CVX,company,-0.346,Other,2.7,0.994,"RT @user_7725: sold my $CVX, not liking this"
SN00627,N00627,news,2026-08-19 18:31:00,,market,0.008,Macroeconomic,2.2,0.916,Central bank minutes due for release on Wednesday. Analysts said it was too early to assess any lasting impact.
ST01401,T01401,social,2026-08-19 19:09:00,,market,0.571,Geopolitical,5.8,0.96,ceasefire!! risk on 🟢 #markets #investing
ST01402,T01402,social,2026-08-19 19:39:00,AMZN,company,-0.347,Other,3.0,0.991,"RT @user_4025: sold my $AMZN, not liking this #investing"
ST01403,T01403,social,2026-08-19 19:41:00,XOM,company,0.665,Other,2.9,0.994,"$XOM crushing it, bullish"
SN00628,N00628,news,2026-08-19 19:43:00,XOM,company,-0.789,Merger/Acquisition,5.9,0.939,"Exxon Mobil walks away from $2bn takeover talks, triggering a sharp selloff. Analysts flagged downside risks and trimmed their estimates."
ST01404,T01404,social,2026-08-19 19:46:00,GS,company,-0.001,Other,2.0,0.996,RT @user_5765: anyone have thoughts on $GS?
SN00629,N00629,news,2026-08-19 20:06:00,AMZN,company,0.837,Earnings,5.5,0.977,"Amazon raises full-year guidance after a strong quarter, lifting shares. Traders cited improving fundamentals and strong momentum."
SN00630,N00630,news,2026-08-19 20:18:00,JNJ,company,-0.814,Merger/Acquisition,5.8,0.955,"Johnson & Johnson overpays for acquisition, analysts warn of dilution, sending shares lower. Analysts flagged downside risks and trimmed the"
ST01405,T01405,social,2026-08-19 20:29:00,MSFT,company,-0.15,Other,3.1,0.996,$MSFT BREAKOUT INCOMING?? 🔥
ST01406,T01406,social,2026-08-19 20:32:00,AAPL,company,-0.742,Other,3.1,0.996,$AAPL looks bad 😬 bearish
SN00631,N00631,news,2026-08-19 20:53:00,PFE,company,-0.557,Merger/Acquisition,5.1,0.949,"Pfizer walks away from $27bn takeover talks, sending shares lower. Investors reacted cautiously, citing uncertainty over near-term outlook."
SN00632,N00632,news,2026-08-20 06:31:00,JPM,company,-0.585,Earnings,5.5,0.981,JPMorgan Chase reports revenue decline of 9.0% year over year. Analysts flagged downside risks and trimmed their estimates.
ST01407,T01407,social,2026-08-20 06:39:00,PFE,company,-0.659,Other,3.0,0.995,RT @user_2333: ugh $PFE again... down bad
SN00633,N00633,news,2026-08-20 06:51:00,GOOGL,company,0.696,Product Launch,3.0,0.948,Alphabet launches AI assistant to strong reviews. Traders cited improving fundamentals and strong momentum.
SN00634,N00634,news,2026-08-20 07:14:00,AMZN,company,0.79,Product Launch,7.2,0.975,"Amazon unveils new delivery service, early orders exceed expectations in a landmark result. Traders cited improving fundamentals and strong "
ST01408,T01408,social,2026-08-20 07:47:00,,market,0.606,Geopolitical,6.1,0.976,CEASEFIRE!! RISK ON 🟢 #MARKETS 💬
ST01409,T01409,social,2026-08-20 08:03:00,AAPL,company,-0.0,Other,2.0,0.997,RT @user_4904: watching $AAPL today
SN00635,N00635,news,2026-08-20 08:11:00,,market,0.826,Geopolitical,6.3,0.931,"Trade agreement signed with partners in Eastern Europe cheers markets in a landmark result. Investors responded positively, with analysts ra"
ST01410,T01410,social,2026-08-20 08:14:00,AMZN,company,-0.696,Merger/Acquisition,5.5,0.983,"RT @user_8875: $AMZN MERGER FACING ANTITRUST HEAT, DEAL AT RISK"
SN00636,N00636,news,2026-08-20 08:16:00,AAPL,company,-0.852,Credit Event,8.5,0.932,"Apple warns of covenant breach as cash flow tightens, sending shares lower. Analysts flagged downside risks and trimmed their estimates."
ST01411,T01411,social,2026-08-20 08:22:00,BAC,company,-0.348,Other,2.8,0.994,"RT @user_6360: sold my $BAC, not liking this"
ST01412,T01412,social,2026-08-20 09:06:00,META,company,-0.055,Merger/Acquisition,5.1,0.991,RT @user_4879: $META ACQUISITION COULD BE A GAME CHANGER 👀🔥
ST01413,T01413,social,2026-08-20 09:10:00,JPM,company,-0.519,Regulatory/Legal,4.8,0.982,"$JPM fined again, regulators not messing around"
ST01414,T01414,social,2026-08-20 09:28:00,JPM,company,-0.518,Other,3.2,0.988,$JPM getting hammered rn 📉 #markets
ST01415,T01415,social,2026-08-20 09:29:00,KO,company,-0.16,Other,3.2,0.991,$KO breakout incoming?? 🔥 #trading
ST01416,T01416,social,2026-08-20 09:40:00,JNJ,company,0.669,Other,3.0,0.994,"$JNJ crushing it, bullish"
ST01417,T01417,social,2026-08-20 09:54:00,WMT,company,0.808,Regulatory/Legal,5.1,0.992,$WMT wins approval 🎉 big relief
ST01418,T01418,social,2026-08-20 10:07:00,XOM,company,-0.002,Other,2.0,0.996,"$XOM flat, nothing happening"
SN00637,N00637,news,2026-08-20 10:12:00,PFE,company,-0.787,Credit Event,6.9,0.963,Moody's-style agency downgrades Pfizer to BB+ amid rising debt. Analysts flagged downside risks and trimmed their estimates.
SN00638,N00638,news,2026-08-20 10:16:00,GOOGL,company,0.788,Product Launch,5.1,0.974,"Alphabet unveils new streaming service, early orders exceed expectations, lifting shares. Traders cited improving fundamentals and strong mo"
SN00639,N00639,news,2026-08-20 11:02:00,MSFT,company,-0.823,Regulatory/Legal,8.2,0.959,"Microsoft hit with $1000m fine by regulators, triggering a sharp selloff. Analysts flagged downside risks and trimmed their estimates."
ST01419,T01419,social,2026-08-20 11:20:00,JPM,company,-0.743,Other,3.1,0.996,$JPM looks bad 😬 bearish
SN00640,N00640,news,2026-08-20 12:13:00,JPM,company,-0.905,Credit Event,10.0,0.916,"JPMorgan Chase warns of covenant breach as cash flow tightens in what analysts call a major shock. Investors reacted cautiously, citing unce"
ST01420,T01420,social,2026-08-20 12:33:00,CVX,company,-0.709,Other,2.9,0.992,ugh $CVX again... down bad #investing 🔥
SN00641,N00641,news,2026-08-20 12:57:00,BAC,company,-0.86,Credit Event,8.6,0.924,"Bank of America raises loan loss provisions by 5.6% as defaults rise in what analysts call a major shock. Investors reacted cautiously, citi"
ST01421,T01421,social,2026-08-20 12:59:00,,market,-0.776,Geopolitical,6.3,0.975,sanctions + tariffs = chaos for stocks 📉 #geopolitics #investing
SN00642,N00642,news,2026-08-20 13:19:00,CVX,company,0.866,Credit Event,7.5,0.917,"S&P-style agency upgrades Chevron to A- on improving leverage in a landmark result. Investors responded positively, with analysts raising pr"
ST01422,T01422,social,2026-08-20 13:41:00,BAC,company,-0.003,Other,2.1,0.992,anyone have thoughts on $BAC? #stocks
ST01423,T01423,social,2026-08-20 13:55:00,AAPL,company,-0.742,Other,3.1,0.996,$AAPL looks bad 😬 bearish
ST01424,T01424,social,2026-08-20 14:05:00,CVX,company,0.436,Other,3.0,0.995,$CVX looking strong today 🚀
ST01425,T01425,social,2026-08-20 14:41:00,GS,company,-0.158,Other,3.3,0.99,$GS breakout incoming?? 🔥 #stocks
SN00643,N00643,news,2026-08-20 15:25:00,,market,0.81,Macroeconomic,4.7,0.868,"Strong jobs report boosts growth outlook, lifting shares. Investors responded positively, with analysts raising price targets."
ST01426,T01426,social,2026-08-20 15:28:00,GOOGL,company,-0.074,Merger/Acquisition,5.0,0.981,$GOOGL acquisition could be a game changer 👀🔥 #stocks 🤔
SN00644,N00644,news,2026-08-20 15:43:00,KO,company,0.869,Credit Event,6.7,0.968,"Moody's-style agency upgrades Coca-Cola to BBB on improving leverage, sparking a strong rally. Traders cited improving fundamentals and stro"
ST01427,T01427,social,2026-08-20 16:17:00,GOOGL,company,0.51,Merger/Acquisition,3.1,0.994,"RT @user_1150: bought more $GOOGL on the dip, feeling good 📈"
SN00645,N00645,news,2026-08-20 16:52:00,AMZN,company,-0.663,Product Launch,6.7,0.96,"Amazon recalls delivery service over safety defect, sending shares lower. Investors reacted cautiously, citing uncertainty over near-term ou"
ST01428,T01428,social,2026-08-20 16:54:00,MSFT,company,0.692,Credit Event,5.0,0.989,"RT @user_3438: $MSFT credit upgrade, balance sheet looking healthier ✅"
ST01429,T01429,social,2026-08-20 17:08:00,KO,company,0.788,Regulatory/Legal,4.6,0.977,$KO wins approval 🎉 big relief #stocks
ST01430,T01430,social,2026-08-20 17:10:00,XOM,company,-0.743,Other,3.1,0.996,$XOM looks bad 😬 bearish
SN00646,N00646,news,2026-08-20 17:27:00,MSFT,company,-0.752,Merger/Acquisition,6.8,0.94,"Microsoft walks away from $7bn takeover talks in what analysts call a major shock. Investors reacted cautiously, citing uncertainty over nea"
ST01431,T01431,social,2026-08-20 17:41:00,KO,company,-0.658,Other,2.9,0.995,ugh $KO again... down bad
ST01432,T01432,social,2026-08-20 17:45:00,PFE,company,-0.47,Merger/Acquisition,5.0,0.983,$PFE overpaying for this acquisition imo
SN00647,N00647,news,2026-08-20 17:54:00,AMZN,company,0.829,Earnings,5.8,0.974,"Amazon beats quarterly earnings estimates as revenue climbs 13.7%, lifting shares. Traders cited improving fundamentals and strong momentum."
ST01433,T01433,social,2026-08-20 18:44:00,NVDA,company,-0.743,Other,3.1,0.996,$NVDA looks bad 😬 bearish 💬
ST01434,T01434,social,2026-08-20 18:54:00,BAC,company,-0.734,Other,3.2,0.99,$BAC looks bad 😬 bearish #trading
ST01435,T01435,social,2026-08-20 18:55:00,WMT,company,-0.742,Other,3.1,0.996,$WMT looks bad 😬 bearish 👀
ST01436,T01436,social,2026-08-20 19:17:00,GOOGL,company,-0.0,Other,1.9,0.997,watching $GOOGL today 👀
SN00648,N00648,news,2026-08-20 20:10:00,CVX,company,-0.707,Earnings,7.8,0.949,"Chevron reports revenue decline of 10.2% year over year in what analysts call a major shock. Investors reacted cautiously, citing uncertaint"
ST01437,T01437,social,2026-08-20 20:10:00,PFE,company,-0.658,Other,2.9,0.995,ugh $PFE again... down bad
SN00649,N00649,news,2026-08-20 20:29:00,META,company,0.59,Regulatory/Legal,6.1,0.965,"Meta Platforms settles lawsuit on favourable terms in a landmark result. Investors responded positively, with analysts raising price targets"
ST01438,T01438,social,2026-08-20 20:32:00,NVDA,company,-0.742,Other,3.1,0.996,$NVDA looks bad 😬 bearish
ST01439,T01439,social,2026-08-20 20:38:00,GOOGL,company,0.074,Product Launch,5.2,0.991,$GOOGL NEW LAUNCH LOOKS 🔥 EARLY DEMAND IS HUGE 💬
SN00650,N00650,news,2026-08-20 20:46:00,MSFT,company,0.864,Earnings,7.0,0.974,"Microsoft beats quarterly earnings estimates as revenue climbs 8.6%, sparking a strong rally. Investors responded positively, with analysts "
ST01440,T01440,social,2026-08-20 20:52:00,WMT,company,-0.537,Regulatory/Legal,5.5,0.983,"$WMT fined again, regulators not messing around"
ST01441,T01441,social,2026-08-21 06:00:00,XOM,company,-0.002,Other,1.9,0.996,RT @user_6457: watching $XOM today
ST01442,T01442,social,2026-08-21 06:26:00,CVX,company,-0.726,Other,2.6,0.989,$CVX looks bad 😬 bearish #markets
ST01443,T01443,social,2026-08-21 06:51:00,JNJ,company,-0.001,Other,1.9,0.996,anyone have thoughts on $JNJ? 💬
ST01444,T01444,social,2026-08-21 06:53:00,GS,company,0.641,Other,2.8,0.987,"$GS crushing it, bullish #investing 🤔"
ST01445,T01445,social,2026-08-21 07:04:00,AMZN,company,-0.509,Other,2.9,0.995,$AMZN getting hammered rn 📉 #stocks
ST01446,T01446,social,2026-08-21 07:16:00,MSFT,company,0.437,Other,3.1,0.995,$MSFT looking strong today 🚀
SN00651,N00651,news,2026-08-21 07:23:00,NVDA,company,0.868,Credit Event,6.8,0.927,"a major rating agency upgrades NVIDIA to A on improving leverage, sparking a strong rally. Investors responded positively, with analysts rai"
ST01447,T01447,social,2026-08-21 07:23:00,MSFT,company,-0.062,Merger/Acquisition,5.0,0.987,$MSFT acquisition could be a game changer 👀🔥 #trading
ST01448,T01448,social,2026-08-21 07:25:00,MSFT,company,0.692,Credit Event,5.0,0.989,"RT @user_5095: $MSFT credit upgrade, balance sheet looking healthier ✅"
ST01449,T01449,social,2026-08-21 07:26:00,KO,company,0.692,Credit Event,5.0,0.989,"RT @user_7241: $KO credit upgrade, balance sheet looking healthier ✅"
SN00652,N00652,news,2026-08-21 07:48:00,BAC,company,0.86,Earnings,6.8,0.973,"Bank of America posts record profit, with earnings per share ahead of consensus, lifting shares. Investors responded positively, with analys"
ST01450,T01450,social,2026-08-21 07:48:00,BAC,company,-0.571,Credit Event,5.3,0.986,"$BAC debt worries growing, bonds selling off"
ST01451,T01451,social,2026-08-21 08:14:00,NVDA,company,-0.519,Other,3.0,0.995,$NVDA getting hammered rn 📉
SN00653,N00653,news,2026-08-21 08:15:00,JNJ,company,-0.724,Product Launch,5.8,0.967,Johnson & Johnson recalls vaccine over safety defect. Analysts flagged downside risks and trimmed their estimates.
SN00654,N00654,news,2026-08-21 08:21:00,JNJ,company,-0.834,Earnings,7.1,0.97,"Johnson & Johnson cuts full-year outlook citing weak demand, sending shares lower. Analysts flagged downside risks and trimmed their estimat"
ST01452,T01452,social,2026-08-21 09:15:00,,market,0.392,Geopolitical,6.3,0.952,ceasefire!! risk on 🟢 #markets #trading 🔥
ST01453,T01453,social,2026-08-21 09:32:00,XOM,company,0.546,Earnings,5.3,0.986,$XOM earnings beat!! EPS way above estimates 🚀
SN00655,N00655,news,2026-08-21 10:11:00,NVDA,company,-0.791,Earnings,8.1,0.965,NVIDIA reports revenue decline of 2.4% year over year in what analysts call a major shock. Analysts flagged downside risks and trimmed their
ST01454,T01454,social,2026-08-21 10:14:00,JNJ,company,0.492,Merger/Acquisition,2.6,0.989,"bought more $JNJ on the dip, feeling good 📈 #markets"
ST01455,T01455,social,2026-08-21 10:41:00,MSFT,company,-0.515,Other,2.9,0.995,$MSFT getting hammered rn 📉
ST01456,T01456,social,2026-08-21 10:51:00,META,company,0.643,Other,2.8,0.989,"RT @user_5589: $META crushing it, bullish #trading"
SN00656,N00656,news,2026-08-21 10:58:00,,market,-0.588,Geopolitical,7.6,0.943,"New sanctions disrupt energy supply chains linked to North Africa. Investors reacted cautiously, citing uncertainty over near-term outlook."
SN00657,N00657,news,2026-08-21 11:05:00,,market,0.783,Macroeconomic,5.3,0.932,"Central bank holds rates and signals easing ahead, lifting shares. Investors responded positively, with analysts raising price targets."
ST01457,T01457,social,2026-08-21 11:38:00,,market,0.482,Macroeconomic,5.7,0.974,"jobs data strong, soft landing vibes ✅ #macro 👀"
ST01458,T01458,social,2026-08-21 11:57:00,KO,company,0.423,Other,3.2,0.991,$KO looking strong today 🚀 #markets 📊
ST01459,T01459,social,2026-08-21 12:12:00,AMZN,company,-0.003,Other,1.9,0.996,"$AMZN flat, nothing happening 👀"
SN00658,N00658,news,2026-08-21 12:48:00,BAC,company,-0.003,Product Launch,1.9,0.953,Bank of America announces date for its next trading platform event. The development was largely expected by market participants.
ST01460,T01460,social,2026-08-21 13:07:00,MSFT,company,-0.152,Other,3.1,0.995,$MSFT breakout incoming?? 🔥
ST01461,T01461,social,2026-08-21 13:13:00,,market,0.573,Geopolitical,5.9,0.963,ceasefire!! risk on 🟢 #markets #investing
ST01462,T01462,social,2026-08-21 13:45:00,PFE,company,0.002,Other,2.3,0.992,watching $PFE today #stocks
ST01463,T01463,social,2026-08-21 14:00:00,MSFT,company,0.509,Merger/Acquisition,3.1,0.993,"bought more $MSFT on the dip, feeling good 📈"
SN00659,N00659,news,2026-08-21 14:28:00,XOM,company,0.197,Regulatory/Legal,2.1,0.944,Regulators open consultation on rules affecting the Energy sector. Analysts said it was too early to assess any lasting impact.
SN00660,N00660,news,2026-08-21 14:29:00,NVDA,company,0.817,Merger/Acquisition,6.2,0.961,"NVIDIA to acquire a rival in a $10bn deal expected to boost margins, lifting shares. Traders cited improving fundamentals and strong momentu"
ST01464,T01464,social,2026-08-21 14:30:00,XOM,company,-0.653,Regulatory/Legal,4.4,0.984,"$XOM under investigation, this could get ugly"
SN00661,N00661,news,2026-08-21 14:32:00,JNJ,company,0.005,Product Launch,1.8,0.953,Johnson & Johnson announces date for its next oncology drug event. Analysts said it was too early to assess any lasting impact.
ST01465,T01465,social,2026-08-21 14:58:00,MSFT,company,-0.156,Other,3.5,0.99,RT @user_3846: $MSFT breakout incoming?? 🔥 #trading
SN00662,N00662,news,2026-08-21 15:04:00,XOM,company,0.806,Product Launch,5.9,0.956,"Exxon Mobil unveils new LNG project, early orders exceed expectations, sparking a strong rally. Investors responded positively, with analyst"
SN00663,N00663,news,2026-08-21 15:24:00,JPM,company,-0.705,Merger/Acquisition,6.4,0.97,JPMorgan Chase faces antitrust challenge over proposed $30bn merger. Analysts flagged downside risks and trimmed their estimates.
SN00664,N00664,news,2026-08-21 15:45:00,JNJ,company,-0.699,Regulatory/Legal,5.0,0.974,"Johnson & Johnson loses court ruling, appeal expected. Analysts flagged downside risks and trimmed their estimates."
SN00665,N00665,news,2026-08-21 16:02:00,,market,-0.778,Macroeconomic,8.4,0.921,Central bank signals higher rates for longer in what analysts call a major shock. Analysts flagged downside risks and trimmed their estimate
ST01466,T01466,social,2026-08-21 16:09:00,JNJ,company,-0.536,Credit Event,4.8,0.971,"$JNJ downgraded, spreads widening ⚠️ #credit #trading"
ST01467,T01467,social,2026-08-21 16:38:00,XOM,company,0.669,Other,3.0,0.994,"$XOM crushing it, bullish"
ST01468,T01468,social,2026-08-21 16:49:00,CVX,company,-0.742,Other,3.1,0.996,$CVX looks bad 😬 bearish
SN00666,N00666,news,2026-08-21 17:04:00,GS,company,0.752,Regulatory/Legal,5.1,0.957,"Goldman Sachs settles lawsuit on favourable terms, sparking a strong rally. Investors responded positively, with analysts raising price targ"
SN00667,N00667,news,2026-08-21 17:13:00,AAPL,company,0.197,Credit Event,2.5,0.883,a major rating agency affirms Apple at A+ with a stable outlook. Analysts said it was too early to assess any lasting impact.
SN00668,N00668,news,2026-08-21 17:15:00,CVX,company,0.861,Earnings,7.6,0.972,Chevron raises full-year guidance after a strong quarter in a landmark result. Traders cited improving fundamentals and strong momentum.
ST01469,T01469,social,2026-08-21 17:20:00,,market,0.144,Macroeconomic,6.0,0.982,"inflation print hot, fed won't cut 😬 #Fed #stocks"
ST01470,T01470,social,2026-08-21 17:22:00,GOOGL,company,-0.348,Other,2.8,0.995,"sold my $GOOGL, not liking this 👀"
ST01471,T01471,social,2026-08-21 17:35:00,JPM,company,-0.515,Other,2.9,0.995,$JPM getting hammered rn 📉
ST01472,T01472,social,2026-08-21 18:43:00,PFE,company,-0.14,Product Launch,5.2,0.991,$PFE new launch looks 🔥 early demand is huge 🔥
ST01473,T01473,social,2026-08-21 18:56:00,AAPL,company,-0.656,Other,3.1,0.991,ugh $AAPL again... down bad #stocks 💬
ST01474,T01474,social,2026-08-21 19:13:00,CVX,company,-0.519,Other,3.0,0.995,RT @user_5161: $CVX getting hammered rn 📉 💬
ST01475,T01475,social,2026-08-21 19:14:00,XOM,company,0.181,Earnings,5.4,0.978,"$XOM smashing guidance, loading up 📈 💬"
ST01476,T01476,social,2026-08-21 19:14:00,JNJ,company,0.18,Earnings,5.3,0.982,"$JNJ smashing guidance, loading up 📈"
ST01477,T01477,social,2026-08-21 19:34:00,AAPL,company,-0.001,Other,2.1,0.988,"$AAPL flat, nothing happening #markets"
ST01478,T01478,social,2026-08-21 20:32:00,PFE,company,-0.053,Merger/Acquisition,5.1,0.99,$PFE acquisition could be a game changer 👀🔥
SN00669,N00669,news,2026-08-21 20:40:00,WMT,company,-0.806,Regulatory/Legal,7.8,0.953,"Walmart loses court ruling, appeal expected in what analysts call a major shock. Investors reacted cautiously, citing uncertainty over near-"
ST01479,T01479,social,2026-08-21 20:46:00,MSFT,company,-0.001,Other,1.9,0.996,anyone have thoughts on $MSFT? 💬
ST01480,T01480,social,2026-08-21 20:51:00,MSFT,company,-0.743,Other,3.1,0.996,$MSFT looks bad 😬 bearish
SN00670,N00670,news,2026-08-24 06:05:00,JNJ,company,-0.456,Earnings,6.3,0.969,"Johnson & Johnson reports revenue decline of 3.4% year over year, sending shares lower. Investors reacted cautiously, citing uncertainty ove"
SN00671,N00671,news,2026-08-24 06:08:00,NVDA,company,-0.003,Product Launch,2.3,0.951,NVIDIA announces date for its next developer toolkit event. Analysts said it was too early to assess any lasting impact.
ST01481,T01481,social,2026-08-24 06:10:00,CVX,company,-0.715,Other,3.0,0.991,UGH $CVX AGAIN... DOWN BAD #MARKETS
SN00672,N00672,news,2026-08-24 06:17:00,KO,company,0.908,Earnings,7.7,0.973,"Coca-Cola posts record profit, with earnings per share ahead of consensus, sparking a strong rally. Traders cited improving fundamentals and"
SN00673,N00673,news,2026-08-24 06:25:00,KO,company,0.852,Regulatory/Legal,4.7,0.972,"Coca-Cola wins regulatory approval for its beverage line, lifting shares. Traders cited improving fundamentals and strong momentum."
ST01482,T01482,social,2026-08-24 06:33:00,CVX,company,-0.814,Earnings,5.3,0.986,$CVX missed earnings and cut guide... brutal 📉 🔥
ST01483,T01483,social,2026-08-24 06:35:00,AMZN,company,-0.152,Other,3.1,0.995,RT @user_2323: $AMZN breakout incoming?? 🔥
SN00675,N00675,news,2026-08-24 06:40:00,,market,-0.751,Macroeconomic,8.6,0.934,"GDP contracts by 7.2% in surprise slowdown, sending shares lower. Investors reacted cautiously, citing uncertainty over near-term outlook."
SN00674,N00674,news,2026-08-24 06:40:00,,market,-0.835,Geopolitical,7.7,0.938,Escalating conflict in North Africa rattles global markets. Analysts flagged downside risks and trimmed their estimates.
ST01484,T01484,social,2026-08-24 06:45:00,,market,-0.576,Macroeconomic,5.9,0.987,recession signals flashing red 🚨 #macro
ST01485,T01485,social,2026-08-24 06:45:00,JPM,company,-0.005,Other,2.0,0.992,anyone have thoughts on $JPM? #trading 👀
ST01486,T01486,social,2026-08-24 06:54:00,JNJ,company,-0.005,Other,2.0,0.99,"$JNJ FLAT, NOTHING HAPPENING #MARKETS"
ST01487,T01487,social,2026-08-24 07:24:00,,market,-0.649,Macroeconomic,6.1,0.988,RT @user_7523: RECESSION SIGNALS FLASHING RED 🚨 #MACRO
ST01488,T01488,social,2026-08-24 07:46:00,WMT,company,-0.35,Other,2.9,0.993,"sold my $WMT, not liking this #trading"
ST01489,T01489,social,2026-08-24 08:12:00,CVX,company,-0.005,Other,2.2,0.992,"$CVX flat, nothing happening #investing 💬"
ST01490,T01490,social,2026-08-24 08:14:00,BAC,company,0.001,Other,1.9,0.996,anyone have thoughts on $BAC?
ST01491,T01491,social,2026-08-24 08:40:00,KO,company,-0.181,Other,2.5,0.982,$KO breakout incoming?? 🔥 #markets
ST01492,T01492,social,2026-08-24 08:50:00,BAC,company,0.669,Other,3.0,0.994,"$BAC crushing it, bullish"
ST01493,T01493,social,2026-08-24 08:57:00,AMZN,company,0.833,Regulatory/Legal,4.9,0.991,RT @user_2578: $AMZN WINS APPROVAL 🎉 BIG RELIEF
SN00676,N00676,news,2026-08-24 09:08:00,CVX,company,-0.756,Merger/Acquisition,6.9,0.927,"Chevron walks away from $23bn takeover talks in what analysts call a major shock. Investors reacted cautiously, citing uncertainty over near"
ST01494,T01494,social,2026-08-24 09:13:00,GS,company,0.833,Regulatory/Legal,5.5,0.977,$GS WINS APPROVAL 🎉 BIG RELIEF #TRADING 🤔
ST01495,T01495,social,2026-08-24 09:18:00,AAPL,company,-0.002,Other,2.0,0.997,watching $AAPL today
ST01496,T01496,social,2026-08-24 09:30:00,GS,company,-0.518,Other,2.9,0.995,$GS getting hammered rn 📉
ST01497,T01497,social,2026-08-24 09:31:00,BAC,company,0.183,Earnings,5.5,0.982,"RT @user_1038: $BAC smashing guidance, loading up 📈"
ST01498,T01498,social,2026-08-24 09:31:00,KO,company,-0.64,Earnings,5.1,0.989,"$KO margins shrinking, earnings were weak"
SN00677,N00677,news,2026-08-24 09:31:00,JPM,company,-0.761,Product Launch,7.0,0.959,"JPMorgan Chase recalls trading platform over safety defect, sending shares lower. Analysts flagged downside risks and trimmed their estimate"
ST01499,T01499,social,2026-08-24 09:34:00,MSFT,company,-0.156,Other,3.0,0.99,$MSFT breakout incoming?? 🔥 #trading 💬
SN00678,N00678,news,2026-08-24 09:40:00,META,company,0.876,Earnings,7.0,0.97,"Meta Platforms beats quarterly earnings estimates as revenue climbs 13.6%, sparking a strong rally. Traders cited improving fundamentals and"
ST01500,T01500,social,2026-08-24 09:44:00,XOM,company,-0.152,Other,3.1,0.995,$XOM breakout incoming?? 🔥
ST01501,T01501,social,2026-08-24 10:11:00,GOOGL,company,-0.756,Product Launch,5.2,0.987,"$GOOGL product recall, yikes 😬"
ST01502,T01502,social,2026-08-24 10:18:00,JNJ,company,-0.303,Other,1.9,0.995,$JNJ VOLUME IS LOW TODAY
ST01503,T01503,social,2026-08-24 10:24:00,CVX,company,0.525,Other,3.0,0.994,$CVX LOOKING STRONG TODAY 🚀
SN00679,N00679,news,2026-08-24 10:30:00,MSFT,company,0.709,Regulatory/Legal,3.6,0.971,"Microsoft settles lawsuit on favourable terms, lifting shares. Traders cited improving fundamentals and strong momentum."
ST01504,T01504,social,2026-08-24 10:32:00,KO,company,0.071,Product Launch,5.4,0.982,$KO NEW LAUNCH LOOKS 🔥 EARLY DEMAND IS HUGE #MARKETS
SN00680,N00680,news,2026-08-24 10:48:00,PFE,company,-0.795,Merger/Acquisition,7.9,0.931,"Pfizer faces antitrust challenge over proposed $29bn merger, triggering a sharp selloff. Investors reacted cautiously, citing uncertainty ov"
ST01505,T01505,social,2026-08-24 10:49:00,NVDA,company,-0.728,Other,3.1,0.99,$NVDA looks bad 😬 bearish #trading
SN00681,N00681,news,2026-08-24 11:34:00,CVX,company,0.831,Credit Event,6.0,0.954,"a major rating agency upgrades Chevron to BBB on improving leverage, lifting shares. Traders cited improving fundamentals and strong momentu"
SN00682,N00682,news,2026-08-24 11:36:00,JNJ,company,-0.016,Regulatory/Legal,2.0,0.96,Regulators open consultation on rules affecting the Healthcare sector. The development was largely expected by market participants.
ST01506,T01506,social,2026-08-24 11:37:00,AMZN,company,-0.33,Other,2.7,0.991,"sold my $AMZN, not liking this #investing"
ST01507,T01507,social,2026-08-24 11:59:00,NVDA,company,0.783,Regulatory/Legal,4.6,0.981,$NVDA wins approval 🎉 big relief #stocks
ST01508,T01508,social,2026-08-24 12:00:00,AAPL,company,-0.575,Merger/Acquisition,5.2,0.985,"$AAPL merger facing antitrust heat, deal at risk"
ST01509,T01509,social,2026-08-24 12:08:00,AMZN,company,-0.731,Regulatory/Legal,4.5,0.986,"$AMZN under investigation, this could get ugly 🔥"
SN00683,N00683,news,2026-08-24 12:54:00,MSFT,company,0.522,Credit Event,4.6,0.969,Microsoft refinances debt at lower rates and extends maturities. Traders cited improving fundamentals and strong momentum.
SN00684,N00684,news,2026-08-24 13:01:00,KO,company,-0.003,Merger/Acquisition,2.2,0.949,Coca-Cola confirms it is in talks over a possible acquisition. The development was largely expected by market participants.
SN00685,N00685,news,2026-08-24 13:11:00,,market,-0.832,Geopolitical,8.1,0.963,Escalating conflict in the Red Sea rattles global markets. Analysts flagged downside risks and trimmed their estimates.
ST01510,T01510,social,2026-08-24 13:15:00,GS,company,0.674,Credit Event,4.4,0.979,"$GS CREDIT UPGRADE, BALANCE SHEET LOOKING HEALTHIER ✅ #TRADING 🔥"
ST01511,T01511,social,2026-08-24 13:19:00,GOOGL,company,-0.554,Credit Event,5.4,0.984,"$GOOGL downgraded, spreads widening ⚠️ #credit 🤔"
ST01512,T01512,social,2026-08-24 13:40:00,JPM,company,-0.195,Other,1.9,0.996,$JPM volume is low today
ST01513,T01513,social,2026-08-24 13:51:00,MSFT,company,-0.347,Other,2.8,0.995,"sold my $MSFT, not liking this 📊"
ST01514,T01514,social,2026-08-24 14:00:00,XOM,company,-0.736,Other,3.2,0.991,RT @user_4033: $XOM looks bad 😬 bearish #trading
SN00686,N00686,news,2026-08-24 14:02:00,,market,-0.58,Geopolitical,7.3,0.945,"New sanctions disrupt energy supply chains linked to the Middle East. Investors reacted cautiously, citing uncertainty over near-term outloo"
SN00687,N00687,news,2026-08-24 14:07:00,JNJ,company,-0.722,Product Launch,6.1,0.974,Johnson & Johnson recalls oncology drug over safety defect. Analysts flagged downside risks and trimmed their estimates.
ST01515,T01515,social,2026-08-24 14:07:00,GS,company,0.668,Other,3.1,0.994,"$GS crushing it, bullish"
ST01516,T01516,social,2026-08-24 14:13:00,WMT,company,-0.003,Other,1.9,0.996,"$WMT flat, nothing happening"
ST01517,T01517,social,2026-08-24 14:33:00,KO,company,-0.002,Other,2.0,0.996,"$KO flat, nothing happening"
ST01518,T01518,social,2026-08-24 15:04:00,JNJ,company,-0.519,Regulatory/Legal,4.8,0.982,"$JNJ fined again, regulators not messing around"
ST01519,T01519,social,2026-08-24 15:17:00,KO,company,0.076,Product Launch,5.2,0.991,$KO new launch looks 🔥 early demand is huge
SN00688,N00688,news,2026-08-24 15:44:00,MSFT,company,0.762,Credit Event,6.1,0.936,"Microsoft refinances debt at lower rates and extends maturities, sparking a strong rally. Investors responded positively, with analysts rais"
SN00689,N00689,news,2026-08-24 16:24:00,,market,-0.597,Geopolitical,7.8,0.917,"New sanctions disrupt energy supply chains linked to Eastern Europe, sending shares lower. Investors reacted cautiously, citing uncertainty "
ST01520,T01520,social,2026-08-24 16:41:00,JNJ,company,-0.571,Credit Event,5.3,0.986,"$JNJ debt worries growing, bonds selling off"
SN00690,N00690,news,2026-08-24 16:54:00,AMZN,company,-0.907,Credit Event,9.4,0.928,"Amazon warns of covenant breach as cash flow tightens, triggering a sharp selloff. Analysts flagged downside risks and trimmed their estimat"
ST01521,T01521,social,2026-08-24 17:11:00,JPM,company,-0.519,Other,3.0,0.995,$JPM getting hammered rn 📉
ST01522,T01522,social,2026-08-24 17:23:00,BAC,company,-0.237,Other,1.9,0.996,RT @user_3486: anyone have thoughts on $BAC? 🔥
ST01523,T01523,social,2026-08-24 17:31:00,JNJ,company,-0.001,Other,1.9,0.996,anyone have thoughts on $JNJ?
SN00691,N00691,news,2026-08-24 17:31:00,WMT,company,-0.567,Earnings,5.3,0.969,Walmart reports revenue decline of 13.0% year over year. Analysts flagged downside risks and trimmed their estimates.
ST01524,T01524,social,2026-08-24 17:44:00,NVDA,company,-0.606,Product Launch,5.2,0.983,"$NVDA delaying the launch again, not good"
ST01525,T01525,social,2026-08-24 17:54:00,KO,company,0.213,Other,3.0,0.994,RT @user_7293: $KO looking strong today 🚀 🔥
ST01526,T01526,social,2026-08-24 18:12:00,JPM,company,-0.575,Merger/Acquisition,5.2,0.985,"$JPM merger facing antitrust heat, deal at risk"
SN00692,N00692,news,2026-08-24 18:35:00,JNJ,company,-0.854,Merger/Acquisition,6.7,0.954,"Johnson & Johnson overpays for acquisition, analysts warn of dilution, triggering a sharp selloff. Investors reacted cautiously, citing unce"
ST01527,T01527,social,2026-08-24 19:15:00,GOOGL,company,0.5,Merger/Acquisition,2.9,0.991,"bought more $GOOGL on the dip, feeling good 📈 #trading"
ST01528,T01528,social,2026-08-24 19:18:00,AAPL,company,-0.743,Other,3.1,0.996,$AAPL looks bad 😬 bearish
SN00693,N00693,news,2026-08-24 19:47:00,GOOGL,company,-0.87,Earnings,7.9,0.973,Alphabet misses earnings expectations as margins shrink in what analysts call a major shock. Analysts flagged downside risks and trimmed the
ST01529,T01529,social,2026-08-24 19:47:00,NVDA,company,-0.64,Earnings,5.1,0.989,"RT @user_5849: $NVDA margins shrinking, earnings were weak"
ST01530,T01530,social,2026-08-24 20:00:00,AAPL,company,-0.717,Other,3.0,0.99,UGH $AAPL AGAIN... DOWN BAD #MARKETS
ST01531,T01531,social,2026-08-24 20:03:00,,market,0.136,Macroeconomic,6.2,0.988,"inflation print hot, fed won't cut 😬 #Fed"
SN00694,N00694,news,2026-08-24 20:37:00,PFE,company,-0.788,Credit Event,6.8,0.924,"Pfizer raises loan loss provisions by 12.1% as defaults rise, sending shares lower. Analysts flagged downside risks and trimmed their estima"
ST01532,T01532,social,2026-08-24 20:45:00,AMZN,company,-0.51,Regulatory/Legal,4.7,0.967,"$AMZN fined again, regulators not messing around #markets"
ST01533,T01533,social,2026-08-24 20:47:00,GOOGL,company,0.003,Other,1.9,0.993,watching $GOOGL today #investing
ST01534,T01534,social,2026-08-25 06:21:00,AMZN,company,0.069,Product Launch,5.0,0.991,$AMZN new launch looks 🔥 early demand is huge
ST01535,T01535,social,2026-08-25 06:22:00,NVDA,company,0.076,Product Launch,5.2,0.991,RT @user_2643: $NVDA new launch looks 🔥 early demand is huge
ST01536,T01536,social,2026-08-25 06:27:00,,market,-0.818,Geopolitical,6.0,0.979,"war escalating, markets gonna bleed 😰 #markets #investing 🤔"
SN00695,N00695,news,2026-08-25 06:28:00,,market,-0.828,Geopolitical,7.2,0.948,Escalating conflict in North Africa rattles global markets. Analysts flagged downside risks and trimmed their estimates.
SN00696,N00696,news,2026-08-25 06:38:00,META,company,0.0,Regulatory/Legal,2.3,0.954,Regulators open consultation on rules affecting the Communication sector. Analysts said it was too early to assess any lasting impact.
ST01537,T01537,social,2026-08-25 06:44:00,WMT,company,-0.57,Credit Event,5.6,0.969,"$WMT debt worries growing, bonds selling off #trading"
ST01538,T01538,social,2026-08-25 06:49:00,WMT,company,-0.588,Other,3.0,0.995,$WMT GETTING HAMMERED RN 📉
ST01539,T01539,social,2026-08-25 07:03:00,AMZN,company,0.001,Other,1.9,0.99,anyone have thoughts on $AMZN? #markets
ST01540,T01540,social,2026-08-25 07:13:00,NVDA,company,0.065,Product Launch,5.1,0.982,$NVDA new launch looks 🔥 early demand is huge #stocks
SN00697,N00697,news,2026-08-25 07:44:00,PFE,company,-0.649,Product Launch,6.0,0.962,"Pfizer recalls vaccine over safety defect. Investors reacted cautiously, citing uncertainty over near-term outlook."
ST01541,T01541,social,2026-08-25 07:45:00,WMT,company,-0.517,Other,2.9,0.995,$WMT getting hammered rn 📉
ST01542,T01542,social,2026-08-25 07:48:00,BAC,company,0.483,Merger/Acquisition,3.1,0.989,"bought more $BAC on the dip, feeling good 📈 #markets"
ST01543,T01543,social,2026-08-25 08:05:00,KO,company,-0.001,Other,2.0,0.992,"$KO flat, nothing happening #trading"
SN00698,N00698,news,2026-08-25 08:08:00,GOOGL,company,0.91,Earnings,8.9,0.976,"Alphabet posts record profit, with earnings per share ahead of consensus in a landmark result. Traders cited improving fundamentals and stro"
ST01544,T01544,social,2026-08-25 08:09:00,NVDA,company,-0.003,Other,2.3,0.992,"$NVDA flat, nothing happening #stocks"
ST01545,T01545,social,2026-08-25 08:22:00,NVDA,company,-0.519,Other,3.0,0.995,$NVDA getting hammered rn 📉
ST01546,T01546,social,2026-08-25 09:08:00,JPM,company,0.509,Merger/Acquisition,3.1,0.993,"bought more $JPM on the dip, feeling good 📈"
SN00699,N00699,news,2026-08-25 09:10:00,,market,-0.884,Geopolitical,8.7,0.887,"Tariffs on imports from the Middle East spark fears of a trade war in what analysts call a major shock. Investors reacted cautiously, citing"
SN00700,N00700,news,2026-08-25 09:21:00,JPM,company,-0.663,Regulatory/Legal,6.1,0.97,"JPMorgan Chase faces new government investigation into its practices. Investors reacted cautiously, citing uncertainty over near-term outloo"
ST01547,T01547,social,2026-08-25 09:31:00,XOM,company,-0.755,Product Launch,5.3,0.988,"RT @user_3992: $XOM product recall, yikes 😬"
SN00701,N00701,news,2026-08-25 09:40:00,GS,company,-0.832,Earnings,6.7,0.968,"Goldman Sachs misses earnings expectations as margins shrink, triggering a sharp selloff. Investors reacted cautiously, citing uncertainty o"
SN00702,N00702,news,2026-08-25 09:57:00,KO,company,0.006,Product Launch,2.0,0.96,Coca-Cola announces date for its next delivery service event. The development was largely expected by market participants.
ST01548,T01548,social,2026-08-25 10:14:00,JNJ,company,-0.772,Other,3.1,0.996,$JNJ LOOKS BAD 😬 BEARISH
ST01549,T01549,social,2026-08-25 10:23:00,CVX,company,-0.575,Other,2.8,0.99,$CVX GETTING HAMMERED RN 📉 #INVESTING
ST01550,T01550,social,2026-08-25 10:25:00,BAC,company,0.437,Other,3.1,0.995,$BAC looking strong today 🚀 👀
ST01551,T01551,social,2026-08-25 10:29:00,,market,-0.813,Geopolitical,5.6,0.98,"war escalating, markets gonna bleed 😰 #markets #markets 🤔"
ST01552,T01552,social,2026-08-25 10:50:00,KO,company,0.51,Merger/Acquisition,3.1,0.994,"bought more $KO on the dip, feeling good 📈"
SN00703,N00703,news,2026-08-25 11:03:00,,market,-0.851,Geopolitical,9.2,0.94,"New sanctions disrupt energy supply chains linked to the Red Sea, triggering a sharp selloff. Analysts flagged downside risks and trimmed th"
SN00704,N00704,news,2026-08-25 11:18:00,JNJ,company,0.873,Earnings,6.6,0.974,"Johnson & Johnson raises full-year guidance after a strong quarter, sparking a strong rally. Traders cited improving fundamentals and strong"
ST01553,T01553,social,2026-08-25 11:37:00,NVDA,company,0.002,Other,1.8,0.99,"$NVDA flat, nothing happening #trading"
ST01554,T01554,social,2026-08-25 11:41:00,BAC,company,-0.152,Other,3.1,0.995,RT @user_4045: $BAC BREAKOUT INCOMING?? 🔥
SN00705,N00705,news,2026-08-25 12:06:00,GS,company,0.882,Merger/Acquisition,7.2,0.957,"Goldman Sachs to acquire a rival in a $38bn deal expected to boost margins, sparking a strong rally. Traders cited improving fundamentals an"
SN00706,N00706,news,2026-08-25 12:15:00,NVDA,company,0.648,Regulatory/Legal,3.9,0.964,"NVIDIA settles lawsuit on favourable terms, lifting shares. Investors responded positively, with analysts raising price targets."
ST01555,T01555,social,2026-08-25 12:24:00,XOM,company,-0.348,Other,2.8,0.994,"sold my $XOM, not liking this"
SN00707,N00707,news,2026-08-25 12:31:00,,market,0.004,Macroeconomic,2.3,0.939,Central bank minutes due for release on Wednesday. The development was largely expected by market participants.
ST01556,T01556,social,2026-08-25 12:37:00,GOOGL,company,-0.719,Other,2.9,0.995,UGH $GOOGL AGAIN... DOWN BAD
ST01557,T01557,social,2026-08-25 12:49:00,MSFT,company,-0.15,Other,3.1,0.996,$MSFT breakout incoming?? 🔥
SN00708,N00708,news,2026-08-25 13:13:00,AAPL,company,-0.819,Product Launch,8.0,0.954,"Apple recalls cloud platform over safety defect, triggering a sharp selloff. Investors reacted cautiously, citing uncertainty over near-term"
ST01558,T01558,social,2026-08-25 13:35:00,NVDA,company,-0.004,Other,2.1,0.991,anyone have thoughts on $NVDA? #investing 🤔
SN00709,N00709,news,2026-08-25 13:44:00,CVX,company,0.518,Product Launch,4.4,0.962,"Chevron unveils new renewables unit, early orders exceed expectations. Investors responded positively, with analysts raising price targets."
ST01559,T01559,social,2026-08-25 14:35:00,META,company,-0.0,Other,1.9,0.997,watching $META today 📊
SN00710,N00710,news,2026-08-25 15:09:00,CVX,company,-0.772,Earnings,6.0,0.976,"Chevron cuts full-year outlook citing weak demand. Investors reacted cautiously, citing uncertainty over near-term outlook."
ST01560,T01560,social,2026-08-25 15:26:00,,market,-0.864,Geopolitical,6.2,0.987,"WAR ESCALATING, MARKETS GONNA BLEED 😰 #MARKETS"
ST01561,T01561,social,2026-08-25 15:34:00,MSFT,company,-0.189,Other,1.7,0.995,$MSFT volume is low today #trading
ST01562,T01562,social,2026-08-25 15:49:00,,market,-0.757,Geopolitical,5.7,0.982,sanctions + tariffs = chaos for stocks 📉 #geopolitics #markets
ST01563,T01563,social,2026-08-25 15:52:00,,market,0.575,Geopolitical,6.3,0.959,ceasefire!! risk on 🟢 #markets #stocks
ST01564,T01564,social,2026-08-25 16:21:00,JNJ,company,-0.742,Other,3.1,0.996,$JNJ looks bad 😬 bearish
ST01565,T01565,social,2026-08-25 16:35:00,JNJ,company,-0.755,Product Launch,5.2,0.987,"$JNJ product recall, yikes 😬"
ST01566,T01566,social,2026-08-25 16:40:00,GS,company,-0.003,Other,1.9,0.996,"$GS flat, nothing happening"
SN00711,N00711,news,2026-08-25 17:07:00,AAPL,company,0.75,Product Launch,5.4,0.969,"Apple unveils new developer toolkit, early orders exceed expectations, lifting shares. Investors responded positively, with analysts raising"
ST01567,T01567,social,2026-08-25 17:08:00,,market,0.142,Macroeconomic,6.2,0.98,"inflation print hot, fed won't cut 😬 #Fed #stocks 📊"
SN00712,N00712,news,2026-08-25 17:12:00,PFE,company,-0.639,Merger/Acquisition,4.0,0.967,Pfizer walks away from $17bn takeover talks. Analysts flagged downside risks and trimmed their estimates.
ST01568,T01568,social,2026-08-25 17:28:00,XOM,company,-0.552,Credit Event,5.4,0.984,"$XOM downgraded, spreads widening ⚠️ #credit"
ST01569,T01569,social,2026-08-25 17:30:00,BAC,company,-0.587,Other,2.9,0.995,$BAC GETTING HAMMERED RN 📉
ST01570,T01570,social,2026-08-25 17:39:00,NVDA,company,0.5,Merger/Acquisition,2.9,0.991,"bought more $NVDA on the dip, feeling good 📈 #trading"
SN00713,N00713,news,2026-08-25 17:52:00,GS,company,0.892,Earnings,8.7,0.968,"Goldman Sachs posts record profit, with earnings per share ahead of consensus in a landmark result. Investors responded positively, with ana"
ST01571,T01571,social,2026-08-25 18:07:00,CVX,company,-0.001,Other,1.9,0.996,anyone have thoughts on $CVX?
SN00714,N00714,news,2026-08-25 18:10:00,BAC,company,-0.002,Product Launch,2.1,0.955,Bank of America announces date for its next digital banking app event. The development was largely expected by market participants.
ST01572,T01572,social,2026-08-25 18:12:00,META,company,-0.496,Other,2.6,0.988,$META getting hammered rn 📉 #investing
SN00715,N00715,news,2026-08-25 18:29:00,BAC,company,0.338,Product Launch,1.9,0.964,Bank of America announces date for its next wealth platform event. The development was largely expected by market participants.
ST01573,T01573,social,2026-08-25 18:47:00,CVX,company,-0.054,Merger/Acquisition,5.1,0.99,$CVX acquisition could be a game changer 👀🔥
ST01574,T01574,social,2026-08-25 18:57:00,PFE,company,-0.633,Earnings,5.0,0.989,"$PFE margins shrinking, earnings were weak"
ST01575,T01575,social,2026-08-25 19:01:00,JPM,company,-0.0,Other,2.0,0.997,watching $JPM today
ST01576,T01576,social,2026-08-25 19:06:00,WMT,company,-0.743,Other,3.1,0.996,$WMT looks bad 😬 bearish
ST01577,T01577,social,2026-08-25 19:10:00,CVX,company,-0.003,Other,1.9,0.996,"$CVX flat, nothing happening"
ST01578,T01578,social,2026-08-25 19:27:00,NVDA,company,0.51,Merger/Acquisition,3.1,0.994,"RT @user_7329: bought more $NVDA on the dip, feeling good 📈"
ST01579,T01579,social,2026-08-25 19:39:00,,market,-0.839,Geopolitical,6.2,0.987,"war escalating, markets gonna bleed 😰 #markets 🤔"
ST01580,T01580,social,2026-08-25 20:01:00,CVX,company,-0.743,Other,3.1,0.996,$CVX looks bad 😬 bearish
ST01581,T01581,social,2026-08-25 20:24:00,MSFT,company,-0.656,Other,3.0,0.99,ugh $MSFT again... down bad #markets 🤔
ST01582,T01582,social,2026-08-26 06:06:00,PFE,company,-0.518,Other,2.9,0.995,$PFE getting hammered rn 📉 🤔
ST01583,T01583,social,2026-08-26 06:09:00,NVDA,company,0.51,Merger/Acquisition,3.1,0.994,"bought more $NVDA on the dip, feeling good 📈"
ST01584,T01584,social,2026-08-26 06:38:00,NVDA,company,-0.348,Other,2.8,0.994,"sold my $NVDA, not liking this 🤔"
ST01585,T01585,social,2026-08-26 07:07:00,AMZN,company,0.001,Other,1.9,0.996,anyone have thoughts on $AMZN?
SN00716,N00716,news,2026-08-26 07:13:00,PFE,company,0.553,Product Launch,4.4,0.971,"Pfizer unveils new oncology drug, early orders exceed expectations. Investors responded positively, with analysts raising price targets."
ST01586,T01586,social,2026-08-26 07:14:00,KO,company,-0.152,Other,3.1,0.995,$KO breakout incoming?? 🔥
ST01587,T01587,social,2026-08-26 07:42:00,META,company,-0.055,Merger/Acquisition,5.1,0.99,$META acquisition could be a game changer 👀🔥
ST01588,T01588,social,2026-08-26 07:58:00,,market,-0.835,Geopolitical,6.0,0.988,"war escalating, markets gonna bleed 😰 #markets"
ST01589,T01589,social,2026-08-26 08:19:00,GOOGL,company,-0.64,Earnings,5.1,0.989,"$GOOGL margins shrinking, earnings were weak"
ST01590,T01590,social,2026-08-26 08:47:00,META,company,0.524,Other,3.0,0.995,$META LOOKING STRONG TODAY 🚀 💬
ST01592,T01592,social,2026-08-26 09:00:00,MSFT,company,0.416,Other,2.6,0.993,RT @user_9351: $MSFT looking strong today 🚀 #trading
ST01591,T01591,social,2026-08-26 09:00:00,META,company,-0.341,Other,2.8,0.992,"sold my $META, not liking this #stocks 📊"
SN00717,N00717,news,2026-08-26 09:17:00,AAPL,company,-0.753,Product Launch,7.2,0.953,"Apple recalls software suite over safety defect, sending shares lower. Analysts flagged downside risks and trimmed their estimates."
ST01593,T01593,social,2026-08-26 09:18:00,GS,company,-0.658,Other,2.9,0.995,ugh $GS again... down bad 👀
SN00718,N00718,news,2026-08-26 09:40:00,CVX,company,0.816,Product Launch,5.2,0.919,"Chevron launches offshore field to strong reviews, sparking a strong rally. Investors responded positively, with analysts raising price targ"
ST01594,T01594,social,2026-08-26 09:41:00,GOOGL,company,-0.603,Product Launch,5.3,0.981,"$GOOGL delaying the launch again, not good 👀"
ST01595,T01595,social,2026-08-26 09:46:00,MSFT,company,0.315,Merger/Acquisition,3.1,0.993,"bought more $MSFT on the dip, feeling good 📈 🔥"
ST01596,T01596,social,2026-08-26 09:52:00,GS,company,-0.66,Other,3.0,0.995,ugh $GS again... down bad
SN00719,N00719,news,2026-08-26 10:55:00,JPM,company,-0.597,Earnings,6.1,0.958,"JPMorgan Chase reports revenue decline of 13.2% year over year, sending shares lower. Analysts flagged downside risks and trimmed their esti"
ST01597,T01597,social,2026-08-26 10:59:00,GS,company,-0.003,Other,1.9,0.996,"$GS flat, nothing happening 📊"
ST01598,T01598,social,2026-08-26 11:16:00,AMZN,company,-0.572,Other,2.8,0.99,$AMZN GETTING HAMMERED RN 📉 #INVESTING
SN00720,N00720,news,2026-08-26 11:17:00,CVX,company,0.767,Regulatory/Legal,4.6,0.97,"Chevron wins regulatory approval for its LNG project. Investors responded positively, with analysts raising price targets."
ST01599,T01599,social,2026-08-26 11:31:00,META,company,0.181,Earnings,5.4,0.978,"$META smashing guidance, loading up 📈 🤔"
SN00721,N00721,news,2026-08-26 11:49:00,,market,-0.772,Macroeconomic,7.6,0.912,"Central bank signals higher rates for longer, triggering a sharp selloff. Analysts flagged downside risks and trimmed their estimates."
ST01600,T01600,social,2026-08-26 12:06:00,AAPL,company,-0.001,Other,1.9,0.996,anyone have thoughts on $AAPL? 💬
ST01601,T01601,social,2026-08-26 12:08:00,JNJ,company,-0.476,Merger/Acquisition,5.1,0.984,$JNJ overpaying for this acquisition imo
ST01602,T01602,social,2026-08-26 12:08:00,CVX,company,-0.002,Other,2.0,0.996,"$CVX flat, nothing happening 💬"
ST01603,T01603,social,2026-08-26 12:13:00,NVDA,company,-0.008,Other,1.9,0.992,anyone have thoughts on $NVDA? #trading
SN00722,N00722,news,2026-08-26 12:14:00,,market,-0.93,Macroeconomic,10.0,0.811,"Recession fears mount as unemployment rises in what analysts call a major shock. Investors reacted cautiously, citing uncertainty over near-"
ST01604,T01604,social,2026-08-26 12:24:00,BAC,company,0.621,Earnings,5.3,0.988,$BAC EARNINGS BEAT!! EPS WAY ABOVE ESTIMATES 🚀
ST01605,T01605,social,2026-08-26 12:45:00,CVX,company,-0.514,Other,3.1,0.988,$CVX getting hammered rn 📉 #markets 🤔
ST01606,T01606,social,2026-08-26 12:56:00,JNJ,company,-0.73,Other,3.1,0.991,$JNJ looks bad 😬 bearish #stocks
SN00723,N00723,news,2026-08-26 13:01:00,XOM,company,-0.775,Earnings,6.1,0.975,"Exxon Mobil cuts full-year outlook citing weak demand. Investors reacted cautiously, citing uncertainty over near-term outlook."
ST01607,T01607,social,2026-08-26 13:36:00,NVDA,company,-0.16,Other,3.0,0.99,RT @user_2319: $NVDA breakout incoming?? 🔥 #trading
ST01608,T01608,social,2026-08-26 13:45:00,KO,company,-0.053,Merger/Acquisition,5.1,0.99,$KO acquisition could be a game changer 👀🔥
ST01609,T01609,social,2026-08-26 14:07:00,JNJ,company,0.437,Other,3.1,0.995,$JNJ looking strong today 🚀
ST01610,T01610,social,2026-08-26 14:15:00,,market,-0.783,Geopolitical,6.6,0.973,sanctions + tariffs = chaos for stocks 📉 #geopolitics
SN00724,N00724,news,2026-08-26 14:41:00,KO,company,-0.771,Product Launch,5.6,0.967,"Coca-Cola delays private-label line launch after quality issues, triggering a sharp selloff. Investors reacted cautiously, citing uncertaint"
ST01611,T01611,social,2026-08-26 14:52:00,MSFT,company,-0.182,Other,2.2,0.994,$MSFT volume is low today #markets 👀
SN00725,N00725,news,2026-08-26 14:54:00,MSFT,company,0.789,Regulatory/Legal,5.1,0.969,"Microsoft settles lawsuit on favourable terms, sparking a strong rally. Traders cited improving fundamentals and strong momentum."
ST01612,T01612,social,2026-08-26 15:11:00,,market,0.661,Geopolitical,5.7,0.966,"trade deal signed, finally good news 🎉"
SN00726,N00726,news,2026-08-26 15:29:00,GS,company,-0.772,Merger/Acquisition,5.0,0.97,"Goldman Sachs overpays for acquisition, analysts warn of dilution. Investors reacted cautiously, citing uncertainty over near-term outlook."
SN00727,N00727,news,2026-08-26 15:36:00,META,company,0.776,Product Launch,6.9,0.972,"Meta Platforms unveils new streaming service, early orders exceed expectations in a landmark result. Traders cited improving fundamentals an"
ST01613,T01613,social,2026-08-26 15:55:00,,market,0.136,Macroeconomic,6.2,0.988,"inflation print hot, fed won't cut 😬 #Fed 💬"
ST01614,T01614,social,2026-08-26 16:02:00,CVX,company,-0.002,Other,2.0,0.997,WATCHING $CVX TODAY 📊
ST01615,T01615,social,2026-08-26 16:06:00,XOM,company,-0.346,Other,2.7,0.994,"sold my $XOM, not liking this"
ST01616,T01616,social,2026-08-26 16:25:00,,market,0.516,Macroeconomic,5.7,0.984,"RT @user_3024: cpi cooled, rate cuts soon? 📈 #Fed"
ST01617,T01617,social,2026-08-26 16:32:00,KO,company,-0.656,Other,3.0,0.99,ugh $KO again... down bad #markets
SN00728,N00728,news,2026-08-26 16:59:00,GOOGL,company,0.835,Regulatory/Legal,6.8,0.96,"Alphabet wins regulatory approval for its AI assistant in a landmark result. Investors responded positively, with analysts raising price tar"
ST01618,T01618,social,2026-08-26 17:00:00,AMZN,company,0.435,Other,3.0,0.995,$AMZN looking strong today 🚀
ST01619,T01619,social,2026-08-26 18:19:00,GS,company,-0.655,Other,2.9,0.99,ugh $GS again... down bad #markets
ST01620,T01620,social,2026-08-26 18:57:00,MSFT,company,0.509,Merger/Acquisition,3.1,0.993,"bought more $MSFT on the dip, feeling good 📈"
ST01621,T01621,social,2026-08-26 19:20:00,,market,0.13,Macroeconomic,6.6,0.986,"inflation print hot, fed won't cut 😬 #Fed"
SN00729,N00729,news,2026-08-26 19:20:00,GOOGL,company,0.836,Merger/Acquisition,6.2,0.948,"Alphabet completes acquisition ahead of schedule, synergies seen, sparking a strong rally. Investors responded positively, with analysts rai"
SN00730,N00730,news,2026-08-26 19:25:00,META,company,-0.004,Merger/Acquisition,2.2,0.937,Meta Platforms confirms it is in talks over a possible acquisition. Analysts said it was too early to assess any lasting impact.
ST01622,T01622,social,2026-08-26 20:10:00,META,company,-0.055,Merger/Acquisition,5.1,0.99,$META acquisition could be a game changer 👀🔥
SN00731,N00731,news,2026-08-26 20:19:00,GOOGL,company,0.716,Product Launch,3.2,0.961,Alphabet launches ad platform to strong reviews. Traders cited improving fundamentals and strong momentum.
SN00732,N00732,news,2026-08-26 20:29:00,,market,-0.822,Geopolitical,7.1,0.961,"Tariffs on imports from the Red Sea spark fears of a trade war. Investors reacted cautiously, citing uncertainty over near-term outlook."
SN00733,N00733,news,2026-08-26 20:53:00,,market,0.733,Geopolitical,4.9,0.876,Ceasefire in Eastern Europe lifts global risk appetite. Traders cited improving fundamentals and strong momentum.
ST01623,T01623,social,2026-08-27 06:12:00,KO,company,0.808,Regulatory/Legal,5.1,0.992,$KO wins approval 🎉 big relief
ST01624,T01624,social,2026-08-27 06:20:00,NVDA,company,-0.348,Other,2.8,0.994,"sold my $NVDA, not liking this"
SN00734,N00734,news,2026-08-27 06:31:00,GS,company,-0.001,Earnings,2.1,0.961,Goldman Sachs earnings come in line with analyst expectations. The development was largely expected by market participants.
SN00735,N00735,news,2026-08-27 06:38:00,GS,company,-0.576,Product Launch,4.3,0.967,"Goldman Sachs delays digital banking app launch after quality issues. Investors reacted cautiously, citing uncertainty over near-term outloo"
SN00736,N00736,news,2026-08-27 06:59:00,MSFT,company,-0.866,Product Launch,8.3,0.965,"Microsoft recalls software suite over safety defect, triggering a sharp selloff. Analysts flagged downside risks and trimmed their estimates"
SN00737,N00737,news,2026-08-27 07:00:00,JPM,company,-0.7,Regulatory/Legal,5.0,0.979,"JPMorgan Chase loses court ruling, appeal expected. Analysts flagged downside risks and trimmed their estimates."
ST01625,T01625,social,2026-08-27 07:01:00,META,company,-0.565,Merger/Acquisition,5.2,0.97,"$META merger facing antitrust heat, deal at risk #markets 🤔"
ST01626,T01626,social,2026-08-27 07:04:00,NVDA,company,-0.726,Other,2.6,0.989,$NVDA looks bad 😬 bearish #markets
ST01627,T01627,social,2026-08-27 07:05:00,JNJ,company,0.635,Merger/Acquisition,3.1,0.994,"BOUGHT MORE $JNJ ON THE DIP, FEELING GOOD 📈"
ST01628,T01628,social,2026-08-27 07:11:00,PFE,company,-0.002,Other,2.0,0.997,watching $PFE today
ST01629,T01629,social,2026-08-27 07:12:00,AMZN,company,0.807,Regulatory/Legal,4.9,0.994,RT @user_9071: $AMZN wins approval 🎉 big relief
SN00738,N00738,news,2026-08-27 08:06:00,GS,company,0.795,Product Launch,3.6,0.971,"Goldman Sachs launches wealth platform to strong reviews, lifting shares. Investors responded positively, with analysts raising price target"
ST01630,T01630,social,2026-08-27 08:15:00,,market,-0.574,Macroeconomic,5.9,0.986,recession signals flashing red 🚨 #macro
ST01631,T01631,social,2026-08-27 08:23:00,WMT,company,-0.637,Earnings,5.4,0.988,"$WMT margins shrinking, earnings were weak 💬"
ST01632,T01632,social,2026-08-27 08:26:00,JPM,company,-0.759,Product Launch,5.2,0.986,"$JPM product recall, yikes 😬"
ST01633,T01633,social,2026-08-27 08:34:00,KO,company,-0.572,Merger/Acquisition,5.3,0.974,"$KO merger facing antitrust heat, deal at risk #stocks"
ST01634,T01634,social,2026-08-27 08:35:00,,market,0.138,Macroeconomic,6.2,0.981,"inflation print hot, fed won't cut 😬 #Fed #trading 💬"
SN00739,N00739,news,2026-08-27 09:03:00,GOOGL,company,0.59,Regulatory/Legal,6.0,0.965,"Alphabet settles lawsuit on favourable terms in a landmark result. Investors responded positively, with analysts raising price targets."
ST01635,T01635,social,2026-08-27 09:04:00,MSFT,company,0.16,Earnings,5.1,0.966,"RT @user_7104: $MSFT smashing guidance, loading up 📈 #trading"
ST01636,T01636,social,2026-08-27 10:02:00,,market,0.716,Geopolitical,6.0,0.972,"TRADE DEAL SIGNED, FINALLY GOOD NEWS 🎉"
ST01637,T01637,social,2026-08-27 10:06:00,WMT,company,0.524,Other,3.0,0.995,$WMT LOOKING STRONG TODAY 🚀 👀
ST01638,T01638,social,2026-08-27 10:16:00,BAC,company,-0.194,Other,1.9,0.995,$BAC volume is low today
ST01639,T01639,social,2026-08-27 10:20:00,PFE,company,-0.347,Other,3.0,0.993,"sold my $PFE, not liking this #trading"
ST01640,T01640,social,2026-08-27 10:21:00,PFE,company,-0.754,Other,3.1,0.989,$PFE LOOKS BAD 😬 BEARISH #INVESTING
SN00740,N00740,news,2026-08-27 10:26:00,JNJ,company,0.004,Earnings,2.1,0.955,Johnson & Johnson earnings come in line with analyst expectations. Analysts said it was too early to assess any lasting impact.
ST01641,T01641,social,2026-08-27 10:27:00,NVDA,company,-0.755,Product Launch,5.3,0.988,"$NVDA product recall, yikes 😬"
ST01642,T01642,social,2026-08-27 10:39:00,META,company,-0.759,Product Launch,5.2,0.986,"$META product recall, yikes 😬 👀"
ST01643,T01643,social,2026-08-27 10:54:00,BAC,company,0.699,Credit Event,5.2,0.99,"$BAC credit upgrade, balance sheet looking healthier ✅"
ST01644,T01644,social,2026-08-27 11:06:00,BAC,company,-0.149,Other,3.1,0.995,$BAC breakout incoming?? 🔥
ST01645,T01645,social,2026-08-27 11:18:00,,market,-0.646,Macroeconomic,6.0,0.988,RECESSION SIGNALS FLASHING RED 🚨 #MACRO
ST01646,T01646,social,2026-08-27 12:08:00,PFE,company,-0.427,Other,2.8,0.995,"SOLD MY $PFE, NOT LIKING THIS"
SN00741,N00741,news,2026-08-27 12:23:00,BAC,company,0.783,Earnings,4.9,0.98,Bank of America raises full-year guidance after a strong quarter. Traders cited improving fundamentals and strong momentum.
ST01647,T01647,social,2026-08-27 12:34:00,PFE,company,-0.797,Product Launch,5.4,0.972,"$PFE product recall, yikes 😬 #trading 🔥"
ST01648,T01648,social,2026-08-27 12:36:00,AAPL,company,0.808,Regulatory/Legal,5.1,0.992,$AAPL wins approval 🎉 big relief
SN00742,N00742,news,2026-08-27 12:45:00,KO,company,0.783,Earnings,4.9,0.98,Coca-Cola raises full-year guidance after a strong quarter. Traders cited improving fundamentals and strong momentum.
SN00743,N00743,news,2026-08-27 12:50:00,AMZN,company,-0.001,Earnings,2.0,0.962,Amazon earnings come in line with analyst expectations. The development was largely expected by market participants.
SN00744,N00744,news,2026-08-27 12:58:00,GS,company,-0.001,Earnings,2.0,0.962,Goldman Sachs earnings come in line with analyst expectations. The development was largely expected by market participants.
ST01649,T01649,social,2026-08-27 13:08:00,KO,company,-0.787,Earnings,5.3,0.986,$KO missed earnings and cut guide... brutal 📉
ST01650,T01650,social,2026-08-27 13:36:00,,market,-0.576,Macroeconomic,5.9,0.987,recession signals flashing red 🚨 #macro
ST01651,T01651,social,2026-08-27 13:53:00,KO,company,-0.0,Other,2.1,0.991,RT @user_8540: anyone have thoughts on $KO? #trading
SN00745,N00745,news,2026-08-27 13:55:00,AMZN,company,-0.001,Regulatory/Legal,1.7,0.942,Regulators open consultation on rules affecting the Consumer sector. Analysts said it was too early to assess any lasting impact.
ST01652,T01652,social,2026-08-27 14:00:00,BAC,company,-0.002,Other,1.9,0.996,watching $BAC today
ST01653,T01653,social,2026-08-27 14:57:00,,market,0.14,Macroeconomic,6.1,0.986,"inflation print hot, fed won't cut 😬 #Fed"
ST01654,T01654,social,2026-08-27 15:34:00,XOM,company,-0.002,Other,1.9,0.996,watching $XOM today
SN00746,N00746,news,2026-08-27 16:57:00,PFE,company,-0.827,Regulatory/Legal,8.8,0.927,"Pfizer faces new government investigation into its practices in what analysts call a major shock. Investors reacted cautiously, citing uncer"
ST01655,T01655,social,2026-08-27 17:15:00,KO,company,-0.633,Earnings,5.0,0.989,"$KO margins shrinking, earnings were weak"
ST01656,T01656,social,2026-08-27 17:22:00,PFE,company,0.065,Product Launch,5.1,0.982,$PFE new launch looks 🔥 early demand is huge #stocks
ST01657,T01657,social,2026-08-27 17:45:00,AMZN,company,0.161,Earnings,5.3,0.958,"$AMZN smashing guidance, loading up 📈 #trading"
ST01658,T01658,social,2026-08-27 17:54:00,WMT,company,-0.001,Other,1.9,0.996,anyone have thoughts on $WMT?
SN00747,N00747,news,2026-08-27 17:56:00,JPM,company,-0.794,Merger/Acquisition,7.6,0.935,"JPMorgan Chase faces antitrust challenge over proposed $32bn merger, triggering a sharp selloff. Investors reacted cautiously, citing uncert"
SN00748,N00748,news,2026-08-27 18:27:00,KO,company,-0.736,Earnings,5.2,0.979,"Coca-Cola misses earnings expectations as margins shrink. Investors reacted cautiously, citing uncertainty over near-term outlook."
ST01659,T01659,social,2026-08-27 18:46:00,GS,company,-0.188,Other,2.0,0.994,$GS volume is low today #stocks
ST01660,T01660,social,2026-08-27 18:50:00,WMT,company,-0.002,Other,2.0,0.997,watching $WMT today
SN00749,N00749,news,2026-08-27 18:56:00,JNJ,company,0.505,Regulatory/Legal,3.1,0.981,Johnson & Johnson settles lawsuit on favourable terms. Traders cited improving fundamentals and strong momentum.
SN00750,N00750,news,2026-08-27 20:03:00,CVX,company,0.812,Earnings,6.3,0.981,"Chevron posts record profit, with earnings per share ahead of consensus. Investors responded positively, with analysts raising price targets"
ST01661,T01661,social,2026-08-27 20:05:00,CVX,company,-0.519,Other,3.0,0.995,$CVX getting hammered rn 📉
ST01662,T01662,social,2026-08-27 20:10:00,AMZN,company,-0.742,Other,3.1,0.996,$AMZN looks bad 😬 bearish
ST01663,T01663,social,2026-08-27 20:29:00,BAC,company,0.069,Product Launch,5.0,0.991,$BAC new launch looks 🔥 early demand is huge
SN00751,N00751,news,2026-08-27 20:38:00,,market,0.001,Macroeconomic,2.2,0.933,Central bank minutes due for release on Wednesday. The development was largely expected by market participants.
ST01664,T01664,social,2026-08-27 20:48:00,AMZN,company,-0.517,Other,2.7,0.991,"sold my $AMZN, not liking this #stocks 🔥"
SN00752,N00752,news,2026-08-27 20:57:00,AMZN,company,-0.842,Earnings,7.0,0.969,"Amazon misses earnings expectations as margins shrink, triggering a sharp selloff. Investors reacted cautiously, citing uncertainty over nea"
ST01665,T01665,social,2026-08-28 06:37:00,CVX,company,-0.001,Other,1.9,0.996,RT @user_2568: anyone have thoughts on $CVX? 🤔
ST01666,T01666,social,2026-08-28 06:49:00,,market,0.204,Macroeconomic,6.0,0.982,"INFLATION PRINT HOT, FED WON'T CUT 😬 #FED #STOCKS"
ST01667,T01667,social,2026-08-28 06:55:00,,market,-0.781,Geopolitical,6.4,0.978,sanctions + tariffs = chaos for stocks 📉 #geopolitics
ST01668,T01668,social,2026-08-28 07:09:00,GS,company,0.419,Other,2.8,0.993,$GS looking strong today 🚀 #trading 💬
ST01669,T01669,social,2026-08-28 07:18:00,NVDA,company,-0.578,Product Launch,4.8,0.964,"RT @user_6883: $NVDA delaying the launch again, not good #investing"
ST01670,T01670,social,2026-08-28 07:19:00,KO,company,-0.346,Other,2.7,0.994,"sold my $KO, not liking this 👀"
ST01671,T01671,social,2026-08-28 07:24:00,AAPL,company,-0.697,Product Launch,5.3,0.981,"$AAPL DELAYING THE LAUNCH AGAIN, NOT GOOD"
ST01672,T01672,social,2026-08-28 07:44:00,JPM,company,-0.766,Earnings,5.0,0.972,$JPM missed earnings and cut guide... brutal 📉 #trading
ST01673,T01673,social,2026-08-28 07:56:00,CVX,company,-0.656,Other,3.2,0.992,ugh $CVX again... down bad #investing
ST01674,T01674,social,2026-08-28 08:14:00,GS,company,-0.637,Earnings,5.4,0.988,"$GS margins shrinking, earnings were weak"
ST01675,T01675,social,2026-08-28 08:58:00,GS,company,-0.152,Other,3.1,0.995,$GS breakout incoming?? 🔥
ST01676,T01676,social,2026-08-28 09:23:00,PFE,company,0.352,Earnings,5.3,0.986,$PFE earnings beat!! EPS way above estimates 🚀 🔥
ST01677,T01677,social,2026-08-28 09:43:00,PFE,company,-0.002,Other,2.0,0.997,watching $PFE today
ST01678,T01678,social,2026-08-28 09:56:00,BAC,company,-0.0,Other,1.9,0.997,watching $BAC today
ST01679,T01679,social,2026-08-28 09:57:00,PFE,company,-0.517,Other,2.9,0.995,$PFE getting hammered rn 📉
SN00753,N00753,news,2026-08-28 09:59:00,META,company,-0.837,Product Launch,9.0,0.953,"Meta Platforms recalls streaming service over safety defect in what analysts call a major shock. Investors reacted cautiously, citing uncert"
SN00754,N00754,news,2026-08-28 10:23:00,,market,-0.584,Geopolitical,7.7,0.963,"New sanctions disrupt energy supply chains linked to the Red Sea. Investors reacted cautiously, citing uncertainty over near-term outlook."
ST01680,T01680,social,2026-08-28 10:31:00,AMZN,company,0.501,Merger/Acquisition,2.8,0.992,"bought more $AMZN on the dip, feeling good 📈 #trading"
ST01681,T01681,social,2026-08-28 10:36:00,JNJ,company,0.509,Merger/Acquisition,3.1,0.994,"bought more $JNJ on the dip, feeling good 📈 💬"
SN00755,N00755,news,2026-08-28 10:43:00,WMT,company,-0.583,Product Launch,4.1,0.979,"Walmart delays delivery service launch after quality issues. Investors reacted cautiously, citing uncertainty over near-term outlook."
SN00756,N00756,news,2026-08-28 10:47:00,MSFT,company,0.718,Earnings,5.4,0.987,"Microsoft beats quarterly earnings estimates as revenue climbs 2.7%. Investors responded positively, with analysts raising price targets."
ST01682,T01682,social,2026-08-28 11:12:00,AMZN,company,0.001,Other,2.1,0.992,anyone have thoughts on $AMZN? #investing 💬
ST01683,T01683,social,2026-08-28 11:16:00,PFE,company,-0.659,Other,3.0,0.995,ugh $PFE again... down bad
ST01684,T01684,social,2026-08-28 11:19:00,JNJ,company,-0.66,Other,3.0,0.995,ugh $JNJ again... down bad
ST01685,T01685,social,2026-08-28 11:23:00,KO,company,-0.633,Earnings,5.0,0.989,"RT @user_7608: $KO margins shrinking, earnings were weak"
ST01686,T01686,social,2026-08-28 11:32:00,AAPL,company,-0.742,Other,3.1,0.996,$AAPL looks bad 😬 bearish
SN00757,N00757,news,2026-08-28 11:56:00,,market,-0.598,Geopolitical,7.8,0.934,"New sanctions disrupt energy supply chains linked to the Middle East, sending shares lower. Investors reacted cautiously, citing uncertainty"
ST01687,T01687,social,2026-08-28 12:16:00,JPM,company,-0.66,Other,3.0,0.995,ugh $JPM again... down bad
ST01688,T01688,social,2026-08-28 12:29:00,JNJ,company,0.668,Other,3.0,0.994,"RT @user_1731: $JNJ crushing it, bullish 📊"
ST01689,T01689,social,2026-08-28 12:30:00,NVDA,company,-0.634,Earnings,5.3,0.976,"$NVDA margins shrinking, earnings were weak #markets 📊"
SN00758,N00758,news,2026-08-28 12:33:00,JPM,company,-0.529,Merger/Acquisition,4.1,0.954,"JPMorgan Chase walks away from $6bn takeover talks. Investors reacted cautiously, citing uncertainty over near-term outlook."
ST01690,T01690,social,2026-08-28 12:39:00,CVX,company,-0.742,Other,3.1,0.996,$CVX looks bad 😬 bearish
ST01692,T01692,social,2026-08-28 13:00:00,AAPL,company,-0.193,Other,2.0,0.996,$AAPL volume is low today 🤔
ST01691,T01691,social,2026-08-28 13:00:00,BAC,company,0.436,Other,3.0,0.995,$BAC looking strong today 🚀
SN00759,N00759,news,2026-08-28 13:05:00,AAPL,company,0.728,Credit Event,4.8,0.964,"Apple refinances debt at lower rates and extends maturities, lifting shares. Traders cited improving fundamentals and strong momentum."
ST01693,T01693,social,2026-08-28 13:35:00,AMZN,company,0.809,Regulatory/Legal,5.0,0.994,$AMZN wins approval 🎉 big relief
SN00760,N00760,news,2026-08-28 13:37:00,META,company,-0.613,Product Launch,5.3,0.965,"Meta Platforms delays streaming service launch after quality issues, sending shares lower. Investors reacted cautiously, citing uncertainty "
ST01694,T01694,social,2026-08-28 13:51:00,JNJ,company,-0.565,Merger/Acquisition,5.2,0.97,"$JNJ merger facing antitrust heat, deal at risk #markets"
ST01695,T01695,social,2026-08-28 13:57:00,JNJ,company,-0.0,Other,2.0,0.997,watching $JNJ today 🤔
ST01696,T01696,social,2026-08-28 14:15:00,XOM,company,-0.189,Other,2.1,0.994,$XOM volume is low today #stocks
ST01697,T01697,social,2026-08-28 14:24:00,GOOGL,company,-0.722,Earnings,5.0,0.989,"$GOOGL MARGINS SHRINKING, EARNINGS WERE WEAK"
ST01698,T01698,social,2026-08-28 14:30:00,PFE,company,0.696,Credit Event,5.2,0.99,"$PFE credit upgrade, balance sheet looking healthier ✅"
SN00761,N00761,news,2026-08-28 14:45:00,GOOGL,company,-0.005,Earnings,2.1,0.958,Alphabet to report quarterly results next week. The development was largely expected by market participants.
SN00762,N00762,news,2026-08-28 15:21:00,,market,-0.884,Geopolitical,8.0,0.9,"Tariffs on imports from Eastern Europe spark fears of a trade war, triggering a sharp selloff. Investors reacted cautiously, citing uncertai"
ST01699,T01699,social,2026-08-28 15:34:00,NVDA,company,-0.003,Other,2.3,0.991,"RT @user_8685: $NVDA flat, nothing happening #stocks"
SN00763,N00763,news,2026-08-28 15:55:00,GS,company,-0.783,Earnings,7.8,0.968,Goldman Sachs reports revenue decline of 3.1% year over year in what analysts call a major shock. Analysts flagged downside risks and trimme
SN00764,N00764,news,2026-08-28 16:07:00,GOOGL,company,-0.869,Earnings,7.7,0.967,Alphabet misses earnings expectations as margins shrink in what analysts call a major shock. Analysts flagged downside risks and trimmed the
ST01700,T01700,social,2026-08-28 16:24:00,GS,company,-0.755,Product Launch,5.3,0.988,"$GS product recall, yikes 😬 📊"
ST01701,T01701,social,2026-08-28 16:34:00,MSFT,company,0.5,Merger/Acquisition,3.0,0.991,"bought more $MSFT on the dip, feeling good 📈 #stocks"
ST01702,T01702,social,2026-08-28 16:42:00,MSFT,company,0.509,Merger/Acquisition,3.1,0.994,"bought more $MSFT on the dip, feeling good 📈"
ST01703,T01703,social,2026-08-28 16:59:00,JPM,company,0.001,Other,2.1,0.992,anyone have thoughts on $JPM? #investing
ST01704,T01704,social,2026-08-28 17:33:00,GS,company,0.509,Merger/Acquisition,3.1,0.993,"bought more $GS on the dip, feeling good 📈"
ST01705,T01705,social,2026-08-28 17:53:00,JNJ,company,0.059,Product Launch,4.9,0.983,$JNJ new launch looks 🔥 early demand is huge #stocks
ST01706,T01706,social,2026-08-28 17:54:00,KO,company,-0.772,Earnings,5.0,0.974,$KO missed earnings and cut guide... brutal 📉 #stocks 💬
ST01707,T01707,social,2026-08-28 18:07:00,XOM,company,0.686,Credit Event,5.3,0.98,"RT @user_3609: $XOM credit upgrade, balance sheet looking healthier ✅ #investing"
ST01708,T01708,social,2026-08-28 18:26:00,KO,company,-0.35,Other,2.9,0.993,"RT @user_9130: sold my $KO, not liking this #trading"
SN00765,N00765,news,2026-08-28 19:06:00,,market,-0.906,Geopolitical,9.1,0.911,Tariffs on imports from the Red Sea spark fears of a trade war in what analysts call a major shock. Analysts flagged downside risks and trim
ST01709,T01709,social,2026-08-28 19:34:00,CVX,company,0.806,Regulatory/Legal,4.9,0.993,$CVX wins approval 🎉 big relief
ST01710,T01710,social,2026-08-28 20:00:00,,market,-0.077,Macroeconomic,6.6,0.986,"inflation print hot, fed won't cut 😬 #Fed 🔥"
SN00766,N00766,news,2026-08-28 20:20:00,JPM,company,-0.782,Earnings,7.0,0.971,"JPMorgan Chase reports revenue decline of 9.6% year over year, triggering a sharp selloff. Analysts flagged downside risks and trimmed their"
ST01711,T01711,social,2026-08-28 20:24:00,CVX,company,0.509,Merger/Acquisition,3.1,0.994,"bought more $CVX on the dip, feeling good 📈"
SN00767,N00767,news,2026-08-28 20:26:00,,market,-0.445,Macroeconomic,6.8,0.946,"Central bank signals higher rates for longer, sending shares lower. Investors reacted cautiously, citing uncertainty over near-term outlook."
SN00768,N00768,news,2026-08-28 20:35:00,,market,-0.873,Macroeconomic,9.5,0.862,"GDP contracts by 4.0% in surprise slowdown, triggering a sharp selloff. Investors reacted cautiously, citing uncertainty over near-term outl"
SN00769,N00769,news,2026-08-28 20:43:00,AMZN,company,0.887,Regulatory/Legal,5.9,0.955,"Amazon wins regulatory approval for its delivery service, sparking a strong rally. Traders cited improving fundamentals and strong momentum."
SN00770,N00770,news,2026-08-31 06:07:00,META,company,-0.54,Regulatory/Legal,7.1,0.949,"Meta Platforms hit with $1300m fine by regulators, sending shares lower. Investors reacted cautiously, citing uncertainty over near-term out"
SN00771,N00771,news,2026-08-31 06:28:00,BAC,company,-0.864,Earnings,7.9,0.975,Bank of America misses earnings expectations as margins shrink in what analysts call a major shock. Analysts flagged downside risks and trim
ST01712,T01712,social,2026-08-31 06:32:00,BAC,company,-0.002,Other,2.0,0.997,WATCHING $BAC TODAY
ST01713,T01713,social,2026-08-31 06:39:00,GS,company,-0.509,Other,2.9,0.995,$GS getting hammered rn 📉 #stocks
ST01714,T01714,social,2026-08-31 06:43:00,GS,company,0.539,Earnings,5.4,0.977,$GS earnings beat!! EPS way above estimates 🚀 #trading
ST01715,T01715,social,2026-08-31 06:59:00,,market,0.136,Macroeconomic,6.2,0.988,"inflation print hot, fed won't cut 😬 #Fed"
ST01716,T01716,social,2026-08-31 07:01:00,KO,company,0.509,Merger/Acquisition,3.1,0.993,"bought more $KO on the dip, feeling good 📈 👀"
ST01717,T01717,social,2026-08-31 07:01:00,META,company,-0.496,Other,2.6,0.988,$META getting hammered rn 📉 #investing
ST01718,T01718,social,2026-08-31 07:02:00,PFE,company,0.692,Credit Event,5.0,0.989,"$PFE credit upgrade, balance sheet looking healthier ✅ 📊"
ST01719,T01719,social,2026-08-31 07:52:00,XOM,company,-0.001,Other,2.0,0.996,anyone have thoughts on $XOM?
ST01720,T01720,social,2026-08-31 08:28:00,WMT,company,-0.518,Other,2.9,0.995,$WMT getting hammered rn 📉
SN00772,N00772,news,2026-08-31 09:12:00,WMT,company,0.205,Credit Event,2.1,0.919,S&P-style agency affirms Walmart at BBB with a stable outlook. Analysts said it was too early to assess any lasting impact.
SN00773,N00773,news,2026-08-31 09:17:00,MSFT,company,0.834,Regulatory/Legal,5.0,0.961,"Microsoft wins regulatory approval for its developer toolkit, lifting shares. Traders cited improving fundamentals and strong momentum."
ST01721,T01721,social,2026-08-31 09:17:00,GS,company,0.692,Credit Event,5.1,0.99,"RT @user_2111: $GS credit upgrade, balance sheet looking healthier ✅"
SN00774,N00774,news,2026-08-31 09:18:00,PFE,company,0.874,Earnings,6.6,0.974,"Pfizer posts record profit, with earnings per share ahead of consensus, lifting shares. Traders cited improving fundamentals and strong mome"
SN00775,N00775,news,2026-08-31 09:43:00,,market,-0.883,Geopolitical,9.5,0.929,"Escalating conflict in the South China Sea rattles global markets in what analysts call a major shock. Investors reacted cautiously, citing "
ST01722,T01722,social,2026-08-31 09:47:00,AMZN,company,-0.554,Credit Event,5.4,0.984,"$AMZN downgraded, spreads widening ⚠️ #credit 💬"
ST01723,T01723,social,2026-08-31 10:25:00,AAPL,company,-0.347,Other,2.8,0.995,"sold my $AAPL, not liking this"
ST01724,T01724,social,2026-08-31 10:31:00,PFE,company,0.669,Other,3.0,0.994,"$PFE crushing it, bullish"
ST01725,T01725,social,2026-08-31 10:48:00,XOM,company,-0.15,Other,3.1,0.996,RT @user_3554: $XOM breakout incoming?? 🔥 🤔
ST01726,T01726,social,2026-08-31 10:54:00,XOM,company,-0.579,Merger/Acquisition,5.5,0.983,"RT @user_9990: $XOM merger facing antitrust heat, deal at risk"
ST01727,T01727,social,2026-08-31 11:03:00,GOOGL,company,0.635,Merger/Acquisition,3.1,0.994,"RT @user_7188: BOUGHT MORE $GOOGL ON THE DIP, FEELING GOOD 📈"
ST01728,T01728,social,2026-08-31 11:08:00,JPM,company,-0.725,Product Launch,4.6,0.962,"$JPM product recall, yikes 😬 #investing"
ST01729,T01729,social,2026-08-31 11:28:00,,market,0.521,Macroeconomic,6.0,0.978,"cpi cooled, rate cuts soon? 📈 #Fed"
ST01730,T01730,social,2026-08-31 11:43:00,CVX,company,-0.583,Other,2.9,0.995,$CVX GETTING HAMMERED RN 📉 📊
ST01731,T01731,social,2026-08-31 11:51:00,AAPL,company,0.702,Other,3.0,0.988,"$AAPL CRUSHING IT, BULLISH #TRADING 💬"
ST01732,T01732,social,2026-08-31 12:04:00,MSFT,company,-0.001,Other,2.0,0.992,watching $MSFT today #stocks
ST01733,T01733,social,2026-08-31 12:13:00,,market,0.303,Macroeconomic,5.7,0.98,"cpi cooled, rate cuts soon? 📈 #Fed 🔥"
ST01734,T01734,social,2026-08-31 12:25:00,JPM,company,-0.7,Product Launch,5.2,0.983,"$JPM DELAYING THE LAUNCH AGAIN, NOT GOOD"
SN00776,N00776,news,2026-08-31 12:40:00,CVX,company,0.708,Regulatory/Legal,3.7,0.971,"Chevron settles lawsuit on favourable terms, lifting shares. Traders cited improving fundamentals and strong momentum."
SN00777,N00777,news,2026-08-31 12:41:00,PFE,company,0.605,Credit Event,6.9,0.937,"Pfizer refinances debt at lower rates and extends maturities in a landmark result. Investors responded positively, with analysts raising pri"
SN00778,N00778,news,2026-08-31 12:48:00,JNJ,company,-0.851,Merger/Acquisition,8.3,0.955,"Johnson & Johnson faces antitrust challenge over proposed $28bn merger, triggering a sharp selloff. Analysts flagged downside risks and trim"
SN00779,N00779,news,2026-08-31 12:51:00,META,company,-0.002,Regulatory/Legal,2.0,0.966,Regulators open consultation on rules affecting the Communication sector. The development was largely expected by market participants.
ST01735,T01735,social,2026-08-31 13:22:00,META,company,-0.659,Other,3.0,0.995,ugh $META again... down bad
SN00780,N00780,news,2026-08-31 13:25:00,,market,-0.767,Macroeconomic,8.3,0.875,"Inflation surprises to the upside at 8.6%, rate hike fears grow, sending shares lower. Investors reacted cautiously, citing uncertainty over"
SN00781,N00781,news,2026-08-31 13:32:00,XOM,company,-0.558,Merger/Acquisition,4.9,0.932,"Exxon Mobil walks away from $30bn takeover talks, sending shares lower. Investors reacted cautiously, citing uncertainty over near-term outl"
SN00782,N00782,news,2026-08-31 13:43:00,CVX,company,-0.877,Merger/Acquisition,7.9,0.933,"Chevron overpays for acquisition, analysts warn of dilution in what analysts call a major shock. Investors reacted cautiously, citing uncert"
ST01736,T01736,social,2026-08-31 13:46:00,GS,company,-0.346,Other,2.7,0.994,"sold my $GS, not liking this"
ST01737,T01737,social,2026-08-31 13:47:00,GOOGL,company,-0.001,Other,1.9,0.996,anyone have thoughts on $GOOGL?
ST01738,T01738,social,2026-08-31 13:50:00,GS,company,-0.742,Other,3.1,0.996,$GS looks bad 😬 bearish
ST01739,T01739,social,2026-08-31 15:02:00,GOOGL,company,0.181,Earnings,5.4,0.983,"$GOOGL smashing guidance, loading up 📈"
ST01740,T01740,social,2026-08-31 15:17:00,JNJ,company,0.179,Other,2.0,0.996,"$JNJ flat, nothing happening 🔥"
ST01741,T01741,social,2026-08-31 15:50:00,PFE,company,-0.796,Product Launch,5.2,0.987,"$PFE PRODUCT RECALL, YIKES 😬"
ST01742,T01742,social,2026-08-31 16:01:00,XOM,company,-0.742,Other,3.1,0.996,$XOM looks bad 😬 bearish
SN00783,N00783,news,2026-08-31 16:09:00,MSFT,company,-0.003,Earnings,2.1,0.962,Microsoft earnings come in line with analyst expectations. The development was largely expected by market participants.
SN00784,N00784,news,2026-08-31 16:36:00,MSFT,company,-0.844,Credit Event,7.4,0.952,"Microsoft bond spreads widen on liquidity concerns, triggering a sharp selloff. Investors reacted cautiously, citing uncertainty over near-t"
SN00785,N00785,news,2026-08-31 17:00:00,JNJ,company,-0.803,Merger/Acquisition,8.0,0.938,"Johnson & Johnson faces antitrust challenge over proposed $21bn merger, triggering a sharp selloff. Investors reacted cautiously, citing unc"
ST01743,T01743,social,2026-08-31 17:02:00,GOOGL,company,-0.658,Regulatory/Legal,4.5,0.981,"$GOOGL under investigation, this could get ugly #markets"
ST01744,T01744,social,2026-08-31 17:20:00,PFE,company,-0.422,Other,2.9,0.992,"SOLD MY $PFE, NOT LIKING THIS #STOCKS"
ST01745,T01745,social,2026-08-31 17:25:00,KO,company,-0.346,Other,2.7,0.994,"sold my $KO, not liking this"
ST01746,T01746,social,2026-08-31 17:27:00,NVDA,company,0.011,Other,2.4,0.991,watching $NVDA today #markets 🤔
ST01747,T01747,social,2026-08-31 17:33:00,JPM,company,0.152,Earnings,4.9,0.964,"$JPM smashing guidance, loading up 📈 #trading"
ST01748,T01748,social,2026-08-31 17:49:00,WMT,company,-0.64,Credit Event,5.4,0.982,"$WMT DEBT WORRIES GROWING, BONDS SELLING OFF 📊"
ST01749,T01749,social,2026-08-31 17:52:00,GOOGL,company,-0.529,Regulatory/Legal,5.2,0.986,"$GOOGL fined again, regulators not messing around"
SN00786,N00786,news,2026-08-31 18:25:00,,market,-0.854,Geopolitical,9.7,0.943,New sanctions disrupt energy supply chains linked to the Red Sea in what analysts call a major shock. Analysts flagged downside risks and tr
SN00787,N00787,news,2026-08-31 18:26:00,AAPL,company,-0.643,Regulatory/Legal,7.0,0.932,"Apple hit with $1400m fine by regulators, sending shares lower. Analysts flagged downside risks and trimmed their estimates."
SN00788,N00788,news,2026-08-31 18:39:00,META,company,-0.664,Regulatory/Legal,6.2,0.964,"Meta Platforms faces new government investigation into its practices. Investors reacted cautiously, citing uncertainty over near-term outloo"
SN00789,N00789,news,2026-08-31 18:59:00,,market,-0.577,Macroeconomic,6.3,0.959,Central bank signals higher rates for longer. Analysts flagged downside risks and trimmed their estimates.
SN00790,N00790,news,2026-08-31 19:17:00,,market,0.006,Macroeconomic,2.3,0.927,Central bank minutes due for release on Wednesday. Analysts said it was too early to assess any lasting impact.
SN00791,N00791,news,2026-08-31 19:46:00,PFE,company,0.801,Earnings,5.9,0.976,"Pfizer beats quarterly earnings estimates as revenue climbs 11.2%, lifting shares. Investors responded positively, with analysts raising pri"
SN00792,N00792,news,2026-08-31 20:20:00,CVX,company,-0.624,Regulatory/Legal,5.3,0.971,"Chevron loses court ruling, appeal expected. Investors reacted cautiously, citing uncertainty over near-term outlook."
ST01750,T01750,social,2026-08-31 20:24:00,XOM,company,0.0,Other,2.0,0.997,watching $XOM today
ST01751,T01751,social,2026-09-01 06:13:00,MSFT,company,-0.002,Other,1.9,0.996,watching $MSFT today
ST01752,T01752,social,2026-09-01 07:51:00,WMT,company,-0.003,Other,2.3,0.991,"$WMT flat, nothing happening #stocks 📊"
SN00793,N00793,news,2026-09-01 08:31:00,AMZN,company,-0.647,Regulatory/Legal,6.3,0.975,Amazon hit with $3400m fine by regulators. Analysts flagged downside risks and trimmed their estimates.
ST01753,T01753,social,2026-09-01 08:31:00,JNJ,company,-0.525,Regulatory/Legal,5.3,0.965,"$JNJ fined again, regulators not messing around #markets"
SN00794,N00794,news,2026-09-01 08:55:00,,market,-0.832,Geopolitical,6.9,0.938,Tariffs on imports from North Africa spark fears of a trade war. Analysts flagged downside risks and trimmed their estimates.
SN00795,N00795,news,2026-09-01 09:30:00,XOM,company,-0.885,Credit Event,8.9,0.935,"a major rating agency downgrades Exxon Mobil to AA amid rising debt in what analysts call a major shock. Investors reacted cautiously, citin"
ST01754,T01754,social,2026-09-01 09:43:00,CVX,company,-0.759,Product Launch,5.2,0.986,"$CVX product recall, yikes 😬 🤔"
ST01755,T01755,social,2026-09-01 09:51:00,META,company,-0.335,Other,2.7,0.991,"sold my $META, not liking this #investing"
SN00796,N00796,news,2026-09-01 09:53:00,GOOGL,company,-0.833,Product Launch,7.8,0.954,"Alphabet recalls AI assistant over safety defect, triggering a sharp selloff. Investors reacted cautiously, citing uncertainty over near-ter"
SN00797,N00797,news,2026-09-01 09:56:00,META,company,0.784,Earnings,4.9,0.981,Meta Platforms raises full-year guidance after a strong quarter. Traders cited improving fundamentals and strong momentum.
ST01756,T01756,social,2026-09-01 09:59:00,CVX,company,-0.66,Other,3.0,0.995,ugh $CVX again... down bad 📊
ST01757,T01757,social,2026-09-01 10:13:00,GS,company,0.635,Merger/Acquisition,3.1,0.993,"BOUGHT MORE $GS ON THE DIP, FEELING GOOD 📈"
ST01758,T01758,social,2026-09-01 10:21:00,XOM,company,-0.335,Other,2.7,0.991,"sold my $XOM, not liking this #investing"
ST01759,T01759,social,2026-09-01 10:34:00,JPM,company,-0.651,Other,2.9,0.992,ugh $JPM again... down bad #investing
SN00798,N00798,news,2026-09-01 10:36:00,WMT,company,0.769,Product Launch,7.0,0.966,"Walmart unveils new private-label line, early orders exceed expectations in a landmark result. Traders cited improving fundamentals and stro"
ST01760,T01760,social,2026-09-01 10:57:00,MSFT,company,-0.002,Other,2.0,0.996,"$MSFT flat, nothing happening"
ST01761,T01761,social,2026-09-01 11:14:00,CVX,company,0.075,Product Launch,5.2,0.991,$CVX new launch looks 🔥 early demand is huge
SN00799,N00799,news,2026-09-01 11:43:00,,market,-0.791,Geopolitical,7.9,0.924,"Escalating conflict in Eastern Europe rattles global markets. Investors reacted cautiously, citing uncertainty over near-term outlook."
SN00800,N00800,news,2026-09-01 11:53:00,XOM,company,0.808,Merger/Acquisition,7.9,0.948,"Exxon Mobil to acquire a rival in a $2bn deal expected to boost margins in a landmark result. Investors responded positively, with analysts "
SN00801,N00801,news,2026-09-01 12:03:00,BAC,company,0.849,Merger/Acquisition,6.1,0.956,"Bank of America completes acquisition ahead of schedule, synergies seen, sparking a strong rally. Traders cited improving fundamentals and s"
ST01762,T01762,social,2026-09-01 12:36:00,WMT,company,0.436,Other,3.0,0.995,$WMT looking strong today 🚀 💬
SN00802,N00802,news,2026-09-01 12:54:00,MSFT,company,-0.699,Regulatory/Legal,5.0,0.974,"Microsoft loses court ruling, appeal expected. Analysts flagged downside risks and trimmed their estimates."
SN00803,N00803,news,2026-09-01 13:18:00,,market,-0.602,Geopolitical,8.3,0.944,"New sanctions disrupt energy supply chains linked to the Red Sea, sending shares lower. Investors reacted cautiously, citing uncertainty ove"
ST01763,T01763,social,2026-09-01 13:23:00,MSFT,company,0.724,Other,3.0,0.993,"$MSFT CRUSHING IT, BULLISH"
SN00804,N00804,news,2026-09-01 13:55:00,,market,0.813,Geopolitical,7.0,0.962,"Trade agreement signed with partners in the South China Sea cheers markets in a landmark result. Investors responded positively, with analys"
SN00805,N00805,news,2026-09-01 13:58:00,WMT,company,0.904,Earnings,7.7,0.968,"Walmart posts record profit, with earnings per share ahead of consensus, sparking a strong rally. Investors responded positively, with analy"
ST01764,T01764,social,2026-09-01 15:09:00,JPM,company,-0.001,Other,1.9,0.996,RT @user_6530: anyone have thoughts on $JPM?
ST01765,T01765,social,2026-09-01 15:34:00,META,company,-0.658,Other,2.9,0.995,ugh $META again... down bad
SN00806,N00806,news,2026-09-01 15:35:00,JNJ,company,-0.74,Regulatory/Legal,8.4,0.915,"Johnson & Johnson hit with $1400m fine by regulators in what analysts call a major shock. Investors reacted cautiously, citing uncertainty o"
ST01766,T01766,social,2026-09-01 16:00:00,JNJ,company,-0.344,Other,2.7,0.991,"sold my $JNJ, not liking this #stocks 💬"
SN00807,N00807,news,2026-09-01 16:45:00,GOOGL,company,0.647,Regulatory/Legal,3.9,0.967,"Alphabet settles lawsuit on favourable terms, lifting shares. Investors responded positively, with analysts raising price targets."
ST01767,T01767,social,2026-09-01 16:56:00,META,company,-0.237,Other,1.9,0.996,ANYONE HAVE THOUGHTS ON $META? 🔥
SN00808,N00808,news,2026-09-01 17:25:00,JPM,company,0.877,Earnings,6.8,0.977,"JPMorgan Chase raises full-year guidance after a strong quarter, sparking a strong rally. Traders cited improving fundamentals and strong mo"
ST01768,T01768,social,2026-09-01 17:56:00,JPM,company,-0.572,Merger/Acquisition,5.1,0.987,"$JPM merger facing antitrust heat, deal at risk"
ST01769,T01769,social,2026-09-01 18:00:00,XOM,company,-0.648,Regulatory/Legal,4.3,0.975,"RT @user_5601: $XOM under investigation, this could get ugly #trading"
ST01770,T01770,social,2026-09-01 18:08:00,JPM,company,-0.569,Credit Event,5.1,0.984,"$JPM debt worries growing, bonds selling off"
ST01771,T01771,social,2026-09-01 18:20:00,NVDA,company,0.546,Earnings,5.3,0.986,$NVDA earnings beat!! EPS way above estimates 🚀 🤔
SN00809,N00809,news,2026-09-01 18:28:00,GOOGL,company,-0.602,Product Launch,5.4,0.962,"Alphabet delays ad platform launch after quality issues, sending shares lower. Investors reacted cautiously, citing uncertainty over near-te"
ST01772,T01772,social,2026-09-01 18:34:00,,market,-0.783,Geopolitical,6.6,0.973,sanctions + tariffs = chaos for stocks 📉 #geopolitics
SN00810,N00810,news,2026-09-01 18:41:00,NVDA,company,0.835,Earnings,5.6,0.975,"NVIDIA raises full-year guidance after a strong quarter, lifting shares. Traders cited improving fundamentals and strong momentum."
SN00811,N00811,news,2026-09-01 19:19:00,GS,company,-0.882,Earnings,9.0,0.956,"Goldman Sachs cuts full-year outlook citing weak demand in what analysts call a major shock. Investors reacted cautiously, citing uncertaint"
ST01773,T01773,social,2026-09-01 19:32:00,,market,0.712,Geopolitical,5.8,0.971,"TRADE DEAL SIGNED, FINALLY GOOD NEWS 🎉"
ST01774,T01774,social,2026-09-01 19:52:00,PFE,company,0.068,Product Launch,5.0,0.988,$PFE new launch looks 🔥 early demand is huge #investing
ST01775,T01775,social,2026-09-01 20:02:00,GOOGL,company,-0.47,Merger/Acquisition,5.0,0.983,$GOOGL overpaying for this acquisition imo
ST01776,T01776,social,2026-09-01 20:11:00,NVDA,company,-0.571,Merger/Acquisition,5.1,0.984,"$NVDA merger facing antitrust heat, deal at risk"
ST01777,T01777,social,2026-09-01 20:13:00,KO,company,-0.755,Product Launch,5.2,0.987,"$KO product recall, yikes 😬"
SN00812,N00812,news,2026-09-01 20:14:00,JNJ,company,-0.797,Product Launch,6.7,0.943,Johnson & Johnson delays oncology drug launch after quality issues in what analysts call a major shock. Analysts flagged downside risks and 
ST01778,T01778,social,2026-09-01 20:59:00,AMZN,company,-0.189,Other,1.7,0.995,$AMZN volume is low today #trading
ST01779,T01779,social,2026-09-02 06:17:00,JPM,company,0.672,Credit Event,4.9,0.977,"$JPM credit upgrade, balance sheet looking healthier ✅ #trading"
SN00813,N00813,news,2026-09-02 06:33:00,JPM,company,-0.819,Regulatory/Legal,8.9,0.938,JPMorgan Chase hit with $1700m fine by regulators in what analysts call a major shock. Analysts flagged downside risks and trimmed their est
SN00814,N00814,news,2026-09-02 06:38:00,JNJ,company,-0.008,Regulatory/Legal,1.9,0.956,Regulators open consultation on rules affecting the Healthcare sector. The development was largely expected by market participants.
SN00815,N00815,news,2026-09-02 07:08:00,PFE,company,0.784,Merger/Acquisition,5.2,0.963,"Pfizer completes acquisition ahead of schedule, synergies seen, lifting shares. Investors responded positively, with analysts raising price "
ST01780,T01780,social,2026-09-02 07:14:00,JPM,company,-0.152,Other,3.1,0.995,$JPM breakout incoming?? 🔥
SN00816,N00816,news,2026-09-02 07:53:00,WMT,company,-0.005,Earnings,2.4,0.944,Walmart to report quarterly results next week. Analysts said it was too early to assess any lasting impact.
ST01781,T01781,social,2026-09-02 08:10:00,META,company,-0.519,Regulatory/Legal,4.8,0.982,"$META fined again, regulators not messing around"
ST01782,T01782,social,2026-09-02 08:11:00,META,company,-0.505,Other,3.3,0.988,$META getting hammered rn 📉 #stocks
ST01783,T01783,social,2026-09-02 08:15:00,MSFT,company,0.722,Other,2.9,0.994,"$MSFT CRUSHING IT, BULLISH"
SN00817,N00817,news,2026-09-02 08:18:00,PFE,company,-0.834,Regulatory/Legal,7.1,0.965,"Pfizer loses court ruling, appeal expected, triggering a sharp selloff. Analysts flagged downside risks and trimmed their estimates."
ST01784,T01784,social,2026-09-02 08:30:00,,market,-0.831,Geopolitical,5.9,0.986,"war escalating, markets gonna bleed 😰 #markets"
ST01785,T01785,social,2026-09-02 08:38:00,PFE,company,-0.348,Other,2.8,0.995,"sold my $PFE, not liking this"
ST01786,T01786,social,2026-09-02 08:44:00,PFE,company,-0.189,Other,2.0,0.994,$PFE volume is low today #investing
ST01787,T01787,social,2026-09-02 09:12:00,,market,0.571,Geopolitical,5.8,0.96,ceasefire!! risk on 🟢 #markets #investing
ST01788,T01788,social,2026-09-02 09:34:00,XOM,company,-0.758,Product Launch,5.2,0.989,"$XOM product recall, yikes 😬"
SN00818,N00818,news,2026-09-02 09:37:00,,market,0.82,Geopolitical,4.8,0.954,"Trade agreement signed with partners in the South China Sea cheers markets, lifting shares. Traders cited improving fundamentals and strong "
ST01789,T01789,social,2026-09-02 09:41:00,GOOGL,company,-0.787,Earnings,5.3,0.986,$GOOGL missed earnings and cut guide... brutal 📉
SN00819,N00819,news,2026-09-02 09:48:00,KO,company,-0.862,Credit Event,8.9,0.929,"Coca-Cola bond spreads widen on liquidity concerns in what analysts call a major shock. Investors reacted cautiously, citing uncertainty ove"
ST01790,T01790,social,2026-09-02 10:30:00,BAC,company,-0.348,Other,2.8,0.995,"sold my $BAC, not liking this 👀"
SN00820,N00820,news,2026-09-02 10:46:00,GS,company,0.839,Earnings,6.4,0.98,"Goldman Sachs posts record profit, with earnings per share ahead of consensus. Traders cited improving fundamentals and strong momentum."
SN00821,N00821,news,2026-09-02 11:13:00,AMZN,company,0.763,Product Launch,5.8,0.939,"Amazon launches private-label line to strong reviews in a landmark result. Investors responded positively, with analysts raising price targe"
ST01791,T01791,social,2026-09-02 11:30:00,XOM,company,-0.149,Other,3.1,0.995,$XOM breakout incoming?? 🔥
ST01792,T01792,social,2026-09-02 11:40:00,KO,company,-0.008,Other,1.9,0.992,ANYONE HAVE THOUGHTS ON $KO? #TRADING
ST01793,T01793,social,2026-09-02 11:47:00,KO,company,0.0,Other,2.0,0.997,watching $KO today
SN00822,N00822,news,2026-09-02 12:03:00,MSFT,company,0.812,Merger/Acquisition,5.2,0.964,"Microsoft completes acquisition ahead of schedule, synergies seen, lifting shares. Traders cited improving fundamentals and strong momentum."
ST01794,T01794,social,2026-09-02 12:41:00,XOM,company,0.436,Other,3.0,0.995,$XOM looking strong today 🚀
ST01795,T01795,social,2026-09-02 12:48:00,JNJ,company,-0.597,Product Launch,4.7,0.97,"RT @user_1353: $JNJ delaying the launch again, not good #markets"
ST01796,T01796,social,2026-09-02 13:00:00,NVDA,company,-0.51,Other,3.0,0.988,$NVDA getting hammered rn 📉 #markets 🤔
ST01797,T01797,social,2026-09-02 13:07:00,GS,company,0.636,Merger/Acquisition,3.1,0.994,"BOUGHT MORE $GS ON THE DIP, FEELING GOOD 📈"
ST01798,T01798,social,2026-09-02 13:21:00,JNJ,company,-0.606,Product Launch,5.2,0.983,"$JNJ delaying the launch again, not good"
ST01799,T01799,social,2026-09-02 13:30:00,XOM,company,-0.193,Other,2.0,0.996,$XOM volume is low today
SN00823,N00823,news,2026-09-02 13:48:00,KO,company,-0.838,Merger/Acquisition,8.5,0.941,Coca-Cola faces antitrust challenge over proposed $5bn merger in what analysts call a major shock. Analysts flagged downside risks and trimm
ST01801,T01801,social,2026-09-02 13:57:00,AMZN,company,-0.767,Product Launch,4.9,0.964,"$AMZN product recall, yikes 😬 #investing 🔥"
ST01800,T01800,social,2026-09-02 13:57:00,PFE,company,-0.515,Other,2.9,0.995,RT @user_4177: $PFE getting hammered rn 📉
SN00824,N00824,news,2026-09-02 14:01:00,CVX,company,0.812,Merger/Acquisition,5.3,0.967,"Chevron completes acquisition ahead of schedule, synergies seen, lifting shares. Traders cited improving fundamentals and strong momentum."
ST01802,T01802,social,2026-09-02 14:20:00,,market,0.14,Macroeconomic,6.1,0.986,"RT @user_3572: inflation print hot, fed won't cut 😬 #Fed"
SN00825,N00825,news,2026-09-02 14:36:00,NVDA,company,0.797,Merger/Acquisition,6.0,0.953,"NVIDIA to acquire a rival in a $6bn deal expected to boost margins, lifting shares. Investors responded positively, with analysts raising pr"
SN00826,N00826,news,2026-09-02 14:59:00,KO,company,-0.869,Earnings,7.7,0.967,Coca-Cola misses earnings expectations as margins shrink in what analysts call a major shock. Analysts flagged downside risks and trimmed th
SN00827,N00827,news,2026-09-02 15:06:00,JPM,company,0.0,Regulatory/Legal,2.3,0.959,Regulators open consultation on rules affecting the Financials sector. The development was largely expected by market participants.
ST01803,T01803,social,2026-09-02 15:18:00,WMT,company,-0.452,Other,1.9,0.995,$WMT VOLUME IS LOW TODAY 🔥
ST01804,T01804,social,2026-09-02 15:24:00,WMT,company,0.66,Other,3.2,0.986,"$WMT crushing it, bullish #stocks"
ST01805,T01805,social,2026-09-02 15:59:00,GOOGL,company,-0.15,Other,3.1,0.996,$GOOGL breakout incoming?? 🔥
SN00828,N00828,news,2026-09-02 16:08:00,JNJ,company,-0.891,Credit Event,9.3,0.904,"a major rating agency downgrades Johnson & Johnson to A+ amid rising debt in what analysts call a major shock. Investors reacted cautiously,"
SN00829,N00829,news,2026-09-02 16:17:00,JPM,company,-0.722,Product Launch,7.0,0.971,JPMorgan Chase delays wealth platform launch after quality issues in what analysts call a major shock. Analysts flagged downside risks and t
ST01806,T01806,social,2026-09-02 16:26:00,MSFT,company,-0.054,Merger/Acquisition,5.1,0.99,$MSFT ACQUISITION COULD BE A GAME CHANGER 👀🔥
ST01807,T01807,social,2026-09-02 16:34:00,WMT,company,0.807,Regulatory/Legal,4.9,0.994,$WMT wins approval 🎉 big relief
SN00830,N00830,news,2026-09-02 16:41:00,AMZN,company,-0.855,Product Launch,7.7,0.958,"Amazon recalls private-label line over safety defect, triggering a sharp selloff. Analysts flagged downside risks and trimmed their estimate"
ST01808,T01808,social,2026-09-02 16:46:00,CVX,company,-0.382,Other,2.0,0.996,$CVX volume is low today 🔥
ST01809,T01809,social,2026-09-02 16:56:00,XOM,company,-0.147,Other,3.2,0.996,$XOM breakout incoming?? 🔥
ST01810,T01810,social,2026-09-02 17:01:00,JPM,company,0.669,Credit Event,4.6,0.98,"RT @user_4823: $JPM credit upgrade, balance sheet looking healthier ✅ #trading"
ST01811,T01811,social,2026-09-02 17:06:00,NVDA,company,0.007,Other,2.3,0.991,watching $NVDA today #markets
ST01812,T01812,social,2026-09-02 17:07:00,AAPL,company,-0.001,Other,1.9,0.996,RT @user_3656: anyone have thoughts on $AAPL?
SN00831,N00831,news,2026-09-02 17:19:00,GOOGL,company,0.785,Merger/Acquisition,5.4,0.959,"Alphabet completes acquisition ahead of schedule, synergies seen, lifting shares. Investors responded positively, with analysts raising pric"
ST01813,T01813,social,2026-09-02 17:23:00,KO,company,-0.002,Other,1.9,0.996,watching $KO today
SN00832,N00832,news,2026-09-02 17:34:00,AAPL,company,-0.792,Merger/Acquisition,7.9,0.933,"Apple faces antitrust challenge over proposed $10bn merger, triggering a sharp selloff. Investors reacted cautiously, citing uncertainty ove"
ST01814,T01814,social,2026-09-02 17:47:00,KO,company,-0.348,Other,2.8,0.995,"sold my $KO, not liking this 📊"
ST01815,T01815,social,2026-09-02 18:19:00,JPM,company,-0.554,Credit Event,5.4,0.984,"$JPM downgraded, spreads widening ⚠️ #credit"
SN00833,N00833,news,2026-09-02 18:56:00,MSFT,company,-0.759,Merger/Acquisition,5.8,0.942,"Microsoft walks away from $12bn takeover talks, triggering a sharp selloff. Investors reacted cautiously, citing uncertainty over near-term "
ST01816,T01816,social,2026-09-02 19:02:00,GS,company,-0.38,Other,1.9,0.996,$GS volume is low today 🔥
SN00834,N00834,news,2026-09-02 19:17:00,KO,company,-0.727,Product Launch,6.2,0.981,Coca-Cola recalls beverage line over safety defect. Analysts flagged downside risks and trimmed their estimates.
ST01817,T01817,social,2026-09-02 19:33:00,,market,-0.646,Macroeconomic,6.0,0.988,RECESSION SIGNALS FLASHING RED 🚨 #MACRO 💬
ST01818,T01818,social,2026-09-02 20:16:00,JPM,company,-0.755,Product Launch,5.2,0.987,"$JPM product recall, yikes 😬"
SN00835,N00835,news,2026-09-02 20:40:00,CVX,company,-0.794,Merger/Acquisition,8.5,0.924,"Chevron faces antitrust challenge over proposed $18bn merger in what analysts call a major shock. Investors reacted cautiously, citing uncer"
ST01819,T01819,social,2026-09-02 20:47:00,GS,company,-0.689,Merger/Acquisition,5.1,0.987,"$GS MERGER FACING ANTITRUST HEAT, DEAL AT RISK"
ST01820,T01820,social,2026-09-03 06:02:00,PFE,company,-0.001,Other,2.0,0.996,"$PFE flat, nothing happening"
SN00836,N00836,news,2026-09-03 06:12:00,GOOGL,company,0.789,Product Launch,4.9,0.975,"Alphabet unveils new AI assistant, early orders exceed expectations, lifting shares. Traders cited improving fundamentals and strong momentu"
ST01822,T01822,social,2026-09-03 06:12:00,BAC,company,0.672,Credit Event,4.9,0.977,"$BAC credit upgrade, balance sheet looking healthier ✅ #trading"
ST01821,T01821,social,2026-09-03 06:12:00,XOM,company,-0.348,Other,2.8,0.995,"sold my $XOM, not liking this"
SN00837,N00837,news,2026-09-03 06:21:00,JNJ,company,-0.879,Product Launch,8.8,0.916,Johnson & Johnson recalls diagnostic test over safety defect in what analysts call a major shock. Analysts flagged downside risks and trimme
SN00838,N00838,news,2026-09-03 06:44:00,JPM,company,0.914,Earnings,7.7,0.966,"JPMorgan Chase posts record profit, with earnings per share ahead of consensus, sparking a strong rally. Traders cited improving fundamental"
SN00839,N00839,news,2026-09-03 07:10:00,MSFT,company,-0.807,Earnings,6.1,0.984,Microsoft cuts full-year outlook citing weak demand. Analysts flagged downside risks and trimmed their estimates.
SN00840,N00840,news,2026-09-03 07:14:00,AMZN,company,-0.699,Regulatory/Legal,5.0,0.974,"Amazon loses court ruling, appeal expected. Analysts flagged downside risks and trimmed their estimates."
SN00841,N00841,news,2026-09-03 07:25:00,XOM,company,-0.833,Regulatory/Legal,7.1,0.964,"Exxon Mobil loses court ruling, appeal expected, triggering a sharp selloff. Analysts flagged downside risks and trimmed their estimates."
ST01823,T01823,social,2026-09-03 07:29:00,GOOGL,company,0.668,Other,3.0,0.994,"$GOOGL crushing it, bullish 📊"
SN00842,N00842,news,2026-09-03 07:30:00,XOM,company,0.693,Regulatory/Legal,6.2,0.971,Exxon Mobil settles lawsuit on favourable terms in a landmark result. Traders cited improving fundamentals and strong momentum.
ST01824,T01824,social,2026-09-03 07:43:00,CVX,company,0.509,Merger/Acquisition,3.1,0.994,"bought more $CVX on the dip, feeling good 📈"
ST01825,T01825,social,2026-09-03 07:49:00,BAC,company,-0.742,Other,3.1,0.996,$BAC looks bad 😬 bearish
SN00843,N00843,news,2026-09-03 07:56:00,CVX,company,-0.662,Regulatory/Legal,6.3,0.957,"Chevron faces new government investigation into its practices. Investors reacted cautiously, citing uncertainty over near-term outlook."
ST01826,T01826,social,2026-09-03 07:59:00,MSFT,company,0.806,Regulatory/Legal,4.9,0.993,$MSFT wins approval 🎉 big relief
ST01827,T01827,social,2026-09-03 08:00:00,PFE,company,0.437,Other,3.0,0.994,$PFE looking strong today 🚀
ST01828,T01828,social,2026-09-03 08:02:00,JPM,company,-0.002,Other,2.0,0.996,"$JPM flat, nothing happening"
ST01829,T01829,social,2026-09-03 08:19:00,GOOGL,company,-0.759,Other,3.2,0.991,RT @user_4642: $GOOGL LOOKS BAD 😬 BEARISH #STOCKS 📊
SN00844,N00844,news,2026-09-03 09:02:00,GS,company,0.002,Regulatory/Legal,2.4,0.945,Regulators open consultation on rules affecting the Financials sector. Analysts said it was too early to assess any lasting impact.
SN00845,N00845,news,2026-09-03 09:03:00,,market,0.663,Macroeconomic,5.2,0.939,"Central bank holds rates and signals easing ahead. Investors responded positively, with analysts raising price targets."
SN00846,N00846,news,2026-09-03 09:19:00,XOM,company,0.804,Merger/Acquisition,7.9,0.948,"Exxon Mobil to acquire a rival in a $29bn deal expected to boost margins in a landmark result. Investors responded positively, with analysts"
SN00847,N00847,news,2026-09-03 09:36:00,NVDA,company,-0.832,Earnings,7.1,0.964,"NVIDIA cuts full-year outlook citing weak demand, sending shares lower. Analysts flagged downside risks and trimmed their estimates."
ST01830,T01830,social,2026-09-03 09:59:00,MSFT,company,-0.61,Product Launch,5.4,0.983,"$MSFT delaying the launch again, not good"
SN00848,N00848,news,2026-09-03 10:05:00,NVDA,company,0.638,Product Launch,4.5,0.972,"NVIDIA unveils new software suite, early orders exceed expectations. Traders cited improving fundamentals and strong momentum."
ST01831,T01831,social,2026-09-03 10:05:00,GS,company,-0.001,Other,2.0,0.996,"$GS flat, nothing happening"
ST01832,T01832,social,2026-09-03 10:40:00,GS,company,-0.003,Other,1.9,0.996,"$GS flat, nothing happening"
SN00849,N00849,news,2026-09-03 10:42:00,XOM,company,-0.786,Credit Event,6.8,0.92,"Exxon Mobil raises loan loss provisions by 13.0% as defaults rise, sending shares lower. Analysts flagged downside risks and trimmed their e"
ST01833,T01833,social,2026-09-03 10:58:00,CVX,company,-0.663,Regulatory/Legal,4.6,0.987,"$CVX under investigation, this could get ugly"
SN00850,N00850,news,2026-09-03 11:09:00,BAC,company,-0.637,Product Launch,7.2,0.97,"Bank of America delays wealth platform launch after quality issues in what analysts call a major shock. Investors reacted cautiously, citing"
ST01834,T01834,social,2026-09-03 11:14:00,GS,company,-0.14,Product Launch,5.2,0.991,$GS NEW LAUNCH LOOKS 🔥 EARLY DEMAND IS HUGE 🔥
ST01835,T01835,social,2026-09-03 11:28:00,WMT,company,-0.003,Other,1.9,0.996,"$WMT flat, nothing happening 🤔"
ST01836,T01836,social,2026-09-03 11:55:00,GOOGL,company,0.002,Other,2.3,0.992,watching $GOOGL today #stocks
SN00851,N00851,news,2026-09-03 12:50:00,CVX,company,-0.833,Regulatory/Legal,9.2,0.941,Chevron hit with $3600m fine by regulators in what analysts call a major shock. Analysts flagged downside risks and trimmed their estimates.
ST01837,T01837,social,2026-09-03 13:10:00,KO,company,-0.297,Other,2.0,0.994,$KO VOLUME IS LOW TODAY #INVESTING
ST01838,T01838,social,2026-09-03 13:19:00,JNJ,company,-0.79,Earnings,5.3,0.986,$JNJ missed earnings and cut guide... brutal 📉
ST01839,T01839,social,2026-09-03 13:20:00,WMT,company,-0.755,Product Launch,5.2,0.987,"$WMT product recall, yikes 😬"
ST01840,T01840,social,2026-09-03 13:22:00,XOM,company,-0.055,Merger/Acquisition,5.1,0.991,$XOM acquisition could be a game changer 👀🔥
ST01841,T01841,social,2026-09-03 13:30:00,NVDA,company,0.807,Regulatory/Legal,4.9,0.991,$NVDA wins approval 🎉 big relief
ST01842,T01842,social,2026-09-03 14:13:00,PFE,company,-0.548,Credit Event,5.1,0.987,"$PFE downgraded, spreads widening ⚠️ #credit 📊"
ST01843,T01843,social,2026-09-03 14:21:00,NVDA,company,-0.658,Other,2.9,0.995,ugh $NVDA again... down bad
ST01844,T01844,social,2026-09-03 14:23:00,JNJ,company,-0.188,Other,1.7,0.995,$JNJ volume is low today #trading
ST01845,T01845,social,2026-09-03 14:29:00,WMT,company,-0.001,Other,1.9,0.996,ANYONE HAVE THOUGHTS ON $WMT?
ST01846,T01846,social,2026-09-03 14:32:00,CVX,company,0.01,Other,2.5,0.991,watching $CVX today #markets
ST01847,T01847,social,2026-09-03 14:42:00,GS,company,-0.558,Merger/Acquisition,5.0,0.983,$GS OVERPAYING FOR THIS ACQUISITION IMO
ST01848,T01848,social,2026-09-03 15:00:00,XOM,company,-0.001,Other,1.9,0.996,anyone have thoughts on $XOM?
ST01849,T01849,social,2026-09-03 15:21:00,CVX,company,-0.194,Other,2.0,0.996,$CVX volume is low today
ST01850,T01850,social,2026-09-03 15:32:00,,market,0.13,Macroeconomic,6.6,0.986,"inflation print hot, fed won't cut 😬 #Fed"
ST01851,T01851,social,2026-09-03 15:46:00,KO,company,-0.517,Other,2.9,0.995,$KO getting hammered rn 📉 💬
ST01852,T01852,social,2026-09-03 15:57:00,AMZN,company,-0.532,Regulatory/Legal,5.4,0.985,"$AMZN fined again, regulators not messing around"
SN00852,N00852,news,2026-09-03 15:57:00,,market,0.81,Macroeconomic,4.5,0.88,"Strong jobs report boosts growth outlook, lifting shares. Investors responded positively, with analysts raising price targets."
ST01853,T01853,social,2026-09-03 16:44:00,KO,company,0.436,Other,3.0,0.995,$KO looking strong today 🚀
SN00853,N00853,news,2026-09-03 16:49:00,GOOGL,company,-0.737,Credit Event,6.2,0.956,"Alphabet bond spreads widen on liquidity concerns. Investors reacted cautiously, citing uncertainty over near-term outlook."
ST01854,T01854,social,2026-09-03 16:52:00,PFE,company,-0.055,Merger/Acquisition,5.0,0.99,$PFE acquisition could be a game changer 👀🔥
ST01855,T01855,social,2026-09-03 16:58:00,GOOGL,company,-0.742,Other,3.1,0.996,$GOOGL looks bad 😬 bearish
ST01856,T01856,social,2026-09-03 17:11:00,KO,company,-0.569,Credit Event,5.1,0.984,"$KO debt worries growing, bonds selling off"
ST01857,T01857,social,2026-09-03 17:26:00,AMZN,company,-0.518,Other,2.9,0.995,$AMZN getting hammered rn 📉
ST01858,T01858,social,2026-09-03 17:58:00,GOOGL,company,-0.0,Other,1.9,0.997,watching $GOOGL today
SN00854,N00854,news,2026-09-03 18:06:00,BAC,company,0.343,Product Launch,2.2,0.961,Bank of America announces date for its next wealth platform event. The development was largely expected by market participants.
ST01859,T01859,social,2026-09-03 18:21:00,,market,0.139,Macroeconomic,6.7,0.979,"inflation print hot, fed won't cut 😬 #Fed #investing"
SN00855,N00855,news,2026-09-03 18:33:00,XOM,company,-0.808,Regulatory/Legal,8.0,0.955,"Exxon Mobil loses court ruling, appeal expected in what analysts call a major shock. Investors reacted cautiously, citing uncertainty over n"
SN00856,N00856,news,2026-09-03 18:41:00,CVX,company,-0.004,Earnings,2.1,0.968,Chevron earnings come in line with analyst expectations. The development was largely expected by market participants.
ST01860,T01860,social,2026-09-03 19:01:00,GS,company,0.806,Regulatory/Legal,4.9,0.993,$GS wins approval 🎉 big relief
SN00857,N00857,news,2026-09-03 19:04:00,WMT,company,-0.773,Merger/Acquisition,4.8,0.969,"Walmart overpays for acquisition, analysts warn of dilution. Investors reacted cautiously, citing uncertainty over near-term outlook."
ST01861,T01861,social,2026-09-03 19:37:00,WMT,company,0.806,Regulatory/Legal,4.9,0.993,$WMT wins approval 🎉 big relief
SN00858,N00858,news,2026-09-03 19:48:00,BAC,company,-0.829,Product Launch,8.9,0.96,"Bank of America recalls trading platform over safety defect in what analysts call a major shock. Investors reacted cautiously, citing uncert"
ST01862,T01862,social,2026-09-04 06:30:00,AMZN,company,-0.518,Other,2.9,0.995,$AMZN getting hammered rn 📉
ST01863,T01863,social,2026-09-04 06:31:00,JNJ,company,-0.003,Other,1.9,0.996,"$JNJ flat, nothing happening 💬"
ST01864,T01864,social,2026-09-04 06:49:00,BAC,company,-0.537,Regulatory/Legal,5.5,0.983,"$BAC fined again, regulators not messing around"
ST01865,T01865,social,2026-09-04 07:27:00,GOOGL,company,0.509,Merger/Acquisition,3.1,0.993,"bought more $GOOGL on the dip, feeling good 📈 💬"
SN00859,N00859,news,2026-09-04 07:46:00,,market,0.806,Geopolitical,4.8,0.935,"Trade agreement signed with partners in North Africa cheers markets, lifting shares. Investors responded positively, with analysts raising p"
ST01866,T01866,social,2026-09-04 08:30:00,CVX,company,-0.518,Regulatory/Legal,4.9,0.969,"$CVX fined again, regulators not messing around #trading"
ST01867,T01867,social,2026-09-04 08:38:00,,market,0.303,Macroeconomic,5.7,0.98,"cpi cooled, rate cuts soon? 📈 #Fed 🔥"
SN00860,N00860,news,2026-09-04 08:43:00,AAPL,company,-0.876,Product Launch,8.4,0.97,"Apple recalls developer toolkit over safety defect, triggering a sharp selloff. Analysts flagged downside risks and trimmed their estimates."
ST01868,T01868,social,2026-09-04 08:52:00,AMZN,company,0.0,Other,2.0,0.997,watching $AMZN today
SN00861,N00861,news,2026-09-04 08:57:00,GOOGL,company,0.773,Credit Event,6.1,0.949,"Alphabet refinances debt at lower rates and extends maturities, sparking a strong rally. Investors responded positively, with analysts raisi"
ST01869,T01869,social,2026-09-04 09:05:00,CVX,company,-0.193,Other,2.0,0.996,$CVX volume is low today
ST01870,T01870,social,2026-09-04 09:16:00,XOM,company,0.553,Earnings,5.6,0.986,$XOM earnings beat!! EPS way above estimates 🚀
SN00862,N00862,news,2026-09-04 09:51:00,KO,company,-0.866,Credit Event,9.3,0.946,"Moody's-style agency downgrades Coca-Cola to BBB- amid rising debt in what analysts call a major shock. Investors reacted cautiously, citing"
SN00863,N00863,news,2026-09-04 09:52:00,META,company,0.743,Earnings,4.8,0.985,"Meta Platforms raises full-year guidance after a strong quarter. Investors responded positively, with analysts raising price targets."
ST01871,T01871,social,2026-09-04 10:10:00,MSFT,company,-0.603,Product Launch,5.1,0.984,"$MSFT delaying the launch again, not good"
ST01872,T01872,social,2026-09-04 10:17:00,NVDA,company,-0.001,Other,1.9,0.996,anyone have thoughts on $NVDA?
ST01873,T01873,social,2026-09-04 10:29:00,AMZN,company,-0.002,Other,2.0,0.996,"$AMZN FLAT, NOTHING HAPPENING"
ST01874,T01874,social,2026-09-04 10:34:00,META,company,-0.518,Other,2.9,0.995,$META getting hammered rn 📉
SN00864,N00864,news,2026-09-04 10:35:00,KO,company,-0.735,Regulatory/Legal,6.2,0.969,Coca-Cola faces new government investigation into its practices. Analysts flagged downside risks and trimmed their estimates.
ST01875,T01875,social,2026-09-04 10:48:00,GOOGL,company,-0.003,Other,1.9,0.996,"$GOOGL FLAT, NOTHING HAPPENING 🤔"
SN00865,N00865,news,2026-09-04 11:46:00,GOOGL,company,0.908,Earnings,8.8,0.975,"Alphabet posts record profit, with earnings per share ahead of consensus in a landmark result. Traders cited improving fundamentals and stro"
ST01876,T01876,social,2026-09-04 12:25:00,META,company,0.509,Merger/Acquisition,3.1,0.994,"bought more $META on the dip, feeling good 📈"
ST01877,T01877,social,2026-09-04 12:30:00,KO,company,-0.195,Other,1.9,0.996,$KO volume is low today 💬
ST01878,T01878,social,2026-09-04 12:39:00,META,company,-0.159,Other,3.1,0.99,$META breakout incoming?? 🔥 #stocks
ST01879,T01879,social,2026-09-04 12:48:00,AMZN,company,-0.554,Credit Event,5.4,0.984,"$AMZN downgraded, spreads widening ⚠️ #credit"
ST01880,T01880,social,2026-09-04 13:01:00,JPM,company,-0.35,Other,3.1,0.993,"sold my $JPM, not liking this #trading 🤔"
SN00866,N00866,news,2026-09-04 13:09:00,MSFT,company,-0.437,Earnings,5.8,0.956,"Microsoft reports revenue decline of 11.8% year over year, sending shares lower. Investors reacted cautiously, citing uncertainty over near-"
ST01881,T01881,social,2026-09-04 13:18:00,MSFT,company,0.006,Other,2.0,0.993,watching $MSFT today #investing
ST01882,T01882,social,2026-09-04 13:22:00,META,company,-0.537,Regulatory/Legal,5.5,0.983,"$META fined again, regulators not messing around"
ST01883,T01883,social,2026-09-04 13:35:00,JPM,company,0.316,Merger/Acquisition,3.1,0.994,"bought more $JPM on the dip, feeling good 📈 🔥"
ST01884,T01884,social,2026-09-04 13:48:00,MSFT,company,0.669,Other,3.0,0.994,"$MSFT crushing it, bullish"
ST01885,T01885,social,2026-09-04 13:55:00,PFE,company,-0.742,Other,3.1,0.996,$PFE looks bad 😬 bearish
ST01886,T01886,social,2026-09-04 15:02:00,BAC,company,-0.755,Other,3.0,0.995,UGH $BAC AGAIN... DOWN BAD 🔥
SN00867,N00867,news,2026-09-04 15:04:00,WMT,company,-0.833,Regulatory/Legal,7.1,0.964,"Walmart loses court ruling, appeal expected, triggering a sharp selloff. Analysts flagged downside risks and trimmed their estimates."
ST01887,T01887,social,2026-09-04 15:41:00,CVX,company,0.073,Product Launch,5.1,0.991,$CVX new launch looks 🔥 early demand is huge 👀
SN00868,N00868,news,2026-09-04 16:02:00,META,company,0.89,Credit Event,6.8,0.934,"S&P-style agency upgrades Meta Platforms to A- on improving leverage, sparking a strong rally. Investors responded positively, with analysts"
SN00869,N00869,news,2026-09-04 17:25:00,GOOGL,company,0.777,Product Launch,3.4,0.966,"Alphabet launches streaming service to strong reviews, lifting shares. Traders cited improving fundamentals and strong momentum."
ST01888,T01888,social,2026-09-04 18:08:00,JPM,company,-0.743,Other,3.1,0.996,$JPM looks bad 😬 bearish
ST01889,T01889,social,2026-09-04 18:41:00,JNJ,company,-0.774,Earnings,5.2,0.977,$JNJ missed earnings and cut guide... brutal 📉 #stocks
ST01890,T01890,social,2026-09-04 19:13:00,GOOGL,company,0.659,Other,3.1,0.985,"$GOOGL crushing it, bullish #markets"
ST01891,T01891,social,2026-09-04 19:43:00,CVX,company,-0.003,Other,2.3,0.992,"$CVX flat, nothing happening #stocks 🤔"
ST01892,T01892,social,2026-09-04 19:58:00,KO,company,-0.53,Regulatory/Legal,5.2,0.984,"$KO fined again, regulators not messing around"
SN00870,N00870,news,2026-09-04 20:07:00,CVX,company,0.642,Product Launch,4.7,0.968,"Chevron unveils new renewables unit, early orders exceed expectations. Traders cited improving fundamentals and strong momentum."
ST01893,T01893,social,2026-09-04 20:31:00,AAPL,company,-0.635,Earnings,5.4,0.976,"$AAPL margins shrinking, earnings were weak #markets"
ST01894,T01894,social,2026-09-07 06:04:00,PFE,company,-0.632,Other,2.9,0.995,$PFE getting hammered rn 📉 🔥
SN00871,N00871,news,2026-09-07 06:07:00,META,company,-0.826,Regulatory/Legal,8.9,0.942,Meta Platforms hit with $3800m fine by regulators in what analysts call a major shock. Analysts flagged downside risks and trimmed their est
SN00872,N00872,news,2026-09-07 06:09:00,,market,-0.749,Macroeconomic,8.7,0.916,"GDP contracts by 6.5% in surprise slowdown, sending shares lower. Investors reacted cautiously, citing uncertainty over near-term outlook."
ST01895,T01895,social,2026-09-07 06:33:00,GOOGL,company,-0.0,Other,2.0,0.997,watching $GOOGL today
ST01896,T01896,social,2026-09-07 06:34:00,AMZN,company,-0.003,Other,2.1,0.992,anyone have thoughts on $AMZN? #stocks
ST01897,T01897,social,2026-09-07 07:08:00,BAC,company,-0.571,Credit Event,5.3,0.986,"$BAC debt worries growing, bonds selling off"
SN00873,N00873,news,2026-09-07 07:15:00,NVDA,company,0.892,Earnings,8.7,0.968,"NVIDIA posts record profit, with earnings per share ahead of consensus in a landmark result. Investors responded positively, with analysts r"
ST01898,T01898,social,2026-09-07 07:36:00,CVX,company,-0.655,Other,2.9,0.99,ugh $CVX again... down bad #markets
ST01899,T01899,social,2026-09-07 08:19:00,BAC,company,-0.57,Credit Event,5.4,0.973,"$BAC debt worries growing, bonds selling off #trading"
SN00874,N00874,news,2026-09-07 08:22:00,PFE,company,0.203,Credit Event,2.5,0.943,Moody's-style agency affirms Pfizer at BBB- with a stable outlook. Analysts said it was too early to assess any lasting impact.
ST01900,T01900,social,2026-09-07 08:32:00,META,company,-0.055,Merger/Acquisition,5.1,0.99,$META acquisition could be a game changer 👀🔥
SN00875,N00875,news,2026-09-07 08:41:00,CVX,company,0.78,Product Launch,5.3,0.968,"Chevron unveils new LNG project, early orders exceed expectations, lifting shares. Traders cited improving fundamentals and strong momentum."
SN00876,N00876,news,2026-09-07 09:08:00,META,company,0.808,Earnings,6.1,0.98,"Meta Platforms posts record profit, with earnings per share ahead of consensus. Investors responded positively, with analysts raising price "
ST01901,T01901,social,2026-09-07 09:15:00,WMT,company,-0.772,Other,3.1,0.996,$WMT LOOKS BAD 😬 BEARISH
ST01902,T01902,social,2026-09-07 09:48:00,BAC,company,-0.66,Other,3.0,0.995,ugh $BAC again... down bad
SN00877,N00877,news,2026-09-07 10:46:00,NVDA,company,0.813,Earnings,7.7,0.97,"NVIDIA beats quarterly earnings estimates as revenue climbs 10.2% in a landmark result. Investors responded positively, with analysts raisin"
SN00878,N00878,news,2026-09-07 11:00:00,MSFT,company,-0.817,Product Launch,8.9,0.951,"Microsoft recalls AI chip over safety defect in what analysts call a major shock. Investors reacted cautiously, citing uncertainty over near"
ST01903,T01903,social,2026-09-07 11:01:00,GOOGL,company,-0.001,Other,1.9,0.996,anyone have thoughts on $GOOGL?
SN00879,N00879,news,2026-09-07 11:05:00,META,company,0.812,Earnings,5.9,0.978,"Meta Platforms beats quarterly earnings estimates as revenue climbs 8.1%, lifting shares. Investors responded positively, with analysts rais"
ST01904,T01904,social,2026-09-07 11:30:00,BAC,company,-0.182,Other,2.2,0.994,$BAC volume is low today #markets
ST01905,T01905,social,2026-09-07 11:34:00,,market,0.49,Macroeconomic,6.0,0.979,"jobs data strong, soft landing vibes ✅ #macro"
SN00880,N00880,news,2026-09-07 11:51:00,GOOGL,company,-0.003,Regulatory/Legal,1.9,0.951,Regulators open consultation on rules affecting the Communication sector. Analysts said it was too early to assess any lasting impact.
ST01906,T01906,social,2026-09-07 11:51:00,,market,-0.783,Geopolitical,6.6,0.973,sanctions + tariffs = chaos for stocks 📉 #geopolitics
ST01907,T01907,social,2026-09-07 11:54:00,JNJ,company,-0.003,Other,1.9,0.996,"$JNJ flat, nothing happening"
ST01908,T01908,social,2026-09-07 11:58:00,AMZN,company,-0.519,Regulatory/Legal,4.8,0.982,"$AMZN fined again, regulators not messing around"
ST01909,T01909,social,2026-09-07 12:02:00,AAPL,company,-0.658,Other,2.9,0.995,RT @user_7338: ugh $AAPL again... down bad
SN00881,N00881,news,2026-09-07 12:18:00,WMT,company,0.833,Credit Event,5.8,0.968,"Moody's-style agency upgrades Walmart to BBB on improving leverage, lifting shares. Investors responded positively, with analysts raising pr"
ST01910,T01910,social,2026-09-07 12:22:00,JPM,company,-0.639,Earnings,5.2,0.989,"$JPM margins shrinking, earnings were weak"
SN00882,N00882,news,2026-09-07 12:37:00,BAC,company,-0.0,Merger/Acquisition,2.2,0.941,Bank of America confirms it is in talks over a possible acquisition. The development was largely expected by market participants.
ST01911,T01911,social,2026-09-07 12:45:00,JNJ,company,-0.0,Other,2.0,0.997,WATCHING $JNJ TODAY
ST01912,T01912,social,2026-09-07 13:05:00,AAPL,company,-0.465,Merger/Acquisition,5.0,0.976,$AAPL overpaying for this acquisition imo #stocks
ST01913,T01913,social,2026-09-07 13:24:00,,market,0.667,Geopolitical,5.9,0.967,"trade deal signed, finally good news 🎉"
SN00883,N00883,news,2026-09-07 13:31:00,MSFT,company,-0.792,Earnings,5.9,0.975,"Microsoft misses earnings expectations as margins shrink, sending shares lower. Analysts flagged downside risks and trimmed their estimates."
ST01914,T01914,social,2026-09-07 13:55:00,META,company,-0.518,Other,2.9,0.995,$META getting hammered rn 📉
ST01915,T01915,social,2026-09-07 14:16:00,,market,0.52,Macroeconomic,6.0,0.981,"CPI COOLED, RATE CUTS SOON? 📈 #FED"
SN00884,N00884,news,2026-09-07 14:29:00,META,company,-0.004,Merger/Acquisition,2.2,0.937,Meta Platforms confirms it is in talks over a possible acquisition. Analysts said it was too early to assess any lasting impact.
ST01916,T01916,social,2026-09-07 14:54:00,META,company,-0.008,Other,2.2,0.992,"$META flat, nothing happening #stocks"
ST01917,T01917,social,2026-09-07 15:09:00,KO,company,-0.659,Other,3.0,0.995,ugh $KO again... down bad
ST01918,T01918,social,2026-09-07 15:11:00,JNJ,company,-0.001,Other,2.0,0.996,anyone have thoughts on $JNJ?
ST01919,T01919,social,2026-09-07 15:22:00,AAPL,company,0.076,Product Launch,5.2,0.991,$AAPL new launch looks 🔥 early demand is huge
ST01920,T01920,social,2026-09-07 16:21:00,JNJ,company,0.058,Product Launch,5.4,0.982,$JNJ new launch looks 🔥 early demand is huge #trading
ST01921,T01921,social,2026-09-07 16:26:00,AAPL,company,0.696,Credit Event,5.3,0.99,"$AAPL credit upgrade, balance sheet looking healthier ✅"
ST01922,T01922,social,2026-09-07 16:31:00,NVDA,company,-0.194,Other,1.9,0.995,$NVDA volume is low today
ST01923,T01923,social,2026-09-07 17:02:00,XOM,company,-0.51,Other,3.0,0.988,$XOM getting hammered rn 📉 #markets
ST01924,T01924,social,2026-09-07 17:04:00,BAC,company,-0.658,Other,2.9,0.995,ugh $BAC again... down bad
ST01925,T01925,social,2026-09-07 17:13:00,KO,company,-0.337,Other,2.7,0.991,"sold my $KO, not liking this #stocks"
ST01926,T01926,social,2026-09-07 17:25:00,XOM,company,-0.542,Credit Event,5.1,0.968,"$XOM downgraded, spreads widening ⚠️ #credit #trading"
ST01927,T01927,social,2026-09-07 17:30:00,GOOGL,company,0.692,Credit Event,5.1,0.99,"$GOOGL credit upgrade, balance sheet looking healthier ✅"
ST01928,T01928,social,2026-09-07 17:33:00,GOOGL,company,-0.18,Other,2.6,0.986,$GOOGL breakout incoming?? 🔥 #markets
SN00885,N00885,news,2026-09-07 17:43:00,MSFT,company,0.864,Regulatory/Legal,7.0,0.955,Microsoft wins regulatory approval for its cloud platform in a landmark result. Traders cited improving fundamentals and strong momentum.
ST01929,T01929,social,2026-09-07 17:55:00,META,company,0.076,Product Launch,5.2,0.991,$META new launch looks 🔥 early demand is huge
ST01930,T01930,social,2026-09-07 18:47:00,MSFT,company,-0.517,Other,2.9,0.995,$MSFT getting hammered rn 📉
ST01931,T01931,social,2026-09-07 19:01:00,GS,company,0.414,Other,2.9,0.992,$GS looking strong today 🚀 #investing
ST01932,T01932,social,2026-09-07 19:08:00,JPM,company,-0.743,Other,3.1,0.996,$JPM looks bad 😬 bearish 👀
ST01933,T01933,social,2026-09-07 20:11:00,CVX,company,0.68,Credit Event,4.7,0.98,"$CVX credit upgrade, balance sheet looking healthier ✅ #investing"
ST01934,T01934,social,2026-09-07 20:26:00,MSFT,company,-0.002,Other,1.9,0.996,WATCHING $MSFT TODAY
SN00886,N00886,news,2026-09-07 20:50:00,GS,company,-0.818,Regulatory/Legal,8.1,0.962,"Goldman Sachs hit with $2900m fine by regulators, triggering a sharp selloff. Analysts flagged downside risks and trimmed their estimates."
SN00887,N00887,news,2026-09-08 06:44:00,BAC,company,-0.434,Earnings,5.7,0.96,"Bank of America reports revenue decline of 13.5% year over year, sending shares lower. Investors reacted cautiously, citing uncertainty over"
SN00888,N00888,news,2026-09-08 06:53:00,NVDA,company,-0.515,Regulatory/Legal,6.2,0.969,"NVIDIA hit with $3000m fine by regulators. Investors reacted cautiously, citing uncertainty over near-term outlook."
ST01935,T01935,social,2026-09-08 06:59:00,BAC,company,-0.509,Other,2.9,0.995,$BAC getting hammered rn 📉 #stocks
ST01936,T01936,social,2026-09-08 07:05:00,JNJ,company,-0.347,Other,2.8,0.991,"sold my $JNJ, not liking this #markets"
ST01937,T01937,social,2026-09-08 07:08:00,,market,0.149,Macroeconomic,6.2,0.981,"inflation print hot, fed won't cut 😬 #Fed #investing"
ST01938,T01938,social,2026-09-08 07:24:00,KO,company,-0.0,Other,1.9,0.997,watching $KO today
ST01939,T01939,social,2026-09-08 07:34:00,GS,company,0.489,Merger/Acquisition,3.1,0.991,"bought more $GS on the dip, feeling good 📈 #investing"
ST01940,T01940,social,2026-09-08 07:46:00,XOM,company,0.001,Other,1.9,0.996,RT @user_5076: anyone have thoughts on $XOM?
ST01941,T01941,social,2026-09-08 08:43:00,,market,-0.839,Geopolitical,6.4,0.984,"war escalating, markets gonna bleed 😰 #markets"
SN00889,N00889,news,2026-09-08 08:48:00,NVDA,company,-0.785,Credit Event,6.6,0.952,"NVIDIA bond spreads widen on liquidity concerns, sending shares lower. Analysts flagged downside risks and trimmed their estimates."
ST01942,T01942,social,2026-09-08 09:04:00,GS,company,-0.742,Other,3.1,0.996,$GS looks bad 😬 bearish 💬
ST01943,T01943,social,2026-09-08 09:23:00,KO,company,-0.346,Other,2.7,0.994,"sold my $KO, not liking this"
SN00890,N00890,news,2026-09-08 09:30:00,AAPL,company,0.911,Earnings,8.9,0.974,"Apple posts record profit, with earnings per share ahead of consensus in a landmark result. Traders cited improving fundamentals and strong "
ST01944,T01944,social,2026-09-08 09:30:00,PFE,company,0.553,Earnings,5.6,0.986,$PFE earnings beat!! EPS way above estimates 🚀 📊
ST01945,T01945,social,2026-09-08 09:31:00,XOM,company,-0.658,Other,2.9,0.995,ugh $XOM again... down bad
ST01946,T01946,social,2026-09-08 09:49:00,AAPL,company,0.549,Earnings,5.3,0.988,$AAPL earnings beat!! EPS way above estimates 🚀
ST01947,T01947,social,2026-09-08 10:00:00,,market,-0.581,Macroeconomic,6.2,0.987,recession signals flashing red 🚨 #macro
ST01948,T01948,social,2026-09-08 10:14:00,JPM,company,-0.518,Other,2.9,0.995,$JPM getting hammered rn 📉 💬
ST01949,T01949,social,2026-09-08 10:21:00,JPM,company,0.068,Product Launch,5.3,0.981,$JPM new launch looks 🔥 early demand is huge #markets
ST01950,T01950,social,2026-09-08 10:33:00,AAPL,company,0.076,Product Launch,5.2,0.991,$AAPL new launch looks 🔥 early demand is huge
ST01951,T01951,social,2026-09-08 10:53:00,WMT,company,0.435,Other,3.0,0.995,$WMT looking strong today 🚀
ST01952,T01952,social,2026-09-08 11:11:00,GS,company,0.51,Merger/Acquisition,3.1,0.994,"bought more $GS on the dip, feeling good 📈"
ST01953,T01953,social,2026-09-08 11:31:00,NVDA,company,-0.755,Product Launch,5.3,0.988,"$NVDA product recall, yikes 😬"
ST01954,T01954,social,2026-09-08 11:40:00,XOM,company,-0.66,Other,3.0,0.995,ugh $XOM again... down bad
ST01955,T01955,social,2026-09-08 11:42:00,WMT,company,0.006,Other,1.9,0.994,watching $WMT today #trading
ST01956,T01956,social,2026-09-08 11:45:00,JNJ,company,-0.192,Other,1.9,0.996,$JNJ volume is low today
ST01957,T01957,social,2026-09-08 12:11:00,WMT,company,0.059,Product Launch,4.9,0.983,$WMT new launch looks 🔥 early demand is huge #stocks
SN00891,N00891,news,2026-09-08 12:16:00,AAPL,company,-0.721,Earnings,8.2,0.962,"Apple reports revenue decline of 5.3% year over year in what analysts call a major shock. Investors reacted cautiously, citing uncertainty o"
SN00892,N00892,news,2026-09-08 12:23:00,BAC,company,-0.894,Earnings,7.9,0.963,"Bank of America cuts full-year outlook citing weak demand, triggering a sharp selloff. Analysts flagged downside risks and trimmed their est"
ST01958,T01958,social,2026-09-08 12:25:00,GS,company,0.437,Other,3.0,0.994,$GS looking strong today 🚀
ST01959,T01959,social,2026-09-08 12:26:00,PFE,company,0.42,Other,3.1,0.991,$PFE looking strong today 🚀 #markets
ST01960,T01960,social,2026-09-08 12:43:00,,market,0.6,Geopolitical,6.1,0.979,ceasefire!! risk on 🟢 #markets
ST01961,T01961,social,2026-09-08 13:02:00,META,company,-0.637,Earnings,5.2,0.99,"$META margins shrinking, earnings were weak 💬"
ST01962,T01962,social,2026-09-08 13:59:00,BAC,company,-0.517,Other,2.9,0.995,$BAC getting hammered rn 📉
SN00893,N00893,news,2026-09-08 14:34:00,BAC,company,-0.403,Product Launch,6.9,0.958,"Bank of America recalls wealth platform over safety defect, sending shares lower. Investors reacted cautiously, citing uncertainty over near"
ST01963,T01963,social,2026-09-08 14:35:00,,market,-0.576,Macroeconomic,5.9,0.987,recession signals flashing red 🚨 #macro
ST01964,T01964,social,2026-09-08 14:39:00,JPM,company,0.641,Other,2.8,0.987,"$JPM crushing it, bullish #investing"
ST01965,T01965,social,2026-09-08 14:41:00,GS,company,0.001,Other,1.9,0.996,RT @user_6068: anyone have thoughts on $GS?
ST01966,T01966,social,2026-09-08 14:53:00,,market,0.655,Geopolitical,5.7,0.966,"trade deal signed, finally good news 🎉 #stocks"
ST01967,T01967,social,2026-09-08 14:57:00,,market,0.482,Macroeconomic,5.7,0.974,"RT @user_3313: jobs data strong, soft landing vibes ✅ #macro"
SN00894,N00894,news,2026-09-08 15:18:00,BAC,company,-0.877,Merger/Acquisition,7.9,0.933,"Bank of America overpays for acquisition, analysts warn of dilution in what analysts call a major shock. Investors reacted cautiously, citin"
ST01968,T01968,social,2026-09-08 15:53:00,AAPL,company,-0.159,Other,3.1,0.99,$AAPL breakout incoming?? 🔥 #stocks 🤔
ST01969,T01969,social,2026-09-08 16:23:00,GOOGL,company,-0.002,Other,2.0,0.997,watching $GOOGL today
ST01970,T01970,social,2026-09-08 16:43:00,GS,company,-0.519,Other,3.0,0.995,$GS getting hammered rn 📉
SN00895,N00895,news,2026-09-08 17:02:00,GS,company,-0.631,Regulatory/Legal,5.1,0.971,"Goldman Sachs loses court ruling, appeal expected. Investors reacted cautiously, citing uncertainty over near-term outlook."
ST01971,T01971,social,2026-09-08 17:06:00,,market,-0.58,Macroeconomic,6.1,0.988,RT @user_3243: recession signals flashing red 🚨 #macro
SN00896,N00896,news,2026-09-08 17:41:00,JNJ,company,-0.85,Product Launch,8.6,0.935,Johnson & Johnson recalls vaccine over safety defect in what analysts call a major shock. Analysts flagged downside risks and trimmed their 
SN00897,N00897,news,2026-09-08 18:04:00,AAPL,company,-0.793,Merger/Acquisition,6.7,0.933,Apple walks away from $29bn takeover talks in what analysts call a major shock. Analysts flagged downside risks and trimmed their estimates.
ST01972,T01972,social,2026-09-08 18:26:00,NVDA,company,-0.003,Other,1.9,0.996,"$NVDA flat, nothing happening"
ST01973,T01973,social,2026-09-08 19:02:00,AMZN,company,0.567,Other,3.2,0.986,"$AMZN crushing it, bullish #stocks 🔥"
ST01974,T01974,social,2026-09-08 19:04:00,GS,company,-0.73,Other,3.1,0.991,$GS looks bad 😬 bearish #stocks
ST01975,T01975,social,2026-09-08 19:12:00,KO,company,-0.552,Credit Event,5.4,0.984,"$KO downgraded, spreads widening ⚠️ #credit"
ST01976,T01976,social,2026-09-08 19:26:00,GOOGL,company,-0.003,Other,2.3,0.991,"$GOOGL flat, nothing happening #stocks 🤔"
ST01977,T01977,social,2026-09-08 19:36:00,NVDA,company,-0.742,Other,3.1,0.996,$NVDA looks bad 😬 bearish
ST01978,T01978,social,2026-09-08 19:40:00,META,company,-0.66,Other,3.0,0.995,ugh $META again... down bad
ST01979,T01979,social,2026-09-08 19:41:00,NVDA,company,-0.581,Product Launch,4.8,0.971,"$NVDA delaying the launch again, not good #trading"
ST01980,T01980,social,2026-09-08 19:49:00,KO,company,-0.067,Merger/Acquisition,5.0,0.979,$KO acquisition could be a game changer 👀🔥 #markets
SN00898,N00898,news,2026-09-08 20:16:00,,market,-0.921,Geopolitical,9.3,0.924,Tariffs on imports from Eastern Europe spark fears of a trade war in what analysts call a major shock. Analysts flagged downside risks and t
ST01981,T01981,social,2026-09-08 20:36:00,AMZN,company,-0.194,Other,2.0,0.996,$AMZN volume is low today
ST01982,T01982,social,2026-09-08 20:51:00,GOOGL,company,-0.743,Other,3.1,0.996,$GOOGL looks bad 😬 bearish
ST01983,T01983,social,2026-09-09 06:10:00,JPM,company,-0.189,Other,1.7,0.995,RT @user_9078: $JPM volume is low today #trading
ST01984,T01984,social,2026-09-09 06:18:00,PFE,company,-0.16,Other,3.3,0.989,$PFE breakout incoming?? 🔥 #stocks
ST01985,T01985,social,2026-09-09 06:34:00,KO,company,-0.35,Other,3.1,0.993,"sold my $KO, not liking this #trading"
ST01986,T01986,social,2026-09-09 06:49:00,WMT,company,-0.517,Other,2.9,0.995,$WMT getting hammered rn 📉
ST01987,T01987,social,2026-09-09 06:52:00,WMT,company,0.001,Other,1.9,0.996,RT @user_6875: anyone have thoughts on $WMT?
ST01988,T01988,social,2026-09-09 07:23:00,JNJ,company,-0.73,Earnings,5.1,0.989,"RT @user_5811: $JNJ MARGINS SHRINKING, EARNINGS WERE WEAK"
ST01989,T01989,social,2026-09-09 07:26:00,META,company,0.436,Other,3.0,0.995,$META looking strong today 🚀
ST01990,T01990,social,2026-09-09 07:52:00,BAC,company,-0.192,Other,1.9,0.996,$BAC volume is low today
ST01991,T01991,social,2026-09-09 08:14:00,,market,0.5,Macroeconomic,5.3,0.967,"cpi cooled, rate cuts soon? 📈 #Fed #markets"
ST01992,T01992,social,2026-09-09 08:27:00,NVDA,company,-0.348,Other,2.8,0.995,"sold my $NVDA, not liking this 🤔"
SN00899,N00899,news,2026-09-09 08:47:00,NVDA,company,-0.587,Product Launch,4.5,0.969,"NVIDIA delays developer toolkit launch after quality issues. Investors reacted cautiously, citing uncertainty over near-term outlook."
SN00900,N00900,news,2026-09-09 09:11:00,CVX,company,-0.831,Earnings,7.0,0.97,"Chevron cuts full-year outlook citing weak demand, sending shares lower. Analysts flagged downside risks and trimmed their estimates."
SN00901,N00901,news,2026-09-09 09:12:00,BAC,company,-0.867,Credit Event,7.6,0.947,"Bank of America bond spreads widen on liquidity concerns, triggering a sharp selloff. Analysts flagged downside risks and trimmed their esti"
ST01993,T01993,social,2026-09-09 09:25:00,JPM,company,-0.692,Merger/Acquisition,5.2,0.985,"$JPM MERGER FACING ANTITRUST HEAT, DEAL AT RISK"
SN00902,N00902,news,2026-09-09 10:09:00,JNJ,company,-0.79,Merger/Acquisition,6.7,0.932,Johnson & Johnson walks away from $33bn takeover talks in what analysts call a major shock. Analysts flagged downside risks and trimmed thei
ST01994,T01994,social,2026-09-09 10:11:00,CVX,company,-0.0,Other,1.9,0.997,watching $CVX today
SN00903,N00903,news,2026-09-09 10:12:00,PFE,company,-0.7,Product Launch,4.9,0.96,"Pfizer delays vaccine launch after quality issues, sending shares lower. Analysts flagged downside risks and trimmed their estimates."
ST01996,T01996,social,2026-09-09 10:17:00,PFE,company,-0.537,Regulatory/Legal,5.5,0.983,"$PFE fined again, regulators not messing around 🤔"
ST01995,T01995,social,2026-09-09 10:17:00,CVX,company,-0.743,Other,3.1,0.996,$CVX looks bad 😬 bearish 💬
SN00904,N00904,news,2026-09-09 10:25:00,CVX,company,-0.867,Product Launch,8.2,0.958,"Chevron recalls offshore field over safety defect, triggering a sharp selloff. Analysts flagged downside risks and trimmed their estimates."
SN00905,N00905,news,2026-09-09 10:35:00,WMT,company,0.004,Product Launch,2.2,0.962,Walmart announces date for its next delivery service event. Analysts said it was too early to assess any lasting impact.
ST01997,T01997,social,2026-09-09 10:45:00,PFE,company,-0.003,Other,1.9,0.996,"RT @user_4981: $PFE flat, nothing happening"
SN00906,N00906,news,2026-09-09 10:52:00,MSFT,company,0.528,Credit Event,4.6,0.967,Microsoft refinances debt at lower rates and extends maturities. Traders cited improving fundamentals and strong momentum.
ST01998,T01998,social,2026-09-09 11:14:00,,market,-0.835,Geopolitical,6.0,0.988,"war escalating, markets gonna bleed 😰 #markets"
ST01999,T01999,social,2026-09-09 11:38:00,JNJ,company,-0.348,Other,2.8,0.994,"sold my $JNJ, not liking this"
ST02000,T02000,social,2026-09-09 11:40:00,CVX,company,-0.417,Other,2.6,0.991,"SOLD MY $CVX, NOT LIKING THIS #MARKETS"
SN00907,N00907,news,2026-09-09 11:43:00,CVX,company,-0.901,Earnings,8.8,0.964,Chevron cuts full-year outlook citing weak demand in what analysts call a major shock. Analysts flagged downside risks and trimmed their est
ST02001,T02001,social,2026-09-09 12:00:00,,market,0.513,Macroeconomic,5.6,0.981,"CPI COOLED, RATE CUTS SOON? 📈 #FED"
SN00908,N00908,news,2026-09-09 12:11:00,JPM,company,-0.577,Product Launch,4.5,0.976,"JPMorgan Chase delays digital banking app launch after quality issues. Investors reacted cautiously, citing uncertainty over near-term outlo"
SN00909,N00909,news,2026-09-09 12:33:00,XOM,company,-0.813,Credit Event,8.0,0.94,"Exxon Mobil warns of covenant breach as cash flow tightens. Investors reacted cautiously, citing uncertainty over near-term outlook."
ST02002,T02002,social,2026-09-09 12:59:00,NVDA,company,0.061,Product Launch,5.1,0.983,$NVDA new launch looks 🔥 early demand is huge #markets
SN00910,N00910,news,2026-09-09 13:02:00,CVX,company,-0.814,Merger/Acquisition,5.7,0.955,"Chevron overpays for acquisition, analysts warn of dilution, sending shares lower. Analysts flagged downside risks and trimmed their estimat"
ST02003,T02003,social,2026-09-09 13:44:00,GOOGL,company,-0.519,Regulatory/Legal,4.8,0.982,"$GOOGL fined again, regulators not messing around"
SN00911,N00911,news,2026-09-09 13:49:00,XOM,company,-0.661,Merger/Acquisition,4.9,0.946,"Exxon Mobil walks away from $16bn takeover talks, sending shares lower. Analysts flagged downside risks and trimmed their estimates."
ST02004,T02004,social,2026-09-09 13:51:00,META,company,-0.003,Other,1.9,0.996,"$META flat, nothing happening"
ST02005,T02005,social,2026-09-09 14:09:00,NVDA,company,-0.787,Earnings,5.3,0.985,$NVDA missed earnings and cut guide... brutal 📉
SN00912,N00912,news,2026-09-09 14:13:00,AAPL,company,0.87,Earnings,6.8,0.975,"Apple raises full-year guidance after a strong quarter, sparking a strong rally. Investors responded positively, with analysts raising price"
ST02006,T02006,social,2026-09-09 15:00:00,GS,company,-0.147,Other,3.2,0.996,$GS breakout incoming?? 🔥
ST02007,T02007,social,2026-09-09 15:18:00,MSFT,company,-0.785,Earnings,5.3,0.98,$MSFT missed earnings and cut guide... brutal 📉 #markets
ST02008,T02008,social,2026-09-09 15:38:00,GOOGL,company,0.809,Regulatory/Legal,5.0,0.994,$GOOGL wins approval 🎉 big relief
ST02009,T02009,social,2026-09-09 16:00:00,BAC,company,-0.0,Other,2.0,0.993,anyone have thoughts on $BAC? #investing
SN00913,N00913,news,2026-09-09 16:01:00,KO,company,-0.657,Regulatory/Legal,6.3,0.962,"Coca-Cola loses court ruling, appeal expected, sending shares lower. Investors reacted cautiously, citing uncertainty over near-term outlook"
ST02010,T02010,social,2026-09-09 16:07:00,AAPL,company,0.668,Other,3.0,0.994,"$AAPL crushing it, bullish 💬"
SN00914,N00914,news,2026-09-09 18:06:00,JNJ,company,-0.644,Regulatory/Legal,6.9,0.93,"Johnson & Johnson hit with $1000m fine by regulators, sending shares lower. Analysts flagged downside risks and trimmed their estimates."
ST02011,T02011,social,2026-09-09 18:33:00,BAC,company,-0.001,Other,2.0,0.996,"$BAC flat, nothing happening"
ST02012,T02012,social,2026-09-09 18:39:00,MSFT,company,-0.0,Other,2.0,0.997,watching $MSFT today
SN00915,N00915,news,2026-09-09 19:46:00,MSFT,company,0.803,Product Launch,6.2,0.955,Microsoft launches AI chip to strong reviews in a landmark result. Traders cited improving fundamentals and strong momentum.
ST02013,T02013,social,2026-09-09 19:51:00,KO,company,0.51,Merger/Acquisition,3.1,0.994,"bought more $KO on the dip, feeling good 📈"
ST02014,T02014,social,2026-09-09 19:57:00,META,company,-0.15,Other,3.1,0.996,$META breakout incoming?? 🔥
ST02015,T02015,social,2026-09-09 20:17:00,,market,-0.775,Geopolitical,6.3,0.984,sanctions + tariffs = chaos for stocks 📉 #geopolitics #markets
ST02016,T02016,social,2026-09-09 20:18:00,CVX,company,-0.425,Other,2.7,0.994,"SOLD MY $CVX, NOT LIKING THIS"
ST02017,T02017,social,2026-09-09 20:58:00,,market,0.664,Geopolitical,5.9,0.982,"trade deal signed, finally good news 🎉 #markets 📊"
SN00916,N00916,news,2026-09-10 06:13:00,JPM,company,-0.885,Credit Event,8.7,0.938,JPMorgan Chase bond spreads widen on liquidity concerns in what analysts call a major shock. Analysts flagged downside risks and trimmed the
ST02018,T02018,social,2026-09-10 06:18:00,GOOGL,company,-0.003,Other,1.9,0.996,"$GOOGL flat, nothing happening 💬"
ST02019,T02019,social,2026-09-10 06:30:00,GS,company,-0.57,Credit Event,5.6,0.969,"$GS debt worries growing, bonds selling off #trading"
SN00917,N00917,news,2026-09-10 06:54:00,,market,0.003,Macroeconomic,2.1,0.923,Central bank minutes due for release on Wednesday. Analysts said it was too early to assess any lasting impact.
ST02020,T02020,social,2026-09-10 07:32:00,GOOGL,company,-0.692,Merger/Acquisition,5.5,0.983,"$GOOGL merger facing antitrust heat, deal at risk 🔥"
ST02021,T02021,social,2026-09-10 07:42:00,JNJ,company,-0.653,Regulatory/Legal,4.4,0.984,"$JNJ under investigation, this could get ugly"
SN00918,N00918,news,2026-09-10 07:42:00,JPM,company,0.828,Earnings,5.8,0.976,"JPMorgan Chase raises full-year guidance after a strong quarter, lifting shares. Investors responded positively, with analysts raising price"
SN00919,N00919,news,2026-09-10 07:59:00,JNJ,company,-0.869,Merger/Acquisition,7.8,0.949,"Johnson & Johnson overpays for acquisition, analysts warn of dilution in what analysts call a major shock. Investors reacted cautiously, cit"
ST02022,T02022,social,2026-09-10 08:05:00,JNJ,company,-0.528,Regulatory/Legal,5.1,0.98,"RT @user_7696: $JNJ fined again, regulators not messing around #trading"
ST02023,T02023,social,2026-09-10 08:20:00,KO,company,0.002,Other,2.0,0.992,anyone have thoughts on $KO? #investing 👀
ST02024,T02024,social,2026-09-10 08:21:00,META,company,-0.351,Other,3.1,0.993,"sold my $META, not liking this #trading"
ST02025,T02025,social,2026-09-10 08:32:00,NVDA,company,-0.002,Other,2.0,0.996,"$NVDA flat, nothing happening"
ST02026,T02026,social,2026-09-10 08:36:00,WMT,company,-0.517,Other,2.9,0.995,$WMT getting hammered rn 📉
ST02027,T02027,social,2026-09-10 08:46:00,XOM,company,-0.659,Other,3.0,0.995,ugh $XOM again... down bad
ST02028,T02028,social,2026-09-10 08:49:00,META,company,0.509,Merger/Acquisition,3.1,0.994,"bought more $META on the dip, feeling good 📈 📊"
SN00920,N00920,news,2026-09-10 08:59:00,GS,company,0.788,Regulatory/Legal,5.0,0.966,"Goldman Sachs settles lawsuit on favourable terms, sparking a strong rally. Traders cited improving fundamentals and strong momentum."
ST02029,T02029,social,2026-09-10 09:21:00,NVDA,company,-0.002,Other,2.0,0.997,watching $NVDA today
SN00921,N00921,news,2026-09-10 09:24:00,JNJ,company,-0.722,Product Launch,5.9,0.97,Johnson & Johnson recalls oncology drug over safety defect. Analysts flagged downside risks and trimmed their estimates.
SN00922,N00922,news,2026-09-10 09:31:00,PFE,company,-0.818,Product Launch,7.8,0.957,"Pfizer recalls oncology drug over safety defect, triggering a sharp selloff. Investors reacted cautiously, citing uncertainty over near-term"
ST02030,T02030,social,2026-09-10 10:17:00,AMZN,company,0.509,Merger/Acquisition,3.1,0.993,"bought more $AMZN on the dip, feeling good 📈"
SN00923,N00923,news,2026-09-10 10:29:00,AMZN,company,0.912,Earnings,8.8,0.967,"Amazon posts record profit, with earnings per share ahead of consensus in a landmark result. Traders cited improving fundamentals and strong"
ST02031,T02031,social,2026-09-10 10:39:00,PFE,company,0.775,Regulatory/Legal,4.8,0.977,$PFE wins approval 🎉 big relief #investing
ST02032,T02032,social,2026-09-10 10:40:00,JNJ,company,-0.003,Other,1.9,0.996,"$JNJ flat, nothing happening"
ST02033,T02033,social,2026-09-10 10:47:00,GS,company,0.798,Regulatory/Legal,4.7,0.985,$GS wins approval 🎉 big relief #markets
SN00924,N00924,news,2026-09-10 10:47:00,KO,company,0.832,Earnings,5.7,0.977,"Coca-Cola raises full-year guidance after a strong quarter, lifting shares. Investors responded positively, with analysts raising price targ"
SN00925,N00925,news,2026-09-10 11:10:00,JNJ,company,-0.004,Earnings,2.1,0.968,Johnson & Johnson earnings come in line with analyst expectations. The development was largely expected by market participants.
ST02034,T02034,social,2026-09-10 11:15:00,CVX,company,-0.003,Other,1.9,0.996,"$CVX flat, nothing happening"
ST02035,T02035,social,2026-09-10 11:34:00,XOM,company,0.685,Credit Event,5.3,0.981,"$XOM credit upgrade, balance sheet looking healthier ✅ #stocks"
ST02036,T02036,social,2026-09-10 11:36:00,JPM,company,-0.348,Other,2.8,0.994,"sold my $JPM, not liking this"
ST02037,T02037,social,2026-09-10 11:37:00,GOOGL,company,-0.002,Other,1.9,0.996,watching $GOOGL today
ST02038,T02038,social,2026-09-10 11:38:00,BAC,company,-0.003,Other,1.9,0.996,"$BAC flat, nothing happening"
ST02039,T02039,social,2026-09-10 11:50:00,WMT,company,-0.632,Earnings,5.2,0.976,"$WMT margins shrinking, earnings were weak #markets"
SN00926,N00926,news,2026-09-10 11:52:00,MSFT,company,0.809,Product Launch,6.1,0.962,"Microsoft unveils new software suite, early orders exceed expectations, sparking a strong rally. Investors responded positively, with analys"
ST02040,T02040,social,2026-09-10 11:59:00,GOOGL,company,0.668,Other,3.0,0.994,"$GOOGL crushing it, bullish"
ST02041,T02041,social,2026-09-10 12:06:00,BAC,company,-0.697,Product Launch,5.3,0.981,"$BAC DELAYING THE LAUNCH AGAIN, NOT GOOD 📊"
SN00927,N00927,news,2026-09-10 12:10:00,JNJ,company,-0.006,Earnings,2.0,0.952,Johnson & Johnson to report quarterly results next week. The development was largely expected by market participants.
ST02042,T02042,social,2026-09-10 12:16:00,NVDA,company,-0.001,Other,2.0,0.992,watching $NVDA today #stocks
SN00928,N00928,news,2026-09-10 12:28:00,WMT,company,0.885,Earnings,7.3,0.974,"Walmart beats quarterly earnings estimates as revenue climbs 3.5%, sparking a strong rally. Traders cited improving fundamentals and strong "
ST02043,T02043,social,2026-09-10 12:33:00,META,company,0.0,Other,2.0,0.997,watching $META today
ST02044,T02044,social,2026-09-10 12:37:00,CVX,company,-0.002,Other,2.0,0.996,"$CVX FLAT, NOTHING HAPPENING"
ST02045,T02045,social,2026-09-10 13:02:00,NVDA,company,-0.518,Other,2.9,0.995,$NVDA getting hammered rn 📉
SN00929,N00929,news,2026-09-10 13:07:00,JPM,company,-0.863,Credit Event,8.7,0.946,"JPMorgan Chase bond spreads widen on liquidity concerns in what analysts call a major shock. Investors reacted cautiously, citing uncertaint"
SN00930,N00930,news,2026-09-10 13:30:00,XOM,company,0.876,Earnings,6.7,0.978,"Exxon Mobil posts record profit, with earnings per share ahead of consensus, lifting shares. Traders cited improving fundamentals and strong"
ST02046,T02046,social,2026-09-10 14:06:00,NVDA,company,-0.654,Other,3.2,0.992,ugh $NVDA again... down bad #investing
ST02047,T02047,social,2026-09-10 14:17:00,GS,company,-0.383,Other,1.9,0.996,$GS volume is low today 🔥
SN00931,N00931,news,2026-09-10 14:24:00,WMT,company,-0.841,Regulatory/Legal,8.1,0.952,"Walmart loses court ruling, appeal expected in what analysts call a major shock. Analysts flagged downside risks and trimmed their estimates"
ST02048,T02048,social,2026-09-10 14:27:00,CVX,company,-0.194,Other,1.9,0.995,$CVX volume is low today
ST02049,T02049,social,2026-09-10 14:33:00,NVDA,company,-0.348,Other,2.8,0.995,"sold my $NVDA, not liking this"
ST02050,T02050,social,2026-09-10 14:46:00,JNJ,company,-0.188,Other,1.7,0.995,$JNJ volume is low today #trading
SN00932,N00932,news,2026-09-10 14:48:00,JPM,company,-0.87,Merger/Acquisition,7.8,0.938,"JPMorgan Chase overpays for acquisition, analysts warn of dilution in what analysts call a major shock. Investors reacted cautiously, citing"
ST02051,T02051,social,2026-09-10 14:52:00,WMT,company,-0.192,Other,1.9,0.996,$WMT volume is low today
SN00933,N00933,news,2026-09-10 15:04:00,WMT,company,0.861,Earnings,7.6,0.972,Walmart raises full-year guidance after a strong quarter in a landmark result. Traders cited improving fundamentals and strong momentum.
ST02052,T02052,social,2026-09-10 15:17:00,XOM,company,0.668,Other,3.1,0.994,"$XOM crushing it, bullish"
SN00934,N00934,news,2026-09-10 15:38:00,META,company,-0.852,Earnings,7.9,0.968,"Meta Platforms misses earnings expectations as margins shrink in what analysts call a major shock. Investors reacted cautiously, citing unce"
ST02053,T02053,social,2026-09-10 16:18:00,META,company,-0.003,Other,1.9,0.996,"RT @user_6234: $META flat, nothing happening"
ST02054,T02054,social,2026-09-10 16:25:00,BAC,company,-0.003,Other,1.9,0.996,"$BAC flat, nothing happening"
ST02055,T02055,social,2026-09-10 18:06:00,JPM,company,-0.742,Other,3.1,0.996,$JPM looks bad 😬 bearish
SN00935,N00935,news,2026-09-10 18:32:00,AMZN,company,0.777,Product Launch,4.7,0.974,"Amazon unveils new delivery service, early orders exceed expectations, lifting shares. Traders cited improving fundamentals and strong momen"
ST02056,T02056,social,2026-09-10 18:45:00,AMZN,company,-0.005,Other,2.0,0.99,"$AMZN flat, nothing happening #markets"
ST02057,T02057,social,2026-09-10 18:48:00,JPM,company,-0.0,Other,2.0,0.997,watching $JPM today
ST02058,T02058,social,2026-09-10 19:02:00,MSFT,company,0.181,Earnings,5.4,0.983,"$MSFT SMASHING GUIDANCE, LOADING UP 📈"
SN00936,N00936,news,2026-09-10 19:13:00,,market,-0.779,Macroeconomic,7.7,0.93,"Central bank signals higher rates for longer, triggering a sharp selloff. Analysts flagged downside risks and trimmed their estimates."
SN00937,N00937,news,2026-09-10 19:23:00,GS,company,-0.317,Product Launch,5.2,0.973,"Goldman Sachs delays wealth platform launch after quality issues, sending shares lower. Investors reacted cautiously, citing uncertainty ove"
ST02059,T02059,social,2026-09-10 19:46:00,GS,company,0.823,Regulatory/Legal,4.7,0.985,RT @user_7316: $GS WINS APPROVAL 🎉 BIG RELIEF #MARKETS
ST02060,T02060,social,2026-09-10 19:50:00,KO,company,0.068,Product Launch,5.2,0.984,RT @user_4025: $KO new launch looks 🔥 early demand is huge #stocks
ST02061,T02061,social,2026-09-10 20:12:00,AAPL,company,-0.781,Earnings,5.1,0.985,$AAPL missed earnings and cut guide... brutal 📉 💬
ST02062,T02062,social,2026-09-10 20:23:00,CVX,company,-0.736,Regulatory/Legal,4.5,0.987,"$CVX UNDER INVESTIGATION, THIS COULD GET UGLY"
ST02063,T02063,social,2026-09-10 20:25:00,PFE,company,-0.756,Product Launch,5.2,0.987,"$PFE product recall, yikes 😬"
ST02064,T02064,social,2026-09-10 20:27:00,JPM,company,-0.518,Other,2.9,0.995,$JPM getting hammered rn 📉
ST02065,T02065,social,2026-09-10 20:37:00,,market,0.14,Macroeconomic,6.1,0.986,"inflation print hot, fed won't cut 😬 #Fed"
SN00938,N00938,news,2026-09-10 20:44:00,GS,company,0.001,Product Launch,2.3,0.959,Goldman Sachs announces date for its next digital banking app event. Analysts said it was too early to assess any lasting impact.
ST02066,T02066,social,2026-09-10 20:55:00,AMZN,company,-0.189,Other,1.7,0.995,$AMZN volume is low today #trading
ST02067,T02067,social,2026-09-10 20:58:00,,market,0.714,Geopolitical,6.0,0.969,"TRADE DEAL SIGNED, FINALLY GOOD NEWS 🎉"
SN00939,N00939,news,2026-09-11 06:03:00,GS,company,0.712,Product Launch,3.0,0.972,Goldman Sachs launches trading platform to strong reviews. Traders cited improving fundamentals and strong momentum.
ST02068,T02068,social,2026-09-11 06:11:00,AMZN,company,-0.518,Other,2.9,0.996,$AMZN getting hammered rn 📉
SN00940,N00940,news,2026-09-11 06:30:00,CVX,company,-0.657,Regulatory/Legal,6.3,0.962,"Chevron loses court ruling, appeal expected, sending shares lower. Investors reacted cautiously, citing uncertainty over near-term outlook."
SN00941,N00941,news,2026-09-11 07:06:00,JPM,company,0.779,Regulatory/Legal,4.5,0.971,JPMorgan Chase wins regulatory approval for its digital banking app. Traders cited improving fundamentals and strong momentum.
ST02069,T02069,social,2026-09-11 07:21:00,JPM,company,-0.639,Earnings,5.2,0.989,"$JPM margins shrinking, earnings were weak"
SN00942,N00942,news,2026-09-11 07:35:00,WMT,company,0.803,Product Launch,6.2,0.961,Walmart launches beverage line to strong reviews in a landmark result. Traders cited improving fundamentals and strong momentum.
ST02070,T02070,social,2026-09-11 07:49:00,MSFT,company,-0.001,Other,2.0,0.996,anyone have thoughts on $MSFT? 🤔
ST02071,T02071,social,2026-09-11 07:57:00,JPM,company,-0.742,Other,3.1,0.996,$JPM looks bad 😬 bearish
ST02072,T02072,social,2026-09-11 08:24:00,NVDA,company,-0.194,Other,1.9,0.995,$NVDA volume is low today 👀
SN00943,N00943,news,2026-09-11 08:30:00,NVDA,company,0.803,Credit Event,6.2,0.96,"NVIDIA refinances debt at lower rates and extends maturities, sparking a strong rally. Traders cited improving fundamentals and strong momen"
SN00944,N00944,news,2026-09-11 08:34:00,GS,company,0.827,Credit Event,5.4,0.951,"a major rating agency upgrades Goldman Sachs to AA on improving leverage, lifting shares. Traders cited improving fundamentals and strong mo"
ST02073,T02073,social,2026-09-11 08:43:00,JPM,company,-0.748,Product Launch,5.4,0.967,"$JPM product recall, yikes 😬 #stocks"
SN00945,N00945,news,2026-09-11 08:56:00,KO,company,-0.851,Product Launch,7.9,0.963,"Coca-Cola recalls beverage line over safety defect, triggering a sharp selloff. Analysts flagged downside risks and trimmed their estimates."
ST02074,T02074,social,2026-09-11 09:19:00,GOOGL,company,-0.194,Other,1.9,0.995,$GOOGL volume is low today
ST02075,T02075,social,2026-09-11 09:24:00,WMT,company,-0.001,Other,2.0,0.996,"RT @user_4362: $WMT flat, nothing happening"
SN00946,N00946,news,2026-09-11 09:56:00,JNJ,company,-0.769,Regulatory/Legal,8.0,0.942,"Johnson & Johnson hit with $3200m fine by regulators, triggering a sharp selloff. Investors reacted cautiously, citing uncertainty over near"
ST02076,T02076,social,2026-09-11 10:12:00,CVX,company,-0.195,Other,1.9,0.996,RT @user_7153: $CVX volume is low today
ST02077,T02077,social,2026-09-11 10:20:00,CVX,company,-0.743,Other,3.1,0.996,$CVX looks bad 😬 bearish
ST02078,T02078,social,2026-09-11 10:47:00,CVX,company,0.0,Other,2.0,0.997,watching $CVX today
ST02079,T02079,social,2026-09-11 10:49:00,XOM,company,0.437,Other,3.0,0.994,$XOM looking strong today 🚀
ST02080,T02080,social,2026-09-11 10:50:00,KO,company,-0.566,Merger/Acquisition,5.3,0.977,"$KO merger facing antitrust heat, deal at risk #stocks"
ST02081,T02081,social,2026-09-11 10:57:00,JNJ,company,-0.552,Credit Event,5.4,0.984,"$JNJ downgraded, spreads widening ⚠️ #credit"
ST02082,T02082,social,2026-09-11 11:35:00,JNJ,company,-0.192,Other,1.9,0.996,$JNJ volume is low today
ST02083,T02083,social,2026-09-11 11:55:00,JPM,company,-0.529,Regulatory/Legal,5.2,0.986,"$JPM fined again, regulators not messing around 👀"
ST02084,T02084,social,2026-09-11 13:07:00,NVDA,company,0.001,Other,1.9,0.996,ANYONE HAVE THOUGHTS ON $NVDA?
SN00947,N00947,news,2026-09-11 13:12:00,GOOGL,company,-0.812,Earnings,6.3,0.981,Alphabet cuts full-year outlook citing weak demand. Analysts flagged downside risks and trimmed their estimates.
SN00948,N00948,news,2026-09-11 13:38:00,KO,company,0.651,Product Launch,4.4,0.974,"Coca-Cola unveils new beverage line, early orders exceed expectations. Traders cited improving fundamentals and strong momentum."
ST02085,T02085,social,2026-09-11 14:16:00,GOOGL,company,-0.002,Other,1.9,0.996,watching $GOOGL today 🤔
SN00949,N00949,news,2026-09-11 14:20:00,MSFT,company,0.205,Credit Event,2.1,0.919,S&P-style agency affirms Microsoft at BBB+ with a stable outlook. Analysts said it was too early to assess any lasting impact.
ST02086,T02086,social,2026-09-11 14:32:00,GOOGL,company,-0.054,Merger/Acquisition,5.1,0.99,$GOOGL acquisition could be a game changer 👀🔥
ST02087,T02087,social,2026-09-11 14:50:00,JPM,company,0.51,Merger/Acquisition,3.1,0.994,"bought more $JPM on the dip, feeling good 📈"
ST02088,T02088,social,2026-09-11 14:57:00,KO,company,-0.177,Other,2.7,0.984,$KO BREAKOUT INCOMING?? 🔥 #MARKETS
ST02089,T02089,social,2026-09-11 15:22:00,WMT,company,-0.518,Other,2.9,0.996,$WMT getting hammered rn 📉
SN00950,N00950,news,2026-09-11 15:58:00,GOOGL,company,-0.82,Regulatory/Legal,7.8,0.944,"Alphabet faces new government investigation into its practices, triggering a sharp selloff. Investors reacted cautiously, citing uncertainty"
SN00951,N00951,news,2026-09-11 16:22:00,MSFT,company,0.834,Earnings,6.3,0.979,"Microsoft posts record profit, with earnings per share ahead of consensus. Traders cited improving fundamentals and strong momentum."
SN00952,N00952,news,2026-09-11 16:25:00,,market,0.778,Geopolitical,7.0,0.9,"Ceasefire in the Red Sea lifts global risk appetite in a landmark result. Investors responded positively, with analysts raising price target"
SN00953,N00953,news,2026-09-11 16:28:00,JNJ,company,-0.776,Earnings,7.8,0.962,Johnson & Johnson reports revenue decline of 12.3% year over year in what analysts call a major shock. Analysts flagged downside risks and t
ST02090,T02090,social,2026-09-11 16:34:00,KO,company,-0.152,Other,3.1,0.995,$KO breakout incoming?? 🔥
ST02091,T02091,social,2026-09-11 16:45:00,GS,company,0.51,Merger/Acquisition,3.1,0.994,"bought more $GS on the dip, feeling good 📈 👀"
ST02092,T02092,social,2026-09-11 17:05:00,BAC,company,0.553,Earnings,5.6,0.986,$BAC earnings beat!! EPS way above estimates 🚀 💬
SN00954,N00954,news,2026-09-11 17:13:00,NVDA,company,0.201,Credit Event,2.7,0.942,Moody's-style agency affirms NVIDIA at BBB+ with a stable outlook. The development was largely expected by market participants.
SN00955,N00955,news,2026-09-11 17:20:00,GS,company,0.871,Earnings,6.8,0.976,"Goldman Sachs raises full-year guidance after a strong quarter, sparking a strong rally. Investors responded positively, with analysts raisi"
ST02093,T02093,social,2026-09-11 17:32:00,,market,-0.698,Macroeconomic,6.2,0.987,recession signals flashing red 🚨 #macro 🔥
ST02094,T02094,social,2026-09-11 17:47:00,GS,company,-0.002,Other,2.0,0.996,"$GS flat, nothing happening"
SN00956,N00956,news,2026-09-11 18:12:00,KO,company,0.817,Product Launch,5.9,0.97,"Coca-Cola unveils new delivery service, early orders exceed expectations, sparking a strong rally. Investors responded positively, with anal"
ST02095,T02095,social,2026-09-11 18:30:00,WMT,company,-0.007,Other,2.0,0.991,"$WMT flat, nothing happening #trading"
ST02096,T02096,social,2026-09-11 18:52:00,GOOGL,company,-0.001,Other,2.0,0.996,"$GOOGL flat, nothing happening"
SN00957,N00957,news,2026-09-11 19:10:00,GOOGL,company,0.203,Credit Event,2.5,0.92,Moody's-style agency affirms Alphabet at A with a stable outlook. The development was largely expected by market participants.
SN00958,N00958,news,2026-09-11 19:46:00,BAC,company,0.71,Regulatory/Legal,3.6,0.971,"Bank of America settles lawsuit on favourable terms, lifting shares. Traders cited improving fundamentals and strong momentum."
ST02097,T02097,social,2026-09-11 20:10:00,WMT,company,-0.552,Merger/Acquisition,5.1,0.966,$WMT OVERPAYING FOR THIS ACQUISITION IMO #TRADING 👀
ST02098,T02098,social,2026-09-11 20:13:00,GOOGL,company,-0.055,Earnings,5.5,0.982,"$GOOGL smashing guidance, loading up 📈 🔥"
ST02099,T02099,social,2026-09-11 20:25:00,JNJ,company,-0.637,Earnings,5.4,0.988,"$JNJ margins shrinking, earnings were weak 👀"
ST02100,T02100,social,2026-09-11 20:54:00,JNJ,company,-0.348,Other,2.8,0.994,"sold my $JNJ, not liking this"
ST02101,T02101,social,2026-09-14 06:36:00,AMZN,company,0.074,Product Launch,5.2,0.991,$AMZN new launch looks 🔥 early demand is huge
ST02102,T02102,social,2026-09-14 07:15:00,NVDA,company,0.435,Other,3.0,0.995,RT @user_2468: $NVDA looking strong today 🚀
ST02103,T02103,social,2026-09-14 07:20:00,NVDA,company,0.51,Merger/Acquisition,3.1,0.994,"bought more $NVDA on the dip, feeling good 📈"
ST02104,T02104,social,2026-09-14 07:44:00,KO,company,-0.566,Merger/Acquisition,5.2,0.971,"$KO merger facing antitrust heat, deal at risk #markets"
ST02105,T02105,social,2026-09-14 08:05:00,KO,company,-0.471,Merger/Acquisition,4.8,0.979,$KO overpaying for this acquisition imo #markets
SN00959,N00959,news,2026-09-14 08:08:00,MSFT,company,0.756,Merger/Acquisition,5.8,0.973,Microsoft to acquire a rival in a $7bn deal expected to boost margins. Traders cited improving fundamentals and strong momentum.
SN00960,N00960,news,2026-09-14 08:18:00,WMT,company,0.637,Product Launch,3.1,0.949,"Walmart launches private-label line to strong reviews. Investors responded positively, with analysts raising price targets."
ST02106,T02106,social,2026-09-14 08:23:00,JNJ,company,-0.743,Other,3.1,0.996,$JNJ looks bad 😬 bearish
SN00961,N00961,news,2026-09-14 09:12:00,BAC,company,0.828,Merger/Acquisition,7.8,0.957,Bank of America to acquire a rival in a $10bn deal expected to boost margins in a landmark result. Traders cited improving fundamentals and 
ST02107,T02107,social,2026-09-14 10:08:00,JPM,company,-0.005,Other,2.1,0.992,"$JPM FLAT, NOTHING HAPPENING #STOCKS"
ST02108,T02108,social,2026-09-14 10:31:00,JNJ,company,-0.001,Other,1.9,0.996,ANYONE HAVE THOUGHTS ON $JNJ?
SN00962,N00962,news,2026-09-14 10:32:00,NVDA,company,0.793,Product Launch,6.0,0.942,NVIDIA launches AI chip to strong reviews in a landmark result. Traders cited improving fundamentals and strong momentum.
ST02109,T02109,social,2026-09-14 10:43:00,XOM,company,-0.189,Other,2.1,0.994,$XOM volume is low today #stocks
ST02110,T02110,social,2026-09-14 11:21:00,JNJ,company,-0.597,Product Launch,4.7,0.97,"$JNJ delaying the launch again, not good #markets"
SN00963,N00963,news,2026-09-14 11:24:00,AMZN,company,0.699,Product Launch,6.6,0.949,"Amazon unveils new private-label line, early orders exceed expectations in a landmark result. Investors responded positively, with analysts "
ST02111,T02111,social,2026-09-14 11:33:00,WMT,company,-0.572,Credit Event,5.3,0.975,"$WMT debt worries growing, bonds selling off #markets"
ST02112,T02112,social,2026-09-14 11:42:00,JNJ,company,-0.185,Other,2.2,0.994,$JNJ volume is low today #markets
ST02113,T02113,social,2026-09-14 12:05:00,JPM,company,-0.559,Other,2.7,0.994,"sold my $JPM, not liking this 🔥"
ST02114,T02114,social,2026-09-14 12:24:00,PFE,company,0.548,Earnings,5.2,0.988,RT @user_8608: $PFE earnings beat!! EPS way above estimates 🚀
ST02115,T02115,social,2026-09-14 12:28:00,WMT,company,-0.053,Merger/Acquisition,5.1,0.99,$WMT acquisition could be a game changer 👀🔥
SN00964,N00964,news,2026-09-14 12:28:00,JPM,company,-0.001,Earnings,2.0,0.962,JPMorgan Chase earnings come in line with analyst expectations. The development was largely expected by market participants.
ST02116,T02116,social,2026-09-14 12:45:00,,market,-0.839,Geopolitical,6.2,0.987,"war escalating, markets gonna bleed 😰 #markets"
SN00965,N00965,news,2026-09-14 13:59:00,NVDA,company,-0.881,Credit Event,8.3,0.939,"a major rating agency downgrades NVIDIA to A+ amid rising debt, triggering a sharp selloff. Investors reacted cautiously, citing uncertainty"
ST02117,T02117,social,2026-09-14 15:01:00,GS,company,-0.055,Merger/Acquisition,5.1,0.99,$GS acquisition could be a game changer 👀🔥
ST02118,T02118,social,2026-09-14 15:04:00,CVX,company,0.53,Earnings,4.9,0.975,$CVX earnings beat!! EPS way above estimates 🚀 #markets 💬
ST02119,T02119,social,2026-09-14 15:06:00,BAC,company,0.699,Credit Event,5.2,0.99,"$BAC credit upgrade, balance sheet looking healthier ✅"
ST02120,T02120,social,2026-09-14 15:43:00,GOOGL,company,-0.008,Other,1.8,0.991,anyone have thoughts on $GOOGL? #trading
ST02121,T02121,social,2026-09-14 16:36:00,JPM,company,-0.001,Other,1.9,0.996,anyone have thoughts on $JPM?
ST02122,T02122,social,2026-09-14 16:46:00,JPM,company,0.809,Regulatory/Legal,5.0,0.994,RT @user_2881: $JPM wins approval 🎉 big relief 💬
ST02123,T02123,social,2026-09-14 17:24:00,CVX,company,-0.15,Other,3.1,0.996,$CVX breakout incoming?? 🔥
ST02124,T02124,social,2026-09-14 17:32:00,AAPL,company,-0.348,Other,2.8,0.995,"sold my $AAPL, not liking this"
ST02125,T02125,social,2026-09-14 17:33:00,META,company,0.776,Regulatory/Legal,4.5,0.974,$META wins approval 🎉 big relief #investing
ST02126,T02126,social,2026-09-14 17:38:00,WMT,company,-0.519,Other,3.0,0.995,$WMT getting hammered rn 📉
ST02127,T02127,social,2026-09-14 17:43:00,WMT,company,0.509,Merger/Acquisition,3.1,0.993,"bought more $WMT on the dip, feeling good 📈"
ST02129,T02129,social,2026-09-14 18:19:00,GOOGL,company,-0.003,Other,1.9,0.996,"$GOOGL FLAT, NOTHING HAPPENING"
ST02128,T02128,social,2026-09-14 18:19:00,PFE,company,0.646,Other,3.0,0.988,"$PFE crushing it, bullish #trading"
SN00966,N00966,news,2026-09-14 18:29:00,AMZN,company,0.757,Product Launch,3.6,0.944,"Amazon launches private-label line to strong reviews, lifting shares. Investors responded positively, with analysts raising price targets."
ST02130,T02130,social,2026-09-14 19:23:00,NVDA,company,-0.055,Merger/Acquisition,5.0,0.99,$NVDA acquisition could be a game changer 👀🔥
ST02131,T02131,social,2026-09-14 19:25:00,CVX,company,0.076,Product Launch,5.2,0.991,$CVX new launch looks 🔥 early demand is huge
ST02132,T02132,social,2026-09-14 19:26:00,,market,-0.839,Geopolitical,6.2,0.987,"war escalating, markets gonna bleed 😰 #markets"
ST02133,T02133,social,2026-09-14 20:00:00,PFE,company,0.5,Merger/Acquisition,2.9,0.991,"bought more $PFE on the dip, feeling good 📈 #trading"
SN00967,N00967,news,2026-09-14 20:09:00,JPM,company,-0.005,Merger/Acquisition,2.3,0.946,JPMorgan Chase confirms it is in talks over a possible acquisition. The development was largely expected by market participants.
ST02134,T02134,social,2026-09-14 20:21:00,,market,0.49,Macroeconomic,5.3,0.969,"CPI COOLED, RATE CUTS SOON? 📈 #FED #STOCKS"
ST02135,T02135,social,2026-09-15 06:19:00,JPM,company,0.574,Other,3.0,0.993,"$JPM crushing it, bullish 🔥"
ST02136,T02136,social,2026-09-15 06:20:00,AAPL,company,-0.571,Credit Event,5.3,0.986,"$AAPL debt worries growing, bonds selling off 📊"
ST02137,T02137,social,2026-09-15 06:47:00,AAPL,company,-0.586,Other,2.9,0.995,$AAPL GETTING HAMMERED RN 📉
SN00968,N00968,news,2026-09-15 06:53:00,MSFT,company,0.0,Regulatory/Legal,2.1,0.947,Regulators open consultation on rules affecting the Technology sector. Analysts said it was too early to assess any lasting impact.
SN00969,N00969,news,2026-09-15 07:28:00,,market,0.858,Geopolitical,5.8,0.921,"Trade agreement signed with partners in Eastern Europe cheers markets, sparking a strong rally. Investors responded positively, with analyst"
SN00970,N00970,news,2026-09-15 07:33:00,,market,-0.822,Geopolitical,7.1,0.961,"Tariffs on imports from the Red Sea spark fears of a trade war. Investors reacted cautiously, citing uncertainty over near-term outlook."
ST02138,T02138,social,2026-09-15 07:33:00,AAPL,company,-0.659,Other,3.0,0.995,ugh $AAPL again... down bad 🤔
ST02139,T02139,social,2026-09-15 07:49:00,XOM,company,0.056,Product Launch,5.1,0.985,$XOM new launch looks 🔥 early demand is huge #trading
ST02140,T02140,social,2026-09-15 07:57:00,AAPL,company,-0.001,Other,1.9,0.996,anyone have thoughts on $AAPL? 🤔
SN00971,N00971,news,2026-09-15 08:04:00,BAC,company,0.811,Earnings,7.7,0.971,"Bank of America beats quarterly earnings estimates as revenue climbs 13.3% in a landmark result. Investors responded positively, with analys"
SN00972,N00972,news,2026-09-15 08:15:00,AAPL,company,-0.67,Product Launch,4.2,0.974,Apple delays cloud platform launch after quality issues. Analysts flagged downside risks and trimmed their estimates.
ST02141,T02141,social,2026-09-15 08:44:00,KO,company,-0.003,Other,1.9,0.996,"$KO flat, nothing happening"
SN00973,N00973,news,2026-09-15 09:03:00,GOOGL,company,0.821,Earnings,7.7,0.978,"Alphabet beats quarterly earnings estimates as revenue climbs 12.7% in a landmark result. Investors responded positively, with analysts rais"
ST02142,T02142,social,2026-09-15 09:04:00,AAPL,company,-0.554,Credit Event,5.4,0.984,"RT @user_3155: $AAPL downgraded, spreads widening ⚠️ #credit 💬"
SN00974,N00974,news,2026-09-15 09:07:00,META,company,-0.869,Earnings,7.7,0.967,Meta Platforms misses earnings expectations as margins shrink in what analysts call a major shock. Analysts flagged downside risks and trimm
SN00975,N00975,news,2026-09-15 09:24:00,JPM,company,-0.747,Merger/Acquisition,6.9,0.921,"JPMorgan Chase walks away from $36bn takeover talks in what analysts call a major shock. Investors reacted cautiously, citing uncertainty ov"
SN00976,N00976,news,2026-09-15 09:32:00,AAPL,company,-0.785,Credit Event,6.7,0.931,"Apple raises loan loss provisions by 2.7% as defaults rise, sending shares lower. Analysts flagged downside risks and trimmed their estimate"
SN00977,N00977,news,2026-09-15 10:15:00,AMZN,company,0.585,Regulatory/Legal,6.0,0.963,"Amazon settles lawsuit on favourable terms in a landmark result. Investors responded positively, with analysts raising price targets."
ST02143,T02143,social,2026-09-15 10:37:00,BAC,company,-0.187,Other,1.9,0.995,$BAC volume is low today #trading 💬
ST02144,T02144,social,2026-09-15 10:44:00,META,company,-0.742,Other,3.1,0.996,$META looks bad 😬 bearish
ST02145,T02145,social,2026-09-15 10:46:00,CVX,company,-0.003,Other,1.9,0.996,"$CVX flat, nothing happening"
ST02146,T02146,social,2026-09-15 11:03:00,WMT,company,-0.658,Other,2.9,0.995,ugh $WMT again... down bad
ST02147,T02147,social,2026-09-15 11:32:00,,market,0.488,Macroeconomic,6.0,0.98,"jobs data strong, soft landing vibes ✅ #macro 📊"
ST02148,T02148,social,2026-09-15 11:37:00,NVDA,company,0.436,Other,3.0,0.995,RT @user_2951: $NVDA looking strong today 🚀
ST02149,T02149,social,2026-09-15 11:52:00,META,company,0.713,Other,3.1,0.984,"$META CRUSHING IT, BULLISH #MARKETS"
ST02150,T02150,social,2026-09-15 11:52:00,KO,company,-0.654,Other,3.2,0.992,ugh $KO again... down bad #investing
SN00978,N00978,news,2026-09-15 11:58:00,JNJ,company,-0.734,Product Launch,6.1,0.97,Johnson & Johnson recalls vaccine over safety defect. Analysts flagged downside risks and trimmed their estimates.
ST02151,T02151,social,2026-09-15 12:18:00,AAPL,company,-0.778,Regulatory/Legal,4.6,0.987,"$AAPL UNDER INVESTIGATION, THIS COULD GET UGLY 🔥"
ST02152,T02152,social,2026-09-15 12:24:00,BAC,company,0.501,Merger/Acquisition,3.2,0.991,"bought more $BAC on the dip, feeling good 📈 #stocks"
ST02153,T02153,social,2026-09-15 12:34:00,META,company,-0.003,Other,1.9,0.996,"$META FLAT, NOTHING HAPPENING"
ST02154,T02154,social,2026-09-15 12:47:00,,market,0.14,Macroeconomic,6.1,0.986,"RT @user_4944: inflation print hot, fed won't cut 😬 #Fed 🤔"
ST02155,T02155,social,2026-09-15 13:09:00,,market,0.491,Macroeconomic,6.0,0.979,"jobs data strong, soft landing vibes ✅ #macro"
ST02156,T02156,social,2026-09-15 13:30:00,MSFT,company,-0.001,Other,1.9,0.996,anyone have thoughts on $MSFT?
ST02157,T02157,social,2026-09-15 13:31:00,WMT,company,-0.544,Credit Event,4.9,0.985,"$WMT downgraded, spreads widening ⚠️ #credit"
ST02158,T02158,social,2026-09-15 13:33:00,META,company,0.525,Other,3.1,0.995,$META LOOKING STRONG TODAY 🚀 💬
ST02159,T02159,social,2026-09-15 13:47:00,XOM,company,-0.515,Other,2.9,0.995,$XOM getting hammered rn 📉
SN00979,N00979,news,2026-09-15 13:47:00,,market,-0.594,Geopolitical,8.2,0.95,"New sanctions disrupt energy supply chains linked to the South China Sea, sending shares lower. Investors reacted cautiously, citing uncerta"
ST02160,T02160,social,2026-09-15 13:53:00,MSFT,company,-0.147,Other,3.2,0.996,$MSFT breakout incoming?? 🔥 👀
SN00980,N00980,news,2026-09-15 13:54:00,JPM,company,-0.782,Earnings,7.9,0.968,JPMorgan Chase reports revenue decline of 4.6% year over year in what analysts call a major shock. Analysts flagged downside risks and trimm
SN00981,N00981,news,2026-09-15 14:38:00,,market,-0.747,Macroeconomic,8.4,0.885,"GDP contracts by 11.0% in surprise slowdown, sending shares lower. Investors reacted cautiously, citing uncertainty over near-term outlook."
ST02161,T02161,social,2026-09-15 14:42:00,BAC,company,-0.35,Other,3.1,0.993,"sold my $BAC, not liking this #trading"
ST02162,T02162,social,2026-09-15 14:58:00,WMT,company,-0.0,Other,2.0,0.997,watching $WMT today
SN00982,N00982,news,2026-09-15 15:11:00,CVX,company,0.857,Merger/Acquisition,7.1,0.942,"Chevron to acquire a rival in a $6bn deal expected to boost margins, sparking a strong rally. Investors responded positively, with analysts "
SN00983,N00983,news,2026-09-15 15:24:00,,market,-0.001,Macroeconomic,2.0,0.932,Central bank minutes due for release on Wednesday. The development was largely expected by market participants.
ST02163,T02163,social,2026-09-15 15:26:00,XOM,company,0.509,Merger/Acquisition,3.1,0.993,"bought more $XOM on the dip, feeling good 📈"
ST02164,T02164,social,2026-09-15 15:32:00,AMZN,company,-0.001,Other,2.0,0.992,watching $AMZN today #stocks
SN00984,N00984,news,2026-09-15 15:36:00,MSFT,company,0.201,Credit Event,2.4,0.925,S&P-style agency affirms Microsoft at BBB+ with a stable outlook. Analysts said it was too early to assess any lasting impact.
ST02165,T02165,social,2026-09-15 16:00:00,MSFT,company,0.548,Earnings,5.4,0.982,$MSFT earnings beat!! EPS way above estimates 🚀 #investing
ST02166,T02166,social,2026-09-15 16:00:00,GS,company,-0.001,Other,2.0,0.996,anyone have thoughts on $GS?
ST02167,T02167,social,2026-09-15 16:10:00,JNJ,company,-0.003,Other,1.9,0.996,"$JNJ flat, nothing happening"
ST02168,T02168,social,2026-09-15 16:36:00,,market,0.569,Geopolitical,5.6,0.964,ceasefire!! risk on 🟢 #markets #investing
SN00985,N00985,news,2026-09-15 16:42:00,META,company,-0.811,Product Launch,7.0,0.959,Meta Platforms delays streaming service launch after quality issues in what analysts call a major shock. Analysts flagged downside risks and
ST02169,T02169,social,2026-09-15 17:03:00,XOM,company,-0.726,Regulatory/Legal,4.4,0.984,"$XOM UNDER INVESTIGATION, THIS COULD GET UGLY"
ST02170,T02170,social,2026-09-15 17:08:00,,market,0.521,Macroeconomic,6.0,0.978,"RT @user_2795: cpi cooled, rate cuts soon? 📈 #Fed"
ST02171,T02171,social,2026-09-15 17:28:00,BAC,company,-0.658,Other,2.9,0.995,ugh $BAC again... down bad
ST02172,T02172,social,2026-09-15 17:33:00,CVX,company,-0.16,Other,3.3,0.989,RT @user_1709: $CVX breakout incoming?? 🔥 #stocks
SN00986,N00986,news,2026-09-15 17:57:00,BAC,company,0.823,Product Launch,5.9,0.965,"Bank of America launches wealth platform to strong reviews in a landmark result. Investors responded positively, with analysts raising price"
ST02173,T02173,social,2026-09-15 18:14:00,CVX,company,-0.008,Other,2.3,0.991,"$CVX flat, nothing happening #investing"
ST02174,T02174,social,2026-09-15 18:39:00,GOOGL,company,0.685,Credit Event,5.3,0.981,"RT @user_9690: $GOOGL credit upgrade, balance sheet looking healthier ✅ #stocks 🤔"
ST02175,T02175,social,2026-09-15 19:17:00,BAC,company,-0.002,Other,1.9,0.996,watching $BAC today
ST02176,T02176,social,2026-09-15 19:21:00,GS,company,-0.346,Other,2.7,0.994,"sold my $GS, not liking this"
ST02177,T02177,social,2026-09-15 19:33:00,JPM,company,-0.001,Other,1.9,0.996,ANYONE HAVE THOUGHTS ON $JPM?
ST02178,T02178,social,2026-09-15 19:53:00,NVDA,company,0.42,Other,3.1,0.991,$NVDA looking strong today 🚀 #markets
ST02179,T02179,social,2026-09-15 19:55:00,MSFT,company,0.699,Credit Event,5.2,0.99,"$MSFT credit upgrade, balance sheet looking healthier ✅"
ST02180,T02180,social,2026-09-15 19:57:00,AAPL,company,-0.743,Other,3.1,0.996,$AAPL looks bad 😬 bearish
ST02181,T02181,social,2026-09-15 20:00:00,MSFT,company,-0.001,Other,1.9,0.996,anyone have thoughts on $MSFT?
SN00987,N00987,news,2026-09-15 20:21:00,WMT,company,0.853,Earnings,6.6,0.97,"Walmart beats quarterly earnings estimates as revenue climbs 10.3%, sparking a strong rally. Investors responded positively, with analysts r"
SN00988,N00988,news,2026-09-15 20:39:00,PFE,company,0.729,Credit Event,4.8,0.96,"Pfizer refinances debt at lower rates and extends maturities, lifting shares. Traders cited improving fundamentals and strong momentum."
ST02182,T02182,social,2026-09-15 20:42:00,PFE,company,0.668,Other,3.1,0.994,"$PFE crushing it, bullish"
ST02183,T02183,social,2026-09-15 20:45:00,,market,-0.78,Geopolitical,6.4,0.978,sanctions + tariffs = chaos for stocks 📉 #geopolitics
ST02184,T02184,social,2026-09-15 20:57:00,,market,-0.776,Geopolitical,6.4,0.977,sanctions + tariffs = chaos for stocks 📉 #geopolitics #stocks 📊
ST02185,T02185,social,2026-09-16 06:35:00,META,company,-0.347,Other,2.9,0.991,"sold my $META, not liking this #markets"
ST02187,T02187,social,2026-09-16 07:01:00,AAPL,company,-0.637,Earnings,5.4,0.988,"$AAPL margins shrinking, earnings were weak"
ST02186,T02186,social,2026-09-16 07:01:00,AMZN,company,0.073,Product Launch,5.1,0.991,$AMZN new launch looks 🔥 early demand is huge
SN00989,N00989,news,2026-09-16 07:23:00,JPM,company,-0.003,Earnings,2.3,0.938,JPMorgan Chase to report quarterly results next week. Analysts said it was too early to assess any lasting impact.
SN00990,N00990,news,2026-09-16 07:27:00,META,company,-0.004,Merger/Acquisition,2.2,0.937,Meta Platforms confirms it is in talks over a possible acquisition. Analysts said it was too early to assess any lasting impact.
ST02188,T02188,social,2026-09-16 07:38:00,JNJ,company,-0.348,Other,2.8,0.994,"RT @user_8692: sold my $JNJ, not liking this"
ST02189,T02189,social,2026-09-16 07:44:00,KO,company,-0.64,Earnings,5.1,0.989,"RT @user_6024: $KO margins shrinking, earnings were weak"
SN00991,N00991,news,2026-09-16 08:11:00,JNJ,company,-0.881,Credit Event,8.6,0.936,Johnson & Johnson bond spreads widen on liquidity concerns in what analysts call a major shock. Analysts flagged downside risks and trimmed 
SN00992,N00992,news,2026-09-16 08:33:00,CVX,company,0.8,Product Launch,5.8,0.945,"Chevron unveils new offshore field, early orders exceed expectations, sparking a strong rally. Investors responded positively, with analysts"
SN00993,N00993,news,2026-09-16 08:39:00,KO,company,-0.777,Product Launch,7.0,0.966,"Coca-Cola delays delivery service launch after quality issues in what analysts call a major shock. Investors reacted cautiously, citing unce"
SN00994,N00994,news,2026-09-16 09:08:00,AAPL,company,0.203,Credit Event,2.5,0.921,Moody's-style agency affirms Apple at AA with a stable outlook. Analysts said it was too early to assess any lasting impact.
SN00995,N00995,news,2026-09-16 09:32:00,PFE,company,0.788,Regulatory/Legal,5.1,0.967,"Pfizer settles lawsuit on favourable terms, sparking a strong rally. Traders cited improving fundamentals and strong momentum."
ST02190,T02190,social,2026-09-16 09:37:00,KO,company,-0.743,Other,3.1,0.996,$KO looks bad 😬 bearish
ST02191,T02191,social,2026-09-16 09:38:00,AMZN,company,-0.003,Other,1.9,0.996,"$AMZN flat, nothing happening"
ST02192,T02192,social,2026-09-16 09:42:00,AAPL,company,-0.001,Other,2.0,0.996,"$AAPL flat, nothing happening"
SN00996,N00996,news,2026-09-16 09:53:00,XOM,company,0.882,Regulatory/Legal,6.0,0.954,"Exxon Mobil wins regulatory approval for its renewables unit, sparking a strong rally. Traders cited improving fundamentals and strong momen"
SN00997,N00997,news,2026-09-16 09:57:00,AAPL,company,-0.614,Product Launch,5.5,0.971,"Apple delays cloud platform launch after quality issues, sending shares lower. Investors reacted cautiously, citing uncertainty over near-te"
ST02193,T02193,social,2026-09-16 10:15:00,,market,0.516,Macroeconomic,5.7,0.984,"cpi cooled, rate cuts soon? 📈 #Fed 👀"
ST02194,T02194,social,2026-09-16 10:18:00,GS,company,-0.569,Credit Event,5.2,0.984,"$GS debt worries growing, bonds selling off"
ST02195,T02195,social,2026-09-16 10:28:00,PFE,company,-0.193,Other,2.0,0.996,$PFE volume is low today
ST02196,T02196,social,2026-09-16 10:41:00,GOOGL,company,-0.348,Other,2.8,0.995,"sold my $GOOGL, not liking this"
ST02197,T02197,social,2026-09-16 11:03:00,AAPL,company,-0.771,Other,3.1,0.996,$AAPL LOOKS BAD 😬 BEARISH
SN00998,N00998,news,2026-09-16 11:08:00,MSFT,company,0.853,Merger/Acquisition,6.4,0.948,"Microsoft completes acquisition ahead of schedule, synergies seen, sparking a strong rally. Traders cited improving fundamentals and strong "
SN00999,N00999,news,2026-09-16 11:45:00,WMT,company,0.001,Merger/Acquisition,2.4,0.956,Walmart confirms it is in talks over a possible acquisition. Analysts said it was too early to assess any lasting impact.
ST02198,T02198,social,2026-09-16 11:52:00,KO,company,-0.659,Other,3.0,0.995,RT @user_9565: ugh $KO again... down bad
ST02199,T02199,social,2026-09-16 12:04:00,JPM,company,-0.659,Other,3.0,0.995,ugh $JPM again... down bad 👀
ST02200,T02200,social,2026-09-16 13:30:00,CVX,company,0.074,Product Launch,5.2,0.991,$CVX new launch looks 🔥 early demand is huge
ST02201,T02201,social,2026-09-16 13:52:00,AAPL,company,-0.002,Other,2.0,0.997,watching $AAPL today 📊
ST02202,T02202,social,2026-09-16 14:02:00,XOM,company,0.647,Other,3.1,0.988,"$XOM crushing it, bullish #investing 📊"
SN01000,N01000,news,2026-09-16 14:30:00,AAPL,company,-0.428,Earnings,5.2,0.982,"Apple reports revenue decline of 8.3% year over year. Investors reacted cautiously, citing uncertainty over near-term outlook."
SN01001,N01001,news,2026-09-16 14:51:00,BAC,company,0.785,Regulatory/Legal,5.0,0.964,"Bank of America settles lawsuit on favourable terms, sparking a strong rally. Traders cited improving fundamentals and strong momentum."
SN01002,N01002,news,2026-09-16 15:04:00,PFE,company,0.807,Merger/Acquisition,6.1,0.953,"Pfizer to acquire a rival in a $22bn deal expected to boost margins, lifting shares. Investors responded positively, with analysts raising p"
ST02203,T02203,social,2026-09-16 15:21:00,KO,company,0.178,Other,2.3,0.992,"$KO flat, nothing happening #stocks 🔥"
ST02204,T02204,social,2026-09-16 15:31:00,BAC,company,-0.658,Other,2.9,0.995,ugh $BAC again... down bad
SN01003,N01003,news,2026-09-16 15:43:00,AAPL,company,-0.855,Regulatory/Legal,7.8,0.961,"Apple faces new government investigation into its practices, triggering a sharp selloff. Analysts flagged downside risks and trimmed their e"
ST02205,T02205,social,2026-09-16 15:54:00,KO,company,-0.47,Merger/Acquisition,5.0,0.982,$KO overpaying for this acquisition imo
ST02206,T02206,social,2026-09-16 16:01:00,MSFT,company,-0.067,Merger/Acquisition,5.0,0.979,$MSFT acquisition could be a game changer 👀🔥 #markets
ST02207,T02207,social,2026-09-16 16:28:00,XOM,company,0.061,Product Launch,5.1,0.983,RT @user_4466: $XOM new launch looks 🔥 early demand is huge #markets
ST02208,T02208,social,2026-09-16 16:53:00,,market,0.521,Macroeconomic,6.0,0.978,"cpi cooled, rate cuts soon? 📈 #Fed"
ST02209,T02209,social,2026-09-16 17:11:00,JNJ,company,-0.658,Other,2.9,0.995,ugh $JNJ again... down bad
ST02210,T02210,social,2026-09-16 17:20:00,META,company,-0.193,Other,2.0,0.996,$META volume is low today
SN01004,N01004,news,2026-09-16 17:31:00,CVX,company,0.82,Earnings,7.8,0.974,"Chevron beats quarterly earnings estimates as revenue climbs 6.0% in a landmark result. Investors responded positively, with analysts raisin"
SN01005,N01005,news,2026-09-16 18:17:00,KO,company,-0.799,Merger/Acquisition,5.9,0.942,"Coca-Cola overpays for acquisition, analysts warn of dilution, sending shares lower. Investors reacted cautiously, citing uncertainty over n"
ST02211,T02211,social,2026-09-16 18:41:00,,market,0.52,Macroeconomic,6.0,0.981,"cpi cooled, rate cuts soon? 📈 #Fed"
ST02212,T02212,social,2026-09-16 18:43:00,JNJ,company,-0.633,Earnings,5.0,0.989,"$JNJ margins shrinking, earnings were weak"
ST02213,T02213,social,2026-09-16 18:50:00,CVX,company,-0.003,Other,1.9,0.996,"$CVX flat, nothing happening 💬"
ST02214,T02214,social,2026-09-16 18:52:00,,market,0.133,Macroeconomic,6.4,0.988,"inflation print hot, fed won't cut 😬 #Fed"
ST02215,T02215,social,2026-09-16 18:54:00,,market,0.661,Geopolitical,5.7,0.966,"trade deal signed, finally good news 🎉 💬"
ST02216,T02216,social,2026-09-16 19:00:00,CVX,company,-0.194,Other,1.9,0.995,$CVX volume is low today
ST02217,T02217,social,2026-09-16 19:07:00,JPM,company,-0.348,Other,2.8,0.994,"sold my $JPM, not liking this"
ST02218,T02218,social,2026-09-16 19:09:00,WMT,company,-0.001,Other,1.9,0.996,anyone have thoughts on $WMT?
ST02219,T02219,social,2026-09-16 19:26:00,AMZN,company,0.806,Regulatory/Legal,4.9,0.993,$AMZN wins approval 🎉 big relief
ST02220,T02220,social,2026-09-16 19:42:00,NVDA,company,-0.519,Regulatory/Legal,4.8,0.982,"RT @user_9982: $NVDA fined again, regulators not messing around"
ST02221,T02221,social,2026-09-16 20:02:00,XOM,company,-0.548,Credit Event,5.1,0.985,"$XOM downgraded, spreads widening ⚠️ #credit"
SN01006,N01006,news,2026-09-16 20:09:00,,market,0.782,Macroeconomic,4.0,0.849,Strong jobs report boosts growth outlook. Traders cited improving fundamentals and strong momentum.
ST02222,T02222,social,2026-09-16 20:25:00,GS,company,-0.507,Other,3.1,0.989,$GS getting hammered rn 📉 #trading
ST02223,T02223,social,2026-09-16 20:34:00,,market,0.482,Macroeconomic,5.7,0.974,"jobs data strong, soft landing vibes ✅ #macro"
SN01007,N01007,news,2026-09-16 20:38:00,,market,0.734,Geopolitical,5.9,0.936,Ceasefire in the South China Sea lifts global risk appetite. Traders cited improving fundamentals and strong momentum.
SN01008,N01008,news,2026-09-17 06:18:00,WMT,company,0.341,Regulatory/Legal,3.1,0.974,"Walmart settles lawsuit on favourable terms. Investors responded positively, with analysts raising price targets."
ST02224,T02224,social,2026-09-17 06:20:00,META,company,-0.47,Merger/Acquisition,5.0,0.982,$META overpaying for this acquisition imo
SN01009,N01009,news,2026-09-17 06:44:00,AAPL,company,-0.854,Regulatory/Legal,8.0,0.958,"Apple faces new government investigation into its practices, triggering a sharp selloff. Analysts flagged downside risks and trimmed their e"
SN01010,N01010,news,2026-09-17 07:15:00,CVX,company,0.91,Earnings,8.9,0.976,"Chevron posts record profit, with earnings per share ahead of consensus in a landmark result. Traders cited improving fundamentals and stron"
ST02225,T02225,social,2026-09-17 07:35:00,CVX,company,0.546,Earnings,5.3,0.986,$CVX earnings beat!! EPS way above estimates 🚀
SN01011,N01011,news,2026-09-17 08:07:00,GOOGL,company,-0.576,Earnings,5.1,0.984,Alphabet reports revenue decline of 8.8% year over year. Analysts flagged downside risks and trimmed their estimates.
ST02226,T02226,social,2026-09-17 08:11:00,XOM,company,-0.001,Other,2.0,0.996,anyone have thoughts on $XOM?
ST02227,T02227,social,2026-09-17 08:39:00,,market,0.473,Macroeconomic,5.7,0.97,"jobs data strong, soft landing vibes ✅ #macro #trading"
ST02228,T02228,social,2026-09-17 09:22:00,BAC,company,-0.188,Other,1.7,0.995,$BAC volume is low today #trading
ST02229,T02229,social,2026-09-17 09:38:00,JPM,company,0.807,Regulatory/Legal,4.9,0.994,$JPM wins approval 🎉 big relief
ST02230,T02230,social,2026-09-17 09:54:00,META,company,-0.343,Other,2.9,0.992,"RT @user_4521: sold my $META, not liking this #stocks"
ST02231,T02231,social,2026-09-17 10:21:00,BAC,company,0.437,Other,3.0,0.994,$BAC looking strong today 🚀
SN01012,N01012,news,2026-09-17 10:25:00,AMZN,company,0.837,Earnings,5.5,0.977,"Amazon raises full-year guidance after a strong quarter, lifting shares. Traders cited improving fundamentals and strong momentum."
ST02232,T02232,social,2026-09-17 10:33:00,AMZN,company,-0.149,Other,3.1,0.995,$AMZN breakout incoming?? 🔥
SN01013,N01013,news,2026-09-17 10:46:00,GS,company,0.704,Product Launch,4.6,0.976,"Goldman Sachs unveils new wealth platform, early orders exceed expectations. Investors responded positively, with analysts raising price tar"
ST02233,T02233,social,2026-09-17 10:51:00,XOM,company,-0.519,Other,3.0,0.995,$XOM getting hammered rn 📉
SN01014,N01014,news,2026-09-17 11:01:00,WMT,company,-0.712,Earnings,7.9,0.964,"Walmart reports revenue decline of 5.2% year over year in what analysts call a major shock. Investors reacted cautiously, citing uncertainty"
SN01015,N01015,news,2026-09-17 11:04:00,,market,0.797,Geopolitical,7.1,0.903,"Ceasefire in North Africa lifts global risk appetite in a landmark result. Investors responded positively, with analysts raising price targe"
SN01016,N01016,news,2026-09-17 11:05:00,CVX,company,0.785,Product Launch,5.2,0.965,"Chevron unveils new LNG project, early orders exceed expectations, lifting shares. Traders cited improving fundamentals and strong momentum."
ST02234,T02234,social,2026-09-17 11:17:00,PFE,company,0.666,Credit Event,4.5,0.974,"$PFE credit upgrade, balance sheet looking healthier ✅ #markets"
ST02235,T02235,social,2026-09-17 11:19:00,JNJ,company,-0.605,Credit Event,4.9,0.968,"$JNJ DOWNGRADED, SPREADS WIDENING ⚠️ #CREDIT #TRADING"
ST02236,T02236,social,2026-09-17 11:55:00,,market,0.596,Geopolitical,6.0,0.98,ceasefire!! risk on 🟢 #markets
ST02237,T02237,social,2026-09-17 11:56:00,XOM,company,-0.771,Other,3.1,0.996,$XOM LOOKS BAD 😬 BEARISH
SN01017,N01017,news,2026-09-17 12:00:00,,market,0.753,Geopolitical,4.9,0.956,"Trade agreement signed with partners in Eastern Europe cheers markets. Investors responded positively, with analysts raising price targets."
ST02238,T02238,social,2026-09-17 12:19:00,META,company,0.068,Product Launch,5.3,0.981,$META new launch looks 🔥 early demand is huge #markets
ST02239,T02239,social,2026-09-17 12:22:00,MSFT,company,0.005,Other,2.0,0.993,watching $MSFT today #trading 👀
ST02240,T02240,social,2026-09-17 12:40:00,AMZN,company,0.776,Regulatory/Legal,4.5,0.974,RT @user_3623: $AMZN wins approval 🎉 big relief #investing
SN01018,N01018,news,2026-09-17 12:50:00,JNJ,company,-0.631,Regulatory/Legal,5.1,0.971,"Johnson & Johnson loses court ruling, appeal expected. Investors reacted cautiously, citing uncertainty over near-term outlook."
ST02241,T02241,social,2026-09-17 12:53:00,GOOGL,company,-0.158,Other,3.1,0.991,RT @user_7080: $GOOGL breakout incoming?? 🔥 #trading
ST02242,T02242,social,2026-09-17 13:12:00,JPM,company,-0.742,Other,3.1,0.996,$JPM looks bad 😬 bearish
ST02243,T02243,social,2026-09-17 13:20:00,BAC,company,-0.771,Other,3.1,0.996,$BAC LOOKS BAD 😬 BEARISH
ST02244,T02244,social,2026-09-17 13:46:00,JPM,company,-0.725,Earnings,5.4,0.975,"$JPM margins shrinking, earnings were weak #investing 🔥"
ST02245,T02245,social,2026-09-17 13:50:00,AAPL,company,-0.003,Other,1.9,0.996,"$AAPL FLAT, NOTHING HAPPENING"
ST02246,T02246,social,2026-09-17 14:04:00,META,company,-0.309,Other,3.5,0.99,$META BREAKOUT INCOMING?? 🔥 #TRADING 🔥
ST02247,T02247,social,2026-09-17 14:41:00,,market,0.521,Macroeconomic,6.0,0.978,"cpi cooled, rate cuts soon? 📈 #Fed"
ST02248,T02248,social,2026-09-17 14:44:00,KO,company,-0.742,Other,3.1,0.996,$KO looks bad 😬 bearish
ST02249,T02249,social,2026-09-17 14:56:00,JPM,company,0.509,Merger/Acquisition,3.1,0.994,"bought more $JPM on the dip, feeling good 📈"
ST02250,T02250,social,2026-09-17 15:33:00,AAPL,company,-0.518,Other,2.9,0.995,$AAPL getting hammered rn 📉
ST02251,T02251,social,2026-09-17 15:48:00,CVX,company,0.808,Regulatory/Legal,5.1,0.992,$CVX wins approval 🎉 big relief 📊
ST02252,T02252,social,2026-09-17 16:07:00,,market,0.6,Geopolitical,6.1,0.979,ceasefire!! risk on 🟢 #markets
ST02253,T02253,social,2026-09-17 16:22:00,MSFT,company,-0.519,Other,3.0,0.995,$MSFT getting hammered rn 📉 💬
ST02254,T02254,social,2026-09-17 16:24:00,BAC,company,-0.0,Other,1.9,0.997,watching $BAC today
SN01019,N01019,news,2026-09-17 16:31:00,PFE,company,0.005,Product Launch,1.8,0.953,Pfizer announces date for its next oncology drug event. Analysts said it was too early to assess any lasting impact.
ST02255,T02255,social,2026-09-17 16:47:00,NVDA,company,0.058,Product Launch,5.4,0.982,$NVDA NEW LAUNCH LOOKS 🔥 EARLY DEMAND IS HUGE #TRADING
ST02256,T02256,social,2026-09-17 16:53:00,BAC,company,-0.15,Other,3.1,0.996,$BAC breakout incoming?? 🔥
ST02257,T02257,social,2026-09-17 17:05:00,XOM,company,-0.518,Other,2.9,0.995,$XOM getting hammered rn 📉
ST02258,T02258,social,2026-09-17 17:09:00,GOOGL,company,-0.002,Other,1.9,0.996,watching $GOOGL today
ST02259,T02259,social,2026-09-17 17:12:00,AAPL,company,-0.556,Credit Event,4.7,0.971,"$AAPL debt worries growing, bonds selling off #stocks"
SN01020,N01020,news,2026-09-17 17:24:00,GOOGL,company,0.761,Product Launch,3.7,0.928,"Alphabet launches AI assistant to strong reviews, lifting shares. Investors responded positively, with analysts raising price targets."
SN01021,N01021,news,2026-09-17 18:25:00,JNJ,company,-0.858,Product Launch,7.9,0.967,"Johnson & Johnson recalls oncology drug over safety defect, triggering a sharp selloff. Analysts flagged downside risks and trimmed their es"
ST02260,T02260,social,2026-09-17 18:36:00,META,company,0.436,Other,3.0,0.995,$META looking strong today 🚀
ST02262,T02262,social,2026-09-17 19:01:00,META,company,-0.755,Product Launch,5.4,0.975,"$META product recall, yikes 😬 #trading"
ST02261,T02261,social,2026-09-17 19:01:00,META,company,-0.634,Earnings,5.3,0.985,"$META margins shrinking, earnings were weak #trading"
SN01022,N01022,news,2026-09-17 19:30:00,KO,company,-0.766,Regulatory/Legal,7.9,0.952,"Coca-Cola hit with $2100m fine by regulators, triggering a sharp selloff. Investors reacted cautiously, citing uncertainty over near-term ou"
ST02263,T02263,social,2026-09-17 19:35:00,KO,company,-0.004,Other,2.1,0.991,anyone have thoughts on $KO? #investing 📊
SN01023,N01023,news,2026-09-17 20:05:00,BAC,company,-0.843,Earnings,6.9,0.965,"Bank of America misses earnings expectations as margins shrink, triggering a sharp selloff. Investors reacted cautiously, citing uncertainty"
SN01024,N01024,news,2026-09-17 20:22:00,,market,0.883,Macroeconomic,7.8,0.854,"Inflation cools to 13.2%, raising hopes of rate cuts in a landmark result. Traders cited improving fundamentals and strong momentum."
ST02264,T02264,social,2026-09-17 20:32:00,GS,company,-0.519,Other,3.0,0.995,RT @user_2043: $GS getting hammered rn 📉
ST02265,T02265,social,2026-09-17 20:41:00,AMZN,company,-0.187,Other,1.9,0.995,RT @user_9804: $AMZN volume is low today #investing
SN01025,N01025,news,2026-09-17 20:44:00,XOM,company,-0.73,Earnings,5.1,0.983,"Exxon Mobil misses earnings expectations as margins shrink. Investors reacted cautiously, citing uncertainty over near-term outlook."
ST02266,T02266,social,2026-09-18 06:02:00,PFE,company,0.437,Other,3.0,0.994,$PFE looking strong today 🚀
SN01026,N01026,news,2026-09-18 06:06:00,JPM,company,-0.882,Earnings,9.0,0.956,"JPMorgan Chase cuts full-year outlook citing weak demand in what analysts call a major shock. Investors reacted cautiously, citing uncertain"
SN01027,N01027,news,2026-09-18 06:09:00,XOM,company,-0.437,Earnings,6.1,0.957,"Exxon Mobil reports revenue decline of 13.5% year over year, sending shares lower. Investors reacted cautiously, citing uncertainty over nea"
SN01028,N01028,news,2026-09-18 06:29:00,GOOGL,company,-0.731,Product Launch,6.3,0.98,Alphabet recalls streaming service over safety defect. Analysts flagged downside risks and trimmed their estimates.
ST02267,T02267,social,2026-09-18 06:40:00,MSFT,company,0.51,Merger/Acquisition,3.1,0.994,"bought more $MSFT on the dip, feeling good 📈"
ST02268,T02268,social,2026-09-18 07:02:00,WMT,company,-0.347,Other,2.8,0.995,"sold my $WMT, not liking this 💬"
ST02269,T02269,social,2026-09-18 07:09:00,BAC,company,-0.0,Other,1.9,0.997,watching $BAC today
ST02270,T02270,social,2026-09-18 07:28:00,CVX,company,-0.585,Product Launch,4.7,0.977,"$CVX delaying the launch again, not good #trading"
ST02271,T02271,social,2026-09-18 07:35:00,AAPL,company,-0.759,Product Launch,5.2,0.986,"$AAPL product recall, yikes 😬"
SN01029,N01029,news,2026-09-18 07:44:00,JNJ,company,-0.818,Product Launch,7.8,0.957,"Johnson & Johnson recalls oncology drug over safety defect, triggering a sharp selloff. Investors reacted cautiously, citing uncertainty ove"
ST02272,T02272,social,2026-09-18 07:50:00,JNJ,company,-0.543,Credit Event,5.4,0.967,"$JNJ downgraded, spreads widening ⚠️ #credit #investing"
ST02273,T02273,social,2026-09-18 09:00:00,JNJ,company,-0.303,Other,1.9,0.995,$JNJ VOLUME IS LOW TODAY
ST02274,T02274,social,2026-09-18 09:06:00,GS,company,-0.656,Other,3.0,0.99,ugh $GS again... down bad #stocks
ST02275,T02275,social,2026-09-18 09:22:00,JNJ,company,-0.742,Other,3.1,0.996,$JNJ looks bad 😬 bearish
SN01030,N01030,news,2026-09-18 09:31:00,,market,0.735,Geopolitical,5.0,0.901,Ceasefire in North Africa lifts global risk appetite. Traders cited improving fundamentals and strong momentum.
SN01031,N01031,news,2026-09-18 09:35:00,MSFT,company,0.876,Earnings,7.0,0.971,"Microsoft beats quarterly earnings estimates as revenue climbs 8.6%, sparking a strong rally. Traders cited improving fundamentals and stron"
ST02276,T02276,social,2026-09-18 09:47:00,JNJ,company,-0.005,Other,2.0,0.988,anyone have thoughts on $JNJ? #markets
ST02277,T02277,social,2026-09-18 09:51:00,MSFT,company,-0.002,Other,2.0,0.997,watching $MSFT today
ST02278,T02278,social,2026-09-18 10:04:00,JNJ,company,-0.427,Other,2.8,0.995,"SOLD MY $JNJ, NOT LIKING THIS"
ST02279,T02279,social,2026-09-18 10:07:00,WMT,company,0.213,Other,3.0,0.994,$WMT looking strong today 🚀 🔥
ST02280,T02280,social,2026-09-18 10:40:00,MSFT,company,0.32,Other,2.8,0.993,$MSFT LOOKING STRONG TODAY 🚀 #TRADING 🔥
SN01032,N01032,news,2026-09-18 11:05:00,WMT,company,-0.905,Credit Event,10.0,0.916,"Walmart warns of covenant breach as cash flow tightens in what analysts call a major shock. Investors reacted cautiously, citing uncertainty"
ST02281,T02281,social,2026-09-18 11:10:00,JPM,company,-0.569,Credit Event,5.1,0.984,"$JPM debt worries growing, bonds selling off"
ST02282,T02282,social,2026-09-18 11:15:00,WMT,company,-0.194,Other,1.9,0.995,$WMT volume is low today
ST02283,T02283,social,2026-09-18 11:20:00,XOM,company,-0.64,Credit Event,5.4,0.982,"$XOM DEBT WORRIES GROWING, BONDS SELLING OFF"
ST02284,T02284,social,2026-09-18 11:35:00,META,company,-0.182,Other,2.2,0.994,RT @user_7573: $META volume is low today #markets
ST02285,T02285,social,2026-09-18 11:46:00,AMZN,company,0.421,Other,3.2,0.992,$AMZN looking strong today 🚀 #markets
ST02286,T02286,social,2026-09-18 12:06:00,NVDA,company,0.678,Credit Event,4.8,0.98,"$NVDA credit upgrade, balance sheet looking healthier ✅ #stocks"
ST02287,T02287,social,2026-09-18 12:08:00,PFE,company,0.315,Merger/Acquisition,3.1,0.993,"bought more $PFE on the dip, feeling good 📈 🔥"
SN01033,N01033,news,2026-09-18 12:21:00,GOOGL,company,-0.691,Regulatory/Legal,7.1,0.954,"Alphabet faces new government investigation into its practices, sending shares lower. Investors reacted cautiously, citing uncertainty over "
ST02288,T02288,social,2026-09-18 12:40:00,JNJ,company,-0.57,Other,3.1,0.989,$JNJ GETTING HAMMERED RN 📉 #TRADING
SN01034,N01034,news,2026-09-18 12:57:00,JPM,company,-0.624,Regulatory/Legal,5.2,0.973,"JPMorgan Chase loses court ruling, appeal expected. Investors reacted cautiously, citing uncertainty over near-term outlook."
ST02289,T02289,social,2026-09-18 13:25:00,NVDA,company,-0.64,Earnings,5.1,0.989,"$NVDA margins shrinking, earnings were weak"
SN01035,N01035,news,2026-09-18 13:46:00,META,company,-0.775,Product Launch,7.1,0.961,"Meta Platforms delays ad platform launch after quality issues in what analysts call a major shock. Investors reacted cautiously, citing unce"
ST02290,T02290,social,2026-09-18 13:58:00,CVX,company,0.687,Credit Event,5.4,0.982,"$CVX credit upgrade, balance sheet looking healthier ✅ #stocks"
SN01036,N01036,news,2026-09-18 14:00:00,PFE,company,-0.006,Regulatory/Legal,2.0,0.958,Regulators open consultation on rules affecting the Healthcare sector. The development was largely expected by market participants.
ST02291,T02291,social,2026-09-18 14:17:00,BAC,company,-0.787,Earnings,5.3,0.985,$BAC missed earnings and cut guide... brutal 📉
ST02292,T02292,social,2026-09-18 14:18:00,GS,company,-0.0,Other,2.1,0.991,ANYONE HAVE THOUGHTS ON $GS? #TRADING
ST02293,T02293,social,2026-09-18 14:22:00,GOOGL,company,-0.347,Other,2.8,0.995,"RT @user_8776: sold my $GOOGL, not liking this"
ST02294,T02294,social,2026-09-18 14:23:00,GOOGL,company,-0.348,Other,2.8,0.995,"sold my $GOOGL, not liking this"
ST02295,T02295,social,2026-09-18 14:39:00,WMT,company,-0.743,Other,3.1,0.996,RT @user_9695: $WMT looks bad 😬 bearish 🤔
ST02296,T02296,social,2026-09-18 15:00:00,,market,0.482,Macroeconomic,5.7,0.974,"jobs data strong, soft landing vibes ✅ #macro"
ST02297,T02297,social,2026-09-18 15:11:00,XOM,company,-0.64,Earnings,5.1,0.989,"$XOM margins shrinking, earnings were weak"
SN01037,N01037,news,2026-09-18 15:31:00,JNJ,company,-0.848,Merger/Acquisition,9.0,0.942,Johnson & Johnson faces antitrust challenge over proposed $9bn merger in what analysts call a major shock. Analysts flagged downside risks a
SN01038,N01038,news,2026-09-18 16:02:00,GS,company,0.338,Product Launch,1.9,0.964,Goldman Sachs announces date for its next wealth platform event. The development was largely expected by market participants.
SN01039,N01039,news,2026-09-18 16:10:00,XOM,company,0.813,Earnings,6.3,0.981,"Exxon Mobil posts record profit, with earnings per share ahead of consensus. Investors responded positively, with analysts raising price tar"
SN01040,N01040,news,2026-09-18 16:13:00,GS,company,0.829,Regulatory/Legal,5.0,0.952,"Goldman Sachs wins regulatory approval for its digital banking app, lifting shares. Traders cited improving fundamentals and strong momentum"
ST02298,T02298,social,2026-09-18 16:21:00,KO,company,-0.566,Credit Event,5.4,0.973,"$KO debt worries growing, bonds selling off #trading"
ST02299,T02299,social,2026-09-18 16:28:00,GOOGL,company,-0.003,Other,1.9,0.996,"$GOOGL flat, nothing happening"
ST02300,T02300,social,2026-09-18 16:32:00,MSFT,company,-0.003,Other,1.9,0.996,"$MSFT flat, nothing happening"
ST02301,T02301,social,2026-09-18 16:35:00,KO,company,-0.003,Other,2.3,0.991,"$KO flat, nothing happening #stocks"
ST02302,T02302,social,2026-09-18 16:50:00,CVX,company,-0.726,Regulatory/Legal,4.4,0.984,"$CVX UNDER INVESTIGATION, THIS COULD GET UGLY 🤔"
ST02303,T02303,social,2026-09-18 18:03:00,KO,company,-0.003,Other,1.9,0.996,"$KO flat, nothing happening 👀"
ST02304,T02304,social,2026-09-18 18:17:00,,market,0.517,Macroeconomic,5.7,0.98,"cpi cooled, rate cuts soon? 📈 #Fed 👀"
ST02305,T02305,social,2026-09-18 18:22:00,JPM,company,0.075,Product Launch,5.2,0.991,RT @user_3897: $JPM new launch looks 🔥 early demand is huge
ST02306,T02306,social,2026-09-18 18:37:00,GOOGL,company,-0.636,Earnings,5.4,0.976,"$GOOGL margins shrinking, earnings were weak #investing"
SN01041,N01041,news,2026-09-18 18:37:00,JPM,company,0.843,Product Launch,6.2,0.97,"JPMorgan Chase unveils new trading platform, early orders exceed expectations, sparking a strong rally. Traders cited improving fundamentals"
ST02307,T02307,social,2026-09-18 18:55:00,AMZN,company,0.178,Other,1.9,0.996,"$AMZN flat, nothing happening 🔥"
ST02308,T02308,social,2026-09-18 18:59:00,JPM,company,0.509,Merger/Acquisition,3.1,0.993,"RT @user_2158: bought more $JPM on the dip, feeling good 📈"
ST02309,T02309,social,2026-09-18 19:13:00,PFE,company,0.758,Credit Event,5.0,0.989,"$PFE CREDIT UPGRADE, BALANCE SHEET LOOKING HEALTHIER ✅"
ST02310,T02310,social,2026-09-18 19:31:00,XOM,company,-0.002,Other,2.0,0.996,"$XOM flat, nothing happening"
ST02311,T02311,social,2026-09-18 19:32:00,,market,-0.643,Macroeconomic,5.9,0.986,RECESSION SIGNALS FLASHING RED 🚨 #MACRO
ST02312,T02312,social,2026-09-18 19:36:00,WMT,company,0.548,Earnings,5.2,0.988,$WMT earnings beat!! EPS way above estimates 🚀
ST02313,T02313,social,2026-09-18 19:37:00,JPM,company,0.0,Other,2.0,0.997,watching $JPM today
ST02314,T02314,social,2026-09-18 20:19:00,,market,0.488,Macroeconomic,6.0,0.98,"jobs data strong, soft landing vibes ✅ #macro"
SN01042,N01042,news,2026-09-18 20:23:00,CVX,company,-0.809,Credit Event,7.1,0.95,a major rating agency downgrades Chevron to BBB- amid rising debt. Analysts flagged downside risks and trimmed their estimates.
ST02315,T02315,social,2026-09-18 20:24:00,XOM,company,-0.053,Merger/Acquisition,5.1,0.99,$XOM acquisition could be a game changer 👀🔥
SN01043,N01043,news,2026-09-18 20:59:00,PFE,company,0.871,Earnings,6.8,0.976,"Pfizer raises full-year guidance after a strong quarter, sparking a strong rally. Investors responded positively, with analysts raising pric"
ST02316,T02316,social,2026-09-21 06:04:00,BAC,company,-0.518,Other,2.9,0.995,$BAC getting hammered rn 📉
ST02317,T02317,social,2026-09-21 06:36:00,GS,company,-0.0,Other,1.9,0.997,watching $GS today
ST02318,T02318,social,2026-09-21 07:49:00,XOM,company,-0.57,Merger/Acquisition,5.2,0.985,"$XOM merger facing antitrust heat, deal at risk"
ST02319,T02319,social,2026-09-21 08:14:00,PFE,company,0.435,Other,3.0,0.995,RT @user_5345: $PFE looking strong today 🚀
ST02320,T02320,social,2026-09-21 08:21:00,META,company,0.806,Regulatory/Legal,4.9,0.993,$META wins approval 🎉 big relief
ST02321,T02321,social,2026-09-21 08:44:00,AAPL,company,-0.158,Other,3.3,0.99,$AAPL BREAKOUT INCOMING?? 🔥 #STOCKS
SN01044,N01044,news,2026-09-21 08:58:00,NVDA,company,0.003,Earnings,2.2,0.958,NVIDIA earnings come in line with analyst expectations. Analysts said it was too early to assess any lasting impact.
SN01045,N01045,news,2026-09-21 09:11:00,PFE,company,-0.005,Earnings,2.1,0.958,Pfizer to report quarterly results next week. The development was largely expected by market participants.
ST02322,T02322,social,2026-09-21 09:26:00,AMZN,company,-0.192,Other,1.9,0.996,$AMZN volume is low today
ST02323,T02323,social,2026-09-21 09:36:00,KO,company,-0.472,Merger/Acquisition,5.0,0.979,$KO overpaying for this acquisition imo #investing
ST02324,T02324,social,2026-09-21 10:15:00,,market,0.49,Macroeconomic,5.8,0.976,"jobs data strong, soft landing vibes ✅ #macro"
ST02325,T02325,social,2026-09-21 11:04:00,GS,company,-0.001,Other,1.9,0.996,anyone have thoughts on $GS?
SN01046,N01046,news,2026-09-21 11:12:00,CVX,company,-0.835,Product Launch,8.9,0.948,"Chevron recalls LNG project over safety defect in what analysts call a major shock. Investors reacted cautiously, citing uncertainty over ne"
ST02326,T02326,social,2026-09-21 11:32:00,NVDA,company,-0.742,Other,3.1,0.996,RT @user_9555: $NVDA looks bad 😬 bearish
ST02327,T02327,social,2026-09-21 12:14:00,WMT,company,-0.001,Other,2.0,0.996,"$WMT flat, nothing happening"
SN01047,N01047,news,2026-09-21 12:15:00,KO,company,0.82,Earnings,7.8,0.974,"Coca-Cola beats quarterly earnings estimates as revenue climbs 9.9% in a landmark result. Investors responded positively, with analysts rais"
ST02328,T02328,social,2026-09-21 12:32:00,JPM,company,0.001,Other,1.9,0.996,ANYONE HAVE THOUGHTS ON $JPM?
ST02329,T02329,social,2026-09-21 12:48:00,WMT,company,-0.24,Other,1.9,0.996,watching $WMT today 🔥
ST02330,T02330,social,2026-09-21 13:06:00,KO,company,-0.575,Merger/Acquisition,5.2,0.985,"$KO merger facing antitrust heat, deal at risk 👀"
ST02331,T02331,social,2026-09-21 13:12:00,GOOGL,company,-0.519,Regulatory/Legal,4.8,0.982,"$GOOGL fined again, regulators not messing around"
ST02332,T02332,social,2026-09-21 13:51:00,NVDA,company,-0.653,Regulatory/Legal,4.4,0.984,"$NVDA under investigation, this could get ugly"
SN01048,N01048,news,2026-09-21 13:53:00,GOOGL,company,-0.609,Earnings,6.4,0.971,"Alphabet reports revenue decline of 8.2% year over year, sending shares lower. Analysts flagged downside risks and trimmed their estimates."
ST02333,T02333,social,2026-09-21 14:31:00,WMT,company,-0.187,Other,2.1,0.994,$WMT volume is low today #markets
ST02334,T02334,social,2026-09-21 14:32:00,JPM,company,-0.742,Other,3.1,0.996,RT @user_9036: $JPM looks bad 😬 bearish 💬
SN01049,N01049,news,2026-09-21 14:46:00,META,company,0.332,Regulatory/Legal,2.9,0.976,"Meta Platforms settles lawsuit on favourable terms. Investors responded positively, with analysts raising price targets."
ST02335,T02335,social,2026-09-21 15:21:00,NVDA,company,-0.055,Merger/Acquisition,5.1,0.991,$NVDA acquisition could be a game changer 👀🔥
ST02336,T02336,social,2026-09-21 15:24:00,CVX,company,0.699,Credit Event,5.2,0.99,"RT @user_2246: $CVX credit upgrade, balance sheet looking healthier ✅ 🤔"
ST02337,T02337,social,2026-09-21 15:28:00,AMZN,company,-0.077,Merger/Acquisition,4.8,0.982,$AMZN acquisition could be a game changer 👀🔥 #markets
SN01050,N01050,news,2026-09-21 15:51:00,AAPL,company,-0.876,Credit Event,8.0,0.942,"S&P-style agency downgrades Apple to BB+ amid rising debt, triggering a sharp selloff. Analysts flagged downside risks and trimmed their est"
ST02338,T02338,social,2026-09-21 15:55:00,AMZN,company,-0.193,Other,2.0,0.996,$AMZN volume is low today 📊
ST02339,T02339,social,2026-09-21 16:02:00,PFE,company,0.696,Credit Event,5.2,0.99,"$PFE credit upgrade, balance sheet looking healthier ✅"
ST02340,T02340,social,2026-09-21 16:28:00,GOOGL,company,-0.055,Merger/Acquisition,5.1,0.991,$GOOGL acquisition could be a game changer 👀🔥
ST02341,T02341,social,2026-09-21 17:10:00,GOOGL,company,-0.659,Other,3.0,0.995,ugh $GOOGL again... down bad
ST02342,T02342,social,2026-09-21 17:28:00,XOM,company,-0.66,Other,3.0,0.995,ugh $XOM again... down bad
ST02343,T02343,social,2026-09-21 17:35:00,WMT,company,-0.002,Other,2.0,0.996,"$WMT flat, nothing happening"
ST02344,T02344,social,2026-09-21 17:43:00,PFE,company,0.809,Regulatory/Legal,5.0,0.994,$PFE wins approval 🎉 big relief
SN01051,N01051,news,2026-09-21 17:47:00,,market,0.003,Macroeconomic,2.1,0.923,Central bank minutes due for release on Wednesday. Analysts said it was too early to assess any lasting impact.
SN01052,N01052,news,2026-09-21 18:06:00,BAC,company,0.829,Credit Event,5.3,0.941,"S&P-style agency upgrades Bank of America to AA on improving leverage, lifting shares. Investors responded positively, with analysts raising"
SN01053,N01053,news,2026-09-21 18:12:00,CVX,company,0.816,Product Launch,4.9,0.933,"Chevron launches offshore field to strong reviews, sparking a strong rally. Traders cited improving fundamentals and strong momentum."
SN01054,N01054,news,2026-09-21 18:18:00,PFE,company,0.87,Earnings,6.8,0.975,"Pfizer raises full-year guidance after a strong quarter, sparking a strong rally. Investors responded positively, with analysts raising pric"
ST02345,T02345,social,2026-09-21 18:34:00,,market,0.52,Macroeconomic,6.0,0.981,"cpi cooled, rate cuts soon? 📈 #Fed"
ST02346,T02346,social,2026-09-21 19:05:00,JPM,company,-0.193,Other,2.0,0.996,$JPM volume is low today
SN01055,N01055,news,2026-09-21 19:24:00,CVX,company,0.808,Earnings,6.1,0.98,"Chevron posts record profit, with earnings per share ahead of consensus. Investors responded positively, with analysts raising price targets"
ST02347,T02347,social,2026-09-21 19:33:00,PFE,company,0.164,Earnings,5.4,0.961,"$PFE smashing guidance, loading up 📈 #investing"
ST02348,T02348,social,2026-09-21 19:43:00,NVDA,company,-0.771,Other,3.1,0.996,$NVDA LOOKS BAD 😬 BEARISH
ST02349,T02349,social,2026-09-21 20:17:00,XOM,company,-0.529,Credit Event,4.7,0.967,"$XOM downgraded, spreads widening ⚠️ #credit #trading"
ST02350,T02350,social,2026-09-21 20:19:00,AAPL,company,-0.649,Other,3.1,0.991,ugh $AAPL again... down bad #trading
SN01056,N01056,news,2026-09-21 20:29:00,JNJ,company,-0.8,Merger/Acquisition,5.3,0.97,"Johnson & Johnson overpays for acquisition, analysts warn of dilution. Analysts flagged downside risks and trimmed their estimates."
ST02351,T02351,social,2026-09-21 20:35:00,WMT,company,0.001,Other,1.9,0.996,anyone have thoughts on $WMT?
ST02352,T02352,social,2026-09-22 06:21:00,WMT,company,-0.001,Other,2.0,0.996,"$WMT flat, nothing happening"
ST02353,T02353,social,2026-09-22 07:11:00,GS,company,-0.465,Merger/Acquisition,5.0,0.976,$GS overpaying for this acquisition imo #stocks
ST02354,T02354,social,2026-09-22 07:13:00,JPM,company,0.001,Other,1.9,0.996,anyone have thoughts on $JPM? 💬
ST02355,T02355,social,2026-09-22 07:26:00,CVX,company,-0.765,Other,3.1,0.989,RT @user_5914: $CVX LOOKS BAD 😬 BEARISH #MARKETS
ST02356,T02356,social,2026-09-22 08:05:00,AMZN,company,0.807,Regulatory/Legal,4.9,0.991,$AMZN wins approval 🎉 big relief
SN01057,N01057,news,2026-09-22 08:29:00,WMT,company,0.784,Earnings,4.9,0.981,Walmart raises full-year guidance after a strong quarter. Traders cited improving fundamentals and strong momentum.
ST02357,T02357,social,2026-09-22 09:06:00,WMT,company,-0.152,Other,3.1,0.995,$WMT breakout incoming?? 🔥
ST02358,T02358,social,2026-09-22 09:31:00,GOOGL,company,-0.719,Other,2.9,0.995,UGH $GOOGL AGAIN... DOWN BAD
ST02359,T02359,social,2026-09-22 09:34:00,GOOGL,company,-0.347,Other,2.8,0.995,"sold my $GOOGL, not liking this"
ST02360,T02360,social,2026-09-22 09:42:00,,market,0.596,Geopolitical,6.0,0.98,ceasefire!! risk on 🟢 #markets
ST02361,T02361,social,2026-09-22 10:30:00,,market,0.707,Geopolitical,5.7,0.966,"TRADE DEAL SIGNED, FINALLY GOOD NEWS 🎉"
ST02362,T02362,social,2026-09-22 10:32:00,XOM,company,-0.755,Product Launch,5.2,0.987,"$XOM product recall, yikes 😬 👀"
ST02363,T02363,social,2026-09-22 10:49:00,WMT,company,-0.15,Other,3.1,0.996,$WMT BREAKOUT INCOMING?? 🔥
ST02364,T02364,social,2026-09-22 11:11:00,NVDA,company,-0.0,Other,2.0,0.997,WATCHING $NVDA TODAY
ST02365,T02365,social,2026-09-22 11:31:00,,market,0.716,Geopolitical,6.0,0.972,"TRADE DEAL SIGNED, FINALLY GOOD NEWS 🎉"
ST02366,T02366,social,2026-09-22 11:39:00,META,company,-0.001,Other,1.9,0.996,anyone have thoughts on $META? 📊
ST02367,T02367,social,2026-09-22 11:54:00,BAC,company,-0.537,Regulatory/Legal,5.5,0.983,"$BAC fined again, regulators not messing around"
SN01058,N01058,news,2026-09-22 12:03:00,AMZN,company,-0.775,Credit Event,7.5,0.955,"Moody's-style agency downgrades Amazon to BB+ amid rising debt, sending shares lower. Investors reacted cautiously, citing uncertainty over "
SN01059,N01059,news,2026-09-22 12:05:00,GS,company,-0.576,Product Launch,7.0,0.963,"Goldman Sachs recalls wealth platform over safety defect, sending shares lower. Analysts flagged downside risks and trimmed their estimates."
SN01060,N01060,news,2026-09-22 12:16:00,GS,company,-0.774,Credit Event,6.4,0.928,Goldman Sachs raises loan loss provisions by 10.0% as defaults rise. Analysts flagged downside risks and trimmed their estimates.
ST02368,T02368,social,2026-09-22 12:22:00,KO,company,-0.755,Product Launch,5.5,0.975,"RT @user_9231: $KO product recall, yikes 😬 #trading 🤔"
ST02369,T02369,social,2026-09-22 13:11:00,GS,company,-0.659,Other,3.0,0.995,ugh $GS again... down bad
ST02370,T02370,social,2026-09-22 13:13:00,PFE,company,-0.003,Other,1.9,0.996,"$PFE flat, nothing happening"
SN01061,N01061,news,2026-09-22 13:40:00,AAPL,company,-0.646,Regulatory/Legal,6.2,0.972,Apple hit with $3800m fine by regulators. Analysts flagged downside risks and trimmed their estimates.
ST02371,T02371,social,2026-09-22 13:40:00,XOM,company,-0.348,Other,2.8,0.994,"sold my $XOM, not liking this 👀"
SN01062,N01062,news,2026-09-22 14:00:00,,market,0.761,Geopolitical,4.1,0.959,"Trade agreement signed with partners in the Middle East cheers markets. Investors responded positively, with analysts raising price targets."
ST02372,T02372,social,2026-09-22 14:05:00,GOOGL,company,0.069,Product Launch,5.0,0.991,$GOOGL new launch looks 🔥 early demand is huge
SN01063,N01063,news,2026-09-22 14:36:00,XOM,company,-0.848,Merger/Acquisition,9.0,0.942,Exxon Mobil faces antitrust challenge over proposed $14bn merger in what analysts call a major shock. Analysts flagged downside risks and tr
ST02373,T02373,social,2026-09-22 14:51:00,GOOGL,company,-0.001,Other,1.9,0.996,anyone have thoughts on $GOOGL?
ST02374,T02374,social,2026-09-22 14:57:00,,market,0.548,Geopolitical,5.9,0.958,CEASEFIRE!! RISK ON 🟢 #MARKETS #TRADING
ST02375,T02375,social,2026-09-22 15:25:00,JPM,company,-0.347,Other,3.0,0.993,"sold my $JPM, not liking this #trading"
ST02376,T02376,social,2026-09-22 15:57:00,NVDA,company,-0.348,Other,2.8,0.994,"sold my $NVDA, not liking this 📊"
ST02377,T02377,social,2026-09-22 16:14:00,JPM,company,-0.517,Other,2.9,0.995,$JPM getting hammered rn 📉
ST02378,T02378,social,2026-09-22 16:57:00,CVX,company,0.696,Credit Event,5.3,0.99,"$CVX credit upgrade, balance sheet looking healthier ✅"
ST02379,T02379,social,2026-09-22 17:01:00,,market,-0.568,Macroeconomic,6.2,0.977,recession signals flashing red 🚨 #macro #investing
ST02380,T02380,social,2026-09-22 17:26:00,GOOGL,company,-0.658,Other,2.9,0.995,ugh $GOOGL again... down bad
SN01064,N01064,news,2026-09-22 18:23:00,JPM,company,-0.002,Product Launch,2.2,0.962,JPMorgan Chase announces date for its next trading platform event. Analysts said it was too early to assess any lasting impact.
ST02381,T02381,social,2026-09-22 18:37:00,JNJ,company,-0.001,Other,1.9,0.996,anyone have thoughts on $JNJ?
ST02382,T02382,social,2026-09-22 18:50:00,AMZN,company,0.65,Other,3.0,0.987,"$AMZN crushing it, bullish #stocks"
ST02383,T02383,social,2026-09-22 19:11:00,NVDA,company,-0.56,Merger/Acquisition,5.0,0.978,"$NVDA merger facing antitrust heat, deal at risk #stocks"
ST02384,T02384,social,2026-09-22 19:30:00,XOM,company,-0.633,Earnings,5.0,0.989,"$XOM margins shrinking, earnings were weak"
ST02385,T02385,social,2026-09-22 19:35:00,AAPL,company,-0.742,Other,3.1,0.996,$AAPL looks bad 😬 bearish
ST02386,T02386,social,2026-09-22 20:03:00,CVX,company,-0.658,Other,2.9,0.995,ugh $CVX again... down bad
ST02387,T02387,social,2026-09-22 20:05:00,WMT,company,-0.147,Other,3.2,0.996,$WMT breakout incoming?? 🔥
ST02388,T02388,social,2026-09-22 20:06:00,AAPL,company,-0.728,Other,3.1,0.99,$AAPL looks bad 😬 bearish #trading
SN01065,N01065,news,2026-09-22 20:07:00,KO,company,-0.768,Earnings,6.1,0.971,"Coca-Cola cuts full-year outlook citing weak demand. Investors reacted cautiously, citing uncertainty over near-term outlook."
ST02389,T02389,social,2026-09-22 20:24:00,AMZN,company,0.591,Credit Event,5.2,0.99,"$AMZN credit upgrade, balance sheet looking healthier ✅ 🔥"
ST02390,T02390,social,2026-09-22 20:29:00,CVX,company,-0.519,Other,3.0,0.995,$CVX getting hammered rn 📉
ST02391,T02391,social,2026-09-22 20:40:00,GOOGL,company,0.437,Other,3.0,0.994,$GOOGL looking strong today 🚀
ST02392,T02392,social,2026-09-22 20:49:00,JPM,company,-0.348,Other,2.8,0.994,"sold my $JPM, not liking this"
ST02393,T02393,social,2026-09-23 06:06:00,XOM,company,-0.061,Merger/Acquisition,5.0,0.987,$XOM acquisition could be a game changer 👀🔥 #trading 💬
ST02394,T02394,social,2026-09-23 06:41:00,GOOGL,company,-0.639,Earnings,5.2,0.989,"$GOOGL margins shrinking, earnings were weak"
SN01066,N01066,news,2026-09-23 06:58:00,JPM,company,-0.003,Product Launch,1.9,0.953,JPMorgan Chase announces date for its next trading platform event. The development was largely expected by market participants.
SN01067,N01067,news,2026-09-23 07:03:00,,market,0.803,Geopolitical,4.8,0.949,Trade agreement signed with partners in Eastern Europe cheers markets. Traders cited improving fundamentals and strong momentum.
ST02395,T02395,social,2026-09-23 07:09:00,MSFT,company,-0.002,Other,2.0,0.997,watching $MSFT today
SN01068,N01068,news,2026-09-23 07:18:00,BAC,company,0.539,Product Launch,4.9,0.978,"Bank of America unveils new digital banking app, early orders exceed expectations. Investors responded positively, with analysts raising pri"
ST02396,T02396,social,2026-09-23 07:19:00,AAPL,company,-0.734,Other,3.2,0.992,$AAPL looks bad 😬 bearish #stocks
ST02397,T02397,social,2026-09-23 07:25:00,,market,-0.58,Macroeconomic,6.1,0.988,recession signals flashing red 🚨 #macro
ST02398,T02398,social,2026-09-23 07:31:00,GS,company,-0.658,Regulatory/Legal,4.3,0.982,"$GS under investigation, this could get ugly #investing"
ST02399,T02399,social,2026-09-23 07:36:00,,market,0.516,Macroeconomic,5.7,0.984,"cpi cooled, rate cuts soon? 📈 #Fed"
ST02400,T02400,social,2026-09-23 07:37:00,AMZN,company,0.669,Other,3.0,0.994,"$AMZN crushing it, bullish"
ST02401,T02401,social,2026-09-23 07:42:00,PFE,company,-0.189,Other,2.0,0.994,$PFE volume is low today #investing
ST02402,T02402,social,2026-09-23 07:52:00,CVX,company,0.181,Earnings,5.4,0.978,"$CVX smashing guidance, loading up 📈"
ST02403,T02403,social,2026-09-23 08:01:00,META,company,-0.189,Other,1.7,0.995,$META volume is low today #trading
ST02404,T02404,social,2026-09-23 08:07:00,KO,company,-0.452,Other,1.9,0.995,$KO VOLUME IS LOW TODAY 🔥
ST02405,T02405,social,2026-09-23 08:13:00,WMT,company,-0.0,Other,1.9,0.997,watching $WMT today
ST02406,T02406,social,2026-09-23 08:57:00,MSFT,company,-0.149,Other,3.1,0.995,$MSFT breakout incoming?? 🔥
ST02407,T02407,social,2026-09-23 09:10:00,XOM,company,-0.476,Merger/Acquisition,5.1,0.984,$XOM overpaying for this acquisition imo
ST02408,T02408,social,2026-09-23 09:32:00,JPM,company,-0.719,Other,3.0,0.995,ugh $JPM again... down bad 🔥
ST02410,T02410,social,2026-09-23 09:42:00,GS,company,-0.548,Credit Event,5.1,0.987,"RT @user_1724: $GS downgraded, spreads widening ⚠️ #credit"
ST02409,T02409,social,2026-09-23 09:42:00,CVX,company,0.001,Other,1.9,0.996,anyone have thoughts on $CVX?
ST02411,T02411,social,2026-09-23 09:51:00,,market,0.5,Macroeconomic,6.1,0.969,"CPI COOLED, RATE CUTS SOON? 📈 #FED #STOCKS 📊"
ST02412,T02412,social,2026-09-23 09:59:00,GOOGL,company,-0.588,Other,3.0,0.995,$GOOGL GETTING HAMMERED RN 📉
SN01069,N01069,news,2026-09-23 10:03:00,GOOGL,company,-0.613,Product Launch,5.3,0.965,"Alphabet delays streaming service launch after quality issues, sending shares lower. Investors reacted cautiously, citing uncertainty over n"
SN01070,N01070,news,2026-09-23 10:05:00,JPM,company,-0.002,Product Launch,2.2,0.958,JPMorgan Chase announces date for its next trading platform event. Analysts said it was too early to assess any lasting impact.
ST02413,T02413,social,2026-09-23 10:05:00,AAPL,company,-0.488,Product Launch,5.3,0.981,"$AAPL delaying the launch again, not good 🔥"
SN01071,N01071,news,2026-09-23 10:06:00,MSFT,company,0.332,Regulatory/Legal,2.9,0.976,"Microsoft settles lawsuit on favourable terms. Investors responded positively, with analysts raising price targets."
ST02414,T02414,social,2026-09-23 10:41:00,JPM,company,-0.0,Other,1.9,0.997,watching $JPM today
SN01072,N01072,news,2026-09-23 10:45:00,CVX,company,-0.766,Earnings,4.8,0.982,Chevron misses earnings expectations as margins shrink. Analysts flagged downside risks and trimmed their estimates.
ST02415,T02415,social,2026-09-23 10:51:00,GS,company,-0.303,Other,1.9,0.995,$GS VOLUME IS LOW TODAY
ST02416,T02416,social,2026-09-23 10:54:00,BAC,company,0.54,Earnings,5.2,0.982,$BAC earnings beat!! EPS way above estimates 🚀 #stocks
ST02417,T02417,social,2026-09-23 10:55:00,META,company,-0.66,Other,3.0,0.995,ugh $META again... down bad
ST02418,T02418,social,2026-09-23 11:38:00,MSFT,company,-0.195,Other,1.9,0.996,$MSFT volume is low today
ST02419,T02419,social,2026-09-23 11:52:00,AMZN,company,-0.579,Merger/Acquisition,5.5,0.983,"$AMZN merger facing antitrust heat, deal at risk"
ST02420,T02420,social,2026-09-23 12:59:00,KO,company,-0.548,Credit Event,5.1,0.987,"$KO downgraded, spreads widening ⚠️ #credit"
SN01073,N01073,news,2026-09-23 13:43:00,JNJ,company,-0.768,Earnings,6.1,0.971,"Johnson & Johnson cuts full-year outlook citing weak demand. Investors reacted cautiously, citing uncertainty over near-term outlook."
ST02421,T02421,social,2026-09-23 14:00:00,NVDA,company,-0.606,Product Launch,5.2,0.983,"$NVDA delaying the launch again, not good"
SN01074,N01074,news,2026-09-23 14:52:00,CVX,company,-0.001,Product Launch,2.1,0.954,Chevron announces date for its next LNG project event. Analysts said it was too early to assess any lasting impact.
SN01075,N01075,news,2026-09-23 15:13:00,META,company,0.004,Regulatory/Legal,2.0,0.95,Regulators open consultation on rules affecting the Communication sector. Analysts said it was too early to assess any lasting impact.
ST02422,T02422,social,2026-09-23 15:27:00,NVDA,company,-0.653,Other,2.8,0.991,ugh $NVDA again... down bad #markets
ST02423,T02423,social,2026-09-23 15:29:00,,market,0.661,Geopolitical,5.7,0.962,"trade deal signed, finally good news 🎉 #investing"
SN01076,N01076,news,2026-09-23 15:35:00,WMT,company,0.714,Product Launch,3.1,0.977,Walmart launches delivery service to strong reviews. Traders cited improving fundamentals and strong momentum.
SN01077,N01077,news,2026-09-23 15:53:00,META,company,-0.803,Merger/Acquisition,7.1,0.954,Meta Platforms walks away from $32bn takeover talks in what analysts call a major shock. Analysts flagged downside risks and trimmed their e
ST02424,T02424,social,2026-09-23 15:58:00,JPM,company,0.809,Regulatory/Legal,5.0,0.994,RT @user_5377: $JPM wins approval 🎉 big relief
ST02425,T02425,social,2026-09-23 16:31:00,WMT,company,0.699,Credit Event,5.2,0.99,"RT @user_2550: $WMT credit upgrade, balance sheet looking healthier ✅"
ST02426,T02426,social,2026-09-23 16:32:00,CVX,company,0.001,Other,1.9,0.996,RT @user_7885: anyone have thoughts on $CVX? 💬
ST02427,T02427,social,2026-09-23 16:49:00,NVDA,company,0.074,Product Launch,5.2,0.991,$NVDA new launch looks 🔥 early demand is huge
ST02428,T02428,social,2026-09-23 16:55:00,CVX,company,-0.195,Other,1.9,0.996,$CVX volume is low today
ST02429,T02429,social,2026-09-23 17:04:00,CVX,company,-0.232,Other,1.9,0.994,watching $CVX today #trading 🔥
SN01078,N01078,news,2026-09-23 17:29:00,BAC,company,-0.876,Earnings,8.9,0.958,"Bank of America cuts full-year outlook citing weak demand in what analysts call a major shock. Investors reacted cautiously, citing uncertai"
ST02430,T02430,social,2026-09-23 17:31:00,NVDA,company,-0.152,Other,3.1,0.995,$NVDA breakout incoming?? 🔥
SN01079,N01079,news,2026-09-23 18:15:00,NVDA,company,-0.003,Regulatory/Legal,2.2,0.969,Regulators open consultation on rules affecting the Technology sector. The development was largely expected by market participants.
ST02431,T02431,social,2026-09-23 18:32:00,CVX,company,-0.77,Other,3.1,0.996,$CVX looks bad 😬 bearish 🔥
ST02432,T02432,social,2026-09-23 19:02:00,AMZN,company,-0.194,Other,1.9,0.995,$AMZN volume is low today
ST02433,T02433,social,2026-09-23 19:12:00,GS,company,-0.303,Other,1.9,0.996,$GS VOLUME IS LOW TODAY 📊
ST02434,T02434,social,2026-09-23 19:54:00,NVDA,company,-0.515,Other,2.9,0.995,$NVDA getting hammered rn 📉
ST02435,T02435,social,2026-09-23 19:57:00,XOM,company,-0.519,Regulatory/Legal,4.8,0.982,"$XOM fined again, regulators not messing around"
ST02436,T02436,social,2026-09-23 20:08:00,JPM,company,-0.192,Other,1.9,0.996,$JPM volume is low today
ST02437,T02437,social,2026-09-23 20:38:00,JPM,company,-0.001,Other,1.9,0.996,anyone have thoughts on $JPM? 👀
ST02438,T02438,social,2026-09-23 20:46:00,GS,company,-0.761,Other,3.2,0.992,$GS LOOKS BAD 😬 BEARISH #STOCKS 🤔
ST02439,T02439,social,2026-09-24 06:05:00,NVDA,company,-0.73,Other,3.2,0.991,RT @user_8714: $NVDA looks bad 😬 bearish #stocks 🤔
SN01080,N01080,news,2026-09-24 06:15:00,KO,company,-0.761,Regulatory/Legal,7.1,0.958,"Coca-Cola faces new government investigation into its practices, sending shares lower. Analysts flagged downside risks and trimmed their est"
SN01081,N01081,news,2026-09-24 06:38:00,AMZN,company,0.865,Credit Event,7.7,0.936,a major rating agency upgrades Amazon to A- on improving leverage in a landmark result. Traders cited improving fundamentals and strong mome
SN01082,N01082,news,2026-09-24 07:23:00,PFE,company,0.826,Merger/Acquisition,7.4,0.961,"Pfizer completes acquisition ahead of schedule, synergies seen in a landmark result. Traders cited improving fundamentals and strong momentu"
ST02440,T02440,social,2026-09-24 08:13:00,JNJ,company,-0.347,Other,2.8,0.995,"sold my $JNJ, not liking this"
ST02441,T02441,social,2026-09-24 08:14:00,PFE,company,0.668,Other,3.0,0.994,"$PFE crushing it, bullish"
ST02443,T02443,social,2026-09-24 08:26:00,PFE,company,0.076,Product Launch,5.2,0.991,RT @user_3419: $PFE new launch looks 🔥 early demand is huge
ST02442,T02442,social,2026-09-24 08:26:00,AAPL,company,-0.194,Other,2.0,0.996,$AAPL volume is low today
ST02444,T02444,social,2026-09-24 08:55:00,AAPL,company,-0.646,Other,2.9,0.991,ugh $AAPL again... down bad #trading
ST02445,T02445,social,2026-09-24 08:58:00,PFE,company,0.758,Credit Event,5.1,0.99,"$PFE CREDIT UPGRADE, BALANCE SHEET LOOKING HEALTHIER ✅ 👀"
SN01083,N01083,news,2026-09-24 09:59:00,GOOGL,company,0.81,Product Launch,5.0,0.914,"Alphabet launches AI assistant to strong reviews, sparking a strong rally. Investors responded positively, with analysts raising price targe"
ST02446,T02446,social,2026-09-24 10:00:00,,market,0.596,Geopolitical,5.9,0.982,ceasefire!! risk on 🟢 #markets
SN01084,N01084,news,2026-09-24 10:30:00,,market,0.829,Geopolitical,4.7,0.918,"Trade agreement signed with partners in Eastern Europe cheers markets, lifting shares. Traders cited improving fundamentals and strong momen"
ST02447,T02447,social,2026-09-24 11:16:00,GS,company,-0.598,Product Launch,5.1,0.965,"$GS delaying the launch again, not good #markets"
ST02448,T02448,social,2026-09-24 11:16:00,META,company,0.437,Other,3.0,0.994,$META looking strong today 🚀
ST02449,T02449,social,2026-09-24 11:25:00,BAC,company,-0.003,Other,1.9,0.996,"$BAC flat, nothing happening"
ST02450,T02450,social,2026-09-24 11:29:00,,market,0.666,Geopolitical,5.8,0.971,"trade deal signed, finally good news 🎉"
SN01085,N01085,news,2026-09-24 11:37:00,GS,company,-0.655,Regulatory/Legal,6.2,0.962,"Goldman Sachs loses court ruling, appeal expected, sending shares lower. Investors reacted cautiously, citing uncertainty over near-term out"
SN01086,N01086,news,2026-09-24 11:58:00,MSFT,company,0.761,Product Launch,3.8,0.947,"Microsoft launches developer toolkit to strong reviews, lifting shares. Investors responded positively, with analysts raising price targets."
ST02451,T02451,social,2026-09-24 12:06:00,MSFT,company,0.668,Other,3.0,0.993,"$MSFT crushing it, bullish 📊"
SN01087,N01087,news,2026-09-24 12:12:00,WMT,company,0.005,Earnings,2.0,0.953,Walmart earnings come in line with analyst expectations. Analysts said it was too early to assess any lasting impact.
ST02452,T02452,social,2026-09-24 12:38:00,META,company,-0.558,Merger/Acquisition,5.0,0.982,$META OVERPAYING FOR THIS ACQUISITION IMO 🤔
ST02453,T02453,social,2026-09-24 12:49:00,NVDA,company,-0.35,Other,3.1,0.993,"sold my $NVDA, not liking this #trading"
ST02454,T02454,social,2026-09-24 13:04:00,MSFT,company,0.5,Merger/Acquisition,3.0,0.991,"bought more $MSFT on the dip, feeling good 📈 #stocks"
ST02455,T02455,social,2026-09-24 13:05:00,JPM,company,-0.001,Other,2.0,0.996,"$JPM FLAT, NOTHING HAPPENING 📊"
ST02456,T02456,social,2026-09-24 13:32:00,NVDA,company,-0.623,Credit Event,5.4,0.979,"$NVDA DOWNGRADED, SPREADS WIDENING ⚠️ #CREDIT #STOCKS"
ST02457,T02457,social,2026-09-24 13:41:00,CVX,company,0.736,Credit Event,4.8,0.975,"$CVX CREDIT UPGRADE, BALANCE SHEET LOOKING HEALTHIER ✅ #MARKETS"
SN01088,N01088,news,2026-09-24 13:44:00,KO,company,-0.907,Credit Event,9.4,0.928,"Coca-Cola warns of covenant breach as cash flow tightens, triggering a sharp selloff. Analysts flagged downside risks and trimmed their esti"
ST02458,T02458,social,2026-09-24 13:50:00,,market,0.6,Geopolitical,6.1,0.979,ceasefire!! risk on 🟢 #markets
ST02459,T02459,social,2026-09-24 14:46:00,GS,company,-0.001,Other,2.0,0.996,RT @user_4537: anyone have thoughts on $GS?
ST02460,T02460,social,2026-09-24 14:59:00,AMZN,company,0.641,Other,2.8,0.987,"$AMZN crushing it, bullish #investing"
ST02461,T02461,social,2026-09-24 15:08:00,META,company,-0.519,Other,3.0,0.995,RT @user_7264: $META getting hammered rn 📉
ST02462,T02462,social,2026-09-24 15:10:00,AMZN,company,-0.076,Merger/Acquisition,4.9,0.976,RT @user_5638: $AMZN ACQUISITION COULD BE A GAME CHANGER 👀🔥 #STOCKS
ST02463,T02463,social,2026-09-24 15:15:00,JPM,company,-0.659,Other,3.0,0.995,ugh $JPM again... down bad
ST02464,T02464,social,2026-09-24 15:24:00,META,company,-0.162,Other,3.3,0.985,$META breakout incoming?? 🔥 #investing 👀
ST02465,T02465,social,2026-09-24 15:27:00,GOOGL,company,-0.191,Other,1.9,0.994,$GOOGL volume is low today #stocks
ST02466,T02466,social,2026-09-24 15:33:00,META,company,0.696,Credit Event,5.3,0.99,"$META credit upgrade, balance sheet looking healthier ✅"
ST02467,T02467,social,2026-09-24 15:36:00,PFE,company,0.576,Other,3.0,0.994,"$PFE crushing it, bullish 🔥"
ST02468,T02468,social,2026-09-24 15:40:00,GOOGL,company,-0.586,Product Launch,5.0,0.973,"$GOOGL delaying the launch again, not good #trading"
ST02469,T02469,social,2026-09-24 15:56:00,,market,-0.58,Macroeconomic,6.1,0.988,recession signals flashing red 🚨 #macro
ST02470,T02470,social,2026-09-24 16:02:00,GS,company,-0.66,Regulatory/Legal,4.5,0.986,"$GS under investigation, this could get ugly 📊"
ST02471,T02471,social,2026-09-24 16:21:00,GS,company,-0.579,Merger/Acquisition,5.5,0.983,"$GS merger facing antitrust heat, deal at risk"
ST02472,T02472,social,2026-09-24 16:29:00,JNJ,company,0.414,Other,3.0,0.991,$JNJ looking strong today 🚀 #stocks
SN01089,N01089,news,2026-09-24 16:34:00,AMZN,company,0.83,Product Launch,5.0,0.938,"Amazon launches beverage line to strong reviews, sparking a strong rally. Traders cited improving fundamentals and strong momentum."
ST02473,T02473,social,2026-09-24 16:45:00,XOM,company,-0.193,Other,2.0,0.996,$XOM volume is low today
ST02474,T02474,social,2026-09-24 16:47:00,AAPL,company,-0.64,Earnings,5.1,0.989,"$AAPL margins shrinking, earnings were weak"
ST02475,T02475,social,2026-09-24 17:03:00,GOOGL,company,-0.193,Other,2.0,0.996,$GOOGL volume is low today
ST02476,T02476,social,2026-09-24 17:07:00,GS,company,-0.726,Other,2.6,0.989,$GS looks bad 😬 bearish #markets
ST02477,T02477,social,2026-09-24 17:12:00,GS,company,-0.587,Other,2.9,0.995,$GS GETTING HAMMERED RN 📉
ST02479,T02479,social,2026-09-24 17:18:00,GS,company,-0.561,Credit Event,5.3,0.969,"RT @user_9857: $GS debt worries growing, bonds selling off #investing"
ST02478,T02478,social,2026-09-24 17:18:00,MSFT,company,0.576,Other,3.0,0.994,"$MSFT crushing it, bullish 🔥"
ST02480,T02480,social,2026-09-24 17:21:00,AMZN,company,-0.002,Other,1.9,0.996,watching $AMZN today 📊
ST02481,T02481,social,2026-09-24 17:25:00,AAPL,company,-0.792,Product Launch,5.8,0.963,"RT @user_2816: $AAPL PRODUCT RECALL, YIKES 😬 #MARKETS"
SN01090,N01090,news,2026-09-24 18:21:00,JNJ,company,-0.655,Product Launch,6.0,0.965,"Johnson & Johnson recalls vaccine over safety defect. Investors reacted cautiously, citing uncertainty over near-term outlook."
ST02482,T02482,social,2026-09-24 18:34:00,BAC,company,-0.347,Other,2.9,0.991,"sold my $BAC, not liking this #markets"
SN01091,N01091,news,2026-09-24 18:41:00,,market,0.859,Geopolitical,6.6,0.933,Trade agreement signed with partners in Eastern Europe cheers markets in a landmark result. Traders cited improving fundamentals and strong 
ST02483,T02483,social,2026-09-24 19:04:00,,market,0.596,Geopolitical,5.9,0.982,ceasefire!! risk on 🟢 #markets
ST02484,T02484,social,2026-09-24 19:20:00,NVDA,company,0.436,Other,3.0,0.995,$NVDA looking strong today 🚀
ST02485,T02485,social,2026-09-24 19:31:00,PFE,company,0.525,Other,3.1,0.995,$PFE LOOKING STRONG TODAY 🚀
SN01092,N01092,news,2026-09-24 19:40:00,CVX,company,-0.65,Regulatory/Legal,6.1,0.968,"Chevron loses court ruling, appeal expected, sending shares lower. Investors reacted cautiously, citing uncertainty over near-term outlook."
ST02486,T02486,social,2026-09-24 19:46:00,CVX,company,-0.14,Product Launch,5.2,0.991,$CVX new launch looks 🔥 early demand is huge 🔥
ST02487,T02487,social,2026-09-24 19:52:00,AAPL,company,0.665,Other,2.9,0.994,"$AAPL crushing it, bullish"
ST02488,T02488,social,2026-09-24 19:59:00,NVDA,company,-0.188,Other,1.9,0.995,$NVDA volume is low today #investing
ST02490,T02490,social,2026-09-24 20:08:00,META,company,0.075,Product Launch,5.2,0.991,$META new launch looks 🔥 early demand is huge
ST02489,T02489,social,2026-09-24 20:08:00,GS,company,0.509,Merger/Acquisition,3.1,0.994,"bought more $GS on the dip, feeling good 📈 🤔"
SN01093,N01093,news,2026-09-24 20:25:00,XOM,company,-0.659,Merger/Acquisition,5.0,0.954,"Exxon Mobil walks away from $19bn takeover talks, sending shares lower. Analysts flagged downside risks and trimmed their estimates."
ST02491,T02491,social,2026-09-24 20:28:00,MSFT,company,0.506,Merger/Acquisition,3.0,0.992,"bought more $MSFT on the dip, feeling good 📈 #trading"
ST02492,T02492,social,2026-09-25 06:22:00,JNJ,company,0.435,Other,3.0,0.995,$JNJ looking strong today 🚀
ST02493,T02493,social,2026-09-25 07:08:00,JPM,company,0.003,Other,1.8,0.993,watching $JPM today #trading
SN01094,N01094,news,2026-09-25 07:24:00,,market,0.862,Macroeconomic,6.5,0.897,"Inflation cools to 7.3%, raising hopes of rate cuts, sparking a strong rally. Investors responded positively, with analysts raising price ta"
ST02494,T02494,social,2026-09-25 08:02:00,KO,company,-0.348,Other,2.8,0.995,"sold my $KO, not liking this"
ST02495,T02495,social,2026-09-25 08:05:00,BAC,company,0.692,Credit Event,5.1,0.99,"$BAC credit upgrade, balance sheet looking healthier ✅ 🤔"
SN01095,N01095,news,2026-09-25 08:18:00,JNJ,company,-0.748,Credit Event,6.8,0.94,"Johnson & Johnson bond spreads widen on liquidity concerns, sending shares lower. Investors reacted cautiously, citing uncertainty over near"
ST02496,T02496,social,2026-09-25 08:21:00,AAPL,company,-0.002,Other,2.0,0.996,"$AAPL flat, nothing happening"
ST02498,T02498,social,2026-09-25 08:31:00,NVDA,company,-0.468,Merger/Acquisition,5.0,0.976,$NVDA overpaying for this acquisition imo #markets
ST02497,T02497,social,2026-09-25 08:31:00,META,company,0.435,Other,3.0,0.995,$META looking strong today 🚀
ST02499,T02499,social,2026-09-25 08:56:00,NVDA,company,0.437,Other,3.1,0.995,$NVDA looking strong today 🚀
ST02500,T02500,social,2026-09-25 09:11:00,MSFT,company,0.073,Product Launch,5.1,0.991,$MSFT new launch looks 🔥 early demand is huge
ST02501,T02501,social,2026-09-25 09:17:00,XOM,company,-0.519,Other,3.0,0.995,$XOM getting hammered rn 📉
SN01096,N01096,news,2026-09-25 09:28:00,PFE,company,-0.783,Credit Event,6.3,0.961,Pfizer bond spreads widen on liquidity concerns. Analysts flagged downside risks and trimmed their estimates.
ST02502,T02502,social,2026-09-25 09:31:00,NVDA,company,-0.053,Merger/Acquisition,5.1,0.99,$NVDA acquisition could be a game changer 👀🔥
ST02503,T02503,social,2026-09-25 09:35:00,,market,-0.835,Geopolitical,6.0,0.988,"war escalating, markets gonna bleed 😰 #markets"
ST02504,T02504,social,2026-09-25 09:36:00,PFE,company,0.076,Product Launch,5.2,0.991,$PFE new launch looks 🔥 early demand is huge
ST02505,T02505,social,2026-09-25 10:05:00,,market,0.667,Geopolitical,5.9,0.967,"RT @user_7131: trade deal signed, finally good news 🎉"
ST02506,T02506,social,2026-09-25 10:15:00,KO,company,-0.659,Other,3.0,0.995,ugh $KO again... down bad
ST02507,T02507,social,2026-09-25 10:43:00,NVDA,company,-0.195,Other,1.9,0.996,RT @user_5167: $NVDA volume is low today
SN01097,N01097,news,2026-09-25 10:46:00,KO,company,0.656,Product Launch,3.2,0.967,"Coca-Cola launches delivery service to strong reviews. Investors responded positively, with analysts raising price targets."
ST02508,T02508,social,2026-09-25 11:04:00,XOM,company,0.636,Merger/Acquisition,3.1,0.994,"BOUGHT MORE $XOM ON THE DIP, FEELING GOOD 📈"
ST02509,T02509,social,2026-09-25 11:13:00,PFE,company,0.063,Product Launch,5.1,0.984,$PFE new launch looks 🔥 early demand is huge #stocks
ST02510,T02510,social,2026-09-25 11:27:00,GS,company,-0.346,Other,2.7,0.994,"sold my $GS, not liking this"
SN01098,N01098,news,2026-09-25 11:42:00,JNJ,company,-0.644,Product Launch,5.9,0.97,"Johnson & Johnson recalls oncology drug over safety defect. Investors reacted cautiously, citing uncertainty over near-term outlook."
SN01099,N01099,news,2026-09-25 12:12:00,META,company,0.825,Earnings,5.7,0.978,"Meta Platforms raises full-year guidance after a strong quarter, lifting shares. Investors responded positively, with analysts raising price"
SN01100,N01100,news,2026-09-25 12:17:00,CVX,company,0.86,Earnings,6.7,0.973,"Chevron posts record profit, with earnings per share ahead of consensus, lifting shares. Investors responded positively, with analysts raisi"
SN01101,N01101,news,2026-09-25 12:53:00,AMZN,company,0.706,Product Launch,2.7,0.969,Amazon launches delivery service to strong reviews. Traders cited improving fundamentals and strong momentum.
SN01102,N01102,news,2026-09-25 13:36:00,AMZN,company,0.709,Credit Event,7.1,0.96,Amazon refinances debt at lower rates and extends maturities in a landmark result. Traders cited improving fundamentals and strong momentum.
ST02511,T02511,social,2026-09-25 13:37:00,META,company,0.809,Regulatory/Legal,5.0,0.994,$META wins approval 🎉 big relief
ST02512,T02512,social,2026-09-25 13:52:00,AMZN,company,-0.002,Other,2.0,0.997,watching $AMZN today
SN01103,N01103,news,2026-09-25 13:56:00,NVDA,company,-0.74,Credit Event,6.7,0.928,"NVIDIA raises loan loss provisions by 6.0% as defaults rise, sending shares lower. Investors reacted cautiously, citing uncertainty over nea"
ST02513,T02513,social,2026-09-25 14:06:00,NVDA,company,0.809,Regulatory/Legal,5.0,0.994,$NVDA wins approval 🎉 big relief 💬
SN01104,N01104,news,2026-09-25 14:19:00,,market,0.834,Macroeconomic,5.8,0.907,"Inflation cools to 7.7%, raising hopes of rate cuts, lifting shares. Investors responded positively, with analysts raising price targets."
SN01105,N01105,news,2026-09-25 14:30:00,BAC,company,0.001,Product Launch,2.3,0.959,Bank of America announces date for its next digital banking app event. Analysts said it was too early to assess any lasting impact.
SN01106,N01106,news,2026-09-25 14:35:00,META,company,0.501,Regulatory/Legal,3.2,0.979,Meta Platforms settles lawsuit on favourable terms. Traders cited improving fundamentals and strong momentum.
SN01107,N01107,news,2026-09-25 15:45:00,GOOGL,company,-0.748,Credit Event,6.9,0.924,"Alphabet raises loan loss provisions by 12.5% as defaults rise, sending shares lower. Investors reacted cautiously, citing uncertainty over "
ST02514,T02514,social,2026-09-25 15:59:00,PFE,company,0.635,Merger/Acquisition,3.1,0.994,"BOUGHT MORE $PFE ON THE DIP, FEELING GOOD 📈"
ST02515,T02515,social,2026-09-25 16:11:00,JNJ,company,-0.736,Regulatory/Legal,4.5,0.987,"$JNJ UNDER INVESTIGATION, THIS COULD GET UGLY"
ST02516,T02516,social,2026-09-25 16:21:00,WMT,company,0.591,Credit Event,5.2,0.99,"$WMT credit upgrade, balance sheet looking healthier ✅ 🔥"
ST02517,T02517,social,2026-09-25 16:42:00,GOOGL,company,-0.15,Other,3.1,0.996,$GOOGL breakout incoming?? 🔥
SN01108,N01108,news,2026-09-25 16:50:00,AAPL,company,-0.855,Merger/Acquisition,6.7,0.958,"Apple overpays for acquisition, analysts warn of dilution, triggering a sharp selloff. Investors reacted cautiously, citing uncertainty over"
ST02518,T02518,social,2026-09-25 16:54:00,XOM,company,0.001,Other,1.9,0.996,RT @user_2052: anyone have thoughts on $XOM?
ST02519,T02519,social,2026-09-25 17:04:00,NVDA,company,-0.737,Other,3.6,0.991,RT @user_9410: $NVDA looks bad 😬 bearish #stocks
SN01109,N01109,news,2026-09-25 17:05:00,JPM,company,-0.883,Credit Event,9.2,0.946,"a major rating agency downgrades JPMorgan Chase to BBB amid rising debt in what analysts call a major shock. Investors reacted cautiously, c"
ST02520,T02520,social,2026-09-25 17:17:00,BAC,company,-0.002,Other,2.0,0.997,watching $BAC today
ST02521,T02521,social,2026-09-25 17:21:00,XOM,company,-0.347,Other,2.8,0.995,"sold my $XOM, not liking this"
ST02522,T02522,social,2026-09-25 17:38:00,MSFT,company,0.501,Merger/Acquisition,2.8,0.992,"bought more $MSFT on the dip, feeling good 📈 #trading"
ST02523,T02523,social,2026-09-25 17:44:00,GS,company,-0.732,Other,2.9,0.989,$GS looks bad 😬 bearish #markets
ST02524,T02524,social,2026-09-25 18:00:00,JPM,company,-0.57,Merger/Acquisition,5.2,0.985,"$JPM merger facing antitrust heat, deal at risk 👀"
ST02525,T02525,social,2026-09-25 18:11:00,NVDA,company,0.665,Other,2.9,0.994,"$NVDA crushing it, bullish"
SN01110,N01110,news,2026-09-25 18:18:00,AMZN,company,-0.007,Regulatory/Legal,1.7,0.959,Regulators open consultation on rules affecting the Consumer sector. The development was largely expected by market participants.
SN01111,N01111,news,2026-09-25 18:28:00,GS,company,0.004,Regulatory/Legal,2.3,0.943,Regulators open consultation on rules affecting the Financials sector. Analysts said it was too early to assess any lasting impact.
SN01112,N01112,news,2026-09-25 18:46:00,JPM,company,-0.799,Regulatory/Legal,7.0,0.964,"JPMorgan Chase loses court ruling, appeal expected, triggering a sharp selloff. Investors reacted cautiously, citing uncertainty over near-t"
ST02526,T02526,social,2026-09-25 18:48:00,PFE,company,-0.632,Other,2.9,0.995,$PFE getting hammered rn 📉 🔥
ST02527,T02527,social,2026-09-25 19:08:00,AMZN,company,-0.008,Other,2.2,0.992,"RT @user_8978: $AMZN flat, nothing happening #stocks"
ST02528,T02528,social,2026-09-25 19:21:00,WMT,company,-0.15,Other,3.1,0.996,RT @user_2338: $WMT breakout incoming?? 🔥
ST02529,T02529,social,2026-09-25 19:22:00,AMZN,company,-0.0,Other,1.9,0.997,watching $AMZN today
SN01113,N01113,news,2026-09-25 19:33:00,AAPL,company,-0.751,Merger/Acquisition,5.6,0.948,"Apple walks away from $15bn takeover talks, triggering a sharp selloff. Investors reacted cautiously, citing uncertainty over near-term outl"
SN01114,N01114,news,2026-09-25 19:39:00,KO,company,-0.711,Merger/Acquisition,7.0,0.945,"Coca-Cola faces antitrust challenge over proposed $10bn merger, sending shares lower. Analysts flagged downside risks and trimmed their esti"
SN01115,N01115,news,2026-09-25 19:46:00,META,company,-0.558,Merger/Acquisition,4.9,0.932,"Meta Platforms walks away from $20bn takeover talks, sending shares lower. Investors reacted cautiously, citing uncertainty over near-term o"
ST02530,T02530,social,2026-09-25 19:58:00,JPM,company,-0.189,Other,1.7,0.995,$JPM volume is low today #trading
ST02531,T02531,social,2026-09-25 20:27:00,GOOGL,company,-0.517,Other,2.9,0.995,$GOOGL getting hammered rn 📉
ST02532,T02532,social,2026-09-28 06:04:00,,market,0.49,Macroeconomic,5.8,0.976,"RT @user_7930: jobs data strong, soft landing vibes ✅ #macro"
SN01116,N01116,news,2026-09-28 06:12:00,GS,company,-0.892,Earnings,7.9,0.96,"Goldman Sachs cuts full-year outlook citing weak demand, triggering a sharp selloff. Analysts flagged downside risks and trimmed their estim"
ST02533,T02533,social,2026-09-28 06:24:00,META,company,0.665,Other,2.9,0.994,"$META crushing it, bullish 🤔"
ST02534,T02534,social,2026-09-28 06:26:00,META,company,-0.055,Merger/Acquisition,5.1,0.99,$META acquisition could be a game changer 👀🔥
ST02535,T02535,social,2026-09-28 06:29:00,PFE,company,0.436,Other,3.0,0.995,$PFE looking strong today 🚀
ST02536,T02536,social,2026-09-28 06:58:00,GOOGL,company,-0.348,Other,2.8,0.995,"sold my $GOOGL, not liking this"
ST02537,T02537,social,2026-09-28 07:12:00,JNJ,company,0.665,Other,2.9,0.994,"$JNJ crushing it, bullish"
ST02538,T02538,social,2026-09-28 07:21:00,XOM,company,-0.147,Other,3.2,0.996,$XOM breakout incoming?? 🔥
ST02539,T02539,social,2026-09-28 08:03:00,GS,company,0.692,Credit Event,5.0,0.989,"$GS credit upgrade, balance sheet looking healthier ✅"
ST02540,T02540,social,2026-09-28 08:04:00,,market,0.667,Geopolitical,5.9,0.967,"RT @user_2336: trade deal signed, finally good news 🎉"
SN01117,N01117,news,2026-09-28 08:14:00,,market,0.004,Macroeconomic,2.2,0.928,Central bank minutes due for release on Wednesday. The development was largely expected by market participants.
ST02541,T02541,social,2026-09-28 08:29:00,GOOGL,company,-0.528,Regulatory/Legal,5.1,0.98,"$GOOGL fined again, regulators not messing around #trading"
ST02542,T02542,social,2026-09-28 08:30:00,NVDA,company,-0.787,Earnings,5.3,0.985,$NVDA missed earnings and cut guide... brutal 📉
ST02543,T02543,social,2026-09-28 08:39:00,GOOGL,company,-0.518,Other,2.9,0.995,$GOOGL getting hammered rn 📉
SN01118,N01118,news,2026-09-28 09:03:00,,market,0.791,Macroeconomic,4.3,0.877,Strong jobs report boosts growth outlook. Traders cited improving fundamentals and strong momentum.
ST02544,T02544,social,2026-09-28 09:08:00,,market,0.57,Macroeconomic,5.7,0.974,"JOBS DATA STRONG, SOFT LANDING VIBES ✅ #MACRO"
ST02545,T02545,social,2026-09-28 09:29:00,AMZN,company,-0.703,Product Launch,5.4,0.983,"$AMZN DELAYING THE LAUNCH AGAIN, NOT GOOD"
ST02546,T02546,social,2026-09-28 10:08:00,GOOGL,company,-0.574,Credit Event,5.4,0.983,"$GOOGL debt worries growing, bonds selling off"
ST02547,T02547,social,2026-09-28 10:17:00,BAC,company,0.073,Product Launch,5.1,0.991,$BAC new launch looks 🔥 early demand is huge
ST02548,T02548,social,2026-09-28 10:20:00,AAPL,company,0.832,Regulatory/Legal,4.9,0.993,$AAPL WINS APPROVAL 🎉 BIG RELIEF
ST02549,T02549,social,2026-09-28 10:20:00,AMZN,company,-0.191,Other,1.9,0.994,$AMZN volume is low today #stocks
ST02550,T02550,social,2026-09-28 10:40:00,JNJ,company,0.214,Other,3.1,0.995,$JNJ looking strong today 🚀 🔥
SN01119,N01119,news,2026-09-28 10:51:00,JPM,company,-0.003,Regulatory/Legal,2.2,0.96,Regulators open consultation on rules affecting the Financials sector. The development was largely expected by market participants.
ST02551,T02551,social,2026-09-28 10:56:00,JPM,company,-0.347,Other,2.8,0.995,"sold my $JPM, not liking this"
ST02552,T02552,social,2026-09-28 11:05:00,MSFT,company,0.668,Other,3.0,0.994,"$MSFT crushing it, bullish 💬"
SN01120,N01120,news,2026-09-28 11:12:00,PFE,company,-0.821,Product Launch,8.6,0.958,"Pfizer recalls oncology drug over safety defect in what analysts call a major shock. Investors reacted cautiously, citing uncertainty over n"
ST02553,T02553,social,2026-09-28 12:01:00,JNJ,company,-0.002,Other,1.9,0.996,watching $JNJ today
ST02554,T02554,social,2026-09-28 12:10:00,,market,0.488,Macroeconomic,6.0,0.98,"jobs data strong, soft landing vibes ✅ #macro"
ST02555,T02555,social,2026-09-28 12:33:00,JPM,company,-0.501,Other,3.1,0.989,$JPM getting hammered rn 📉 #trading
ST02556,T02556,social,2026-09-28 12:42:00,JPM,company,-0.742,Other,3.1,0.996,$JPM looks bad 😬 bearish 🤔
ST02557,T02557,social,2026-09-28 13:11:00,WMT,company,-0.537,Regulatory/Legal,5.5,0.983,"$WMT fined again, regulators not messing around"
SN01121,N01121,news,2026-09-28 13:27:00,AAPL,company,-0.005,Regulatory/Legal,2.2,0.963,Regulators open consultation on rules affecting the Technology sector. The development was largely expected by market participants.
ST02558,T02558,social,2026-09-28 13:31:00,NVDA,company,-0.189,Other,2.0,0.994,$NVDA volume is low today #investing
ST02559,T02559,social,2026-09-28 13:34:00,GOOGL,company,-0.659,Other,3.0,0.995,ugh $GOOGL again... down bad
ST02560,T02560,social,2026-09-28 13:36:00,MSFT,company,0.668,Other,3.1,0.994,"RT @user_3966: $MSFT crushing it, bullish"
ST02561,T02561,social,2026-09-28 13:40:00,XOM,company,0.51,Merger/Acquisition,3.1,0.994,"bought more $XOM on the dip, feeling good 📈"
SN01122,N01122,news,2026-09-28 13:44:00,GOOGL,company,-0.703,Earnings,7.5,0.942,"Alphabet reports revenue decline of 11.8% year over year in what analysts call a major shock. Investors reacted cautiously, citing uncertain"
ST02562,T02562,social,2026-09-28 13:54:00,CVX,company,0.669,Other,3.0,0.994,"$CVX crushing it, bullish"
ST02563,T02563,social,2026-09-28 14:07:00,PFE,company,-0.055,Merger/Acquisition,5.1,0.991,$PFE acquisition could be a game changer 👀🔥
SN01123,N01123,news,2026-09-28 14:16:00,,market,0.743,Macroeconomic,5.4,0.944,Central bank holds rates and signals easing ahead. Traders cited improving fundamentals and strong momentum.
ST02564,T02564,social,2026-09-28 14:37:00,MSFT,company,-0.346,Other,2.9,0.99,"sold my $MSFT, not liking this #markets"
SN01124,N01124,news,2026-09-28 14:46:00,NVDA,company,-0.805,Regulatory/Legal,7.9,0.949,"NVIDIA loses court ruling, appeal expected in what analysts call a major shock. Investors reacted cautiously, citing uncertainty over near-t"
SN01125,N01125,news,2026-09-28 16:27:00,META,company,0.707,Credit Event,7.0,0.955,Meta Platforms refinances debt at lower rates and extends maturities in a landmark result. Traders cited improving fundamentals and strong m
SN01126,N01126,news,2026-09-28 16:36:00,JNJ,company,-0.833,Regulatory/Legal,7.1,0.964,"Johnson & Johnson loses court ruling, appeal expected, triggering a sharp selloff. Analysts flagged downside risks and trimmed their estimat"
ST02565,T02565,social,2026-09-28 16:47:00,WMT,company,0.001,Other,2.1,0.992,anyone have thoughts on $WMT? #investing
SN01127,N01127,news,2026-09-28 16:55:00,CVX,company,-0.901,Credit Event,9.1,0.913,S&P-style agency downgrades Chevron to A+ amid rising debt in what analysts call a major shock. Analysts flagged downside risks and trimmed 
SN01128,N01128,news,2026-09-28 17:08:00,KO,company,-0.007,Regulatory/Legal,1.7,0.959,Regulators open consultation on rules affecting the Consumer sector. The development was largely expected by market participants.
SN01129,N01129,news,2026-09-28 17:40:00,MSFT,company,0.003,Merger/Acquisition,2.3,0.943,Microsoft confirms it is in talks over a possible acquisition. The development was largely expected by market participants.
SN01130,N01130,news,2026-09-28 18:08:00,AAPL,company,-0.654,Product Launch,6.5,0.965,"Apple recalls software suite over safety defect. Investors reacted cautiously, citing uncertainty over near-term outlook."
ST02566,T02566,social,2026-09-28 18:09:00,JPM,company,-0.658,Regulatory/Legal,4.4,0.985,"$JPM under investigation, this could get ugly"
ST02567,T02567,social,2026-09-28 18:10:00,BAC,company,-0.517,Other,2.9,0.995,$BAC getting hammered rn 📉 💬
SN01131,N01131,news,2026-09-28 19:06:00,KO,company,-0.807,Product Launch,7.0,0.971,Coca-Cola delays delivery service launch after quality issues in what analysts call a major shock. Analysts flagged downside risks and trimm
ST02568,T02568,social,2026-09-28 19:27:00,NVDA,company,0.692,Credit Event,5.0,0.989,"$NVDA credit upgrade, balance sheet looking healthier ✅"
ST02569,T02569,social,2026-09-28 19:32:00,GOOGL,company,-0.73,Other,3.0,0.99,$GOOGL looks bad 😬 bearish #investing
SN01132,N01132,news,2026-09-28 19:41:00,,market,0.844,Geopolitical,7.3,0.901,"Ceasefire in the South China Sea lifts global risk appetite, sparking a strong rally. Traders cited improving fundamentals and strong moment"
SN01133,N01133,news,2026-09-28 19:47:00,CVX,company,-0.573,Earnings,5.0,0.986,Chevron reports revenue decline of 4.8% year over year. Analysts flagged downside risks and trimmed their estimates.
ST02570,T02570,social,2026-09-28 20:38:00,GS,company,-0.002,Other,2.0,0.997,watching $GS today
ST02571,T02571,social,2026-09-29 06:00:00,AMZN,company,0.001,Other,1.9,0.996,ANYONE HAVE THOUGHTS ON $AMZN?
ST02572,T02572,social,2026-09-29 06:04:00,,market,0.49,Macroeconomic,5.8,0.976,"jobs data strong, soft landing vibes ✅ #macro"
ST02573,T02573,social,2026-09-29 06:18:00,BAC,company,-0.189,Other,2.0,0.994,$BAC volume is low today #investing
ST02574,T02574,social,2026-09-29 07:09:00,CVX,company,-0.7,Product Launch,5.2,0.983,"$CVX DELAYING THE LAUNCH AGAIN, NOT GOOD"
ST02575,T02575,social,2026-09-29 07:19:00,MSFT,company,0.437,Other,3.1,0.995,RT @user_3959: $MSFT looking strong today 🚀
SN01134,N01134,news,2026-09-29 07:29:00,META,company,0.784,Regulatory/Legal,4.4,0.979,Meta Platforms wins regulatory approval for its AI assistant. Traders cited improving fundamentals and strong momentum.
ST02576,T02576,social,2026-09-29 07:34:00,JNJ,company,0.556,Earnings,5.5,0.987,$JNJ earnings beat!! EPS way above estimates 🚀 📊
ST02577,T02577,social,2026-09-29 07:48:00,AAPL,company,-0.193,Other,2.0,0.996,$AAPL volume is low today
ST02578,T02578,social,2026-09-29 08:18:00,KO,company,-0.053,Merger/Acquisition,5.1,0.99,$KO acquisition could be a game changer 👀🔥
SN01135,N01135,news,2026-09-29 08:23:00,,market,0.007,Macroeconomic,2.2,0.925,Central bank minutes due for release on Wednesday. Analysts said it was too early to assess any lasting impact.
ST02579,T02579,social,2026-09-29 08:43:00,PFE,company,-0.003,Other,1.9,0.996,"$PFE flat, nothing happening"
ST02580,T02580,social,2026-09-29 08:55:00,META,company,-0.514,Other,3.1,0.988,$META getting hammered rn 📉 #markets
SN01136,N01136,news,2026-09-29 08:55:00,GOOGL,company,0.004,Earnings,2.1,0.955,Alphabet earnings come in line with analyst expectations. Analysts said it was too early to assess any lasting impact.
ST02581,T02581,social,2026-09-29 09:02:00,KO,company,-0.001,Other,1.9,0.996,anyone have thoughts on $KO?
SN01137,N01137,news,2026-09-29 09:12:00,GS,company,0.694,Regulatory/Legal,6.2,0.967,Goldman Sachs settles lawsuit on favourable terms in a landmark result. Traders cited improving fundamentals and strong momentum.
ST02582,T02582,social,2026-09-29 09:26:00,GOOGL,company,-0.003,Other,1.9,0.996,"$GOOGL flat, nothing happening"
ST02583,T02583,social,2026-09-29 10:45:00,JNJ,company,0.807,Regulatory/Legal,4.9,0.991,$JNJ wins approval 🎉 big relief
SN01138,N01138,news,2026-09-29 10:51:00,,market,0.764,Macroeconomic,4.0,0.86,"Strong jobs report boosts growth outlook. Investors responded positively, with analysts raising price targets."
ST02584,T02584,social,2026-09-29 11:06:00,AMZN,company,-0.15,Other,3.1,0.996,$AMZN breakout incoming?? 🔥
ST02585,T02585,social,2026-09-29 11:07:00,GS,company,0.602,Earnings,4.9,0.974,RT @user_7341: $GS EARNINGS BEAT!! EPS WAY ABOVE ESTIMATES 🚀 #MARKETS
ST02586,T02586,social,2026-09-29 11:20:00,,market,-0.574,Macroeconomic,5.9,0.986,recession signals flashing red 🚨 #macro
SN01139,N01139,news,2026-09-29 11:37:00,NVDA,company,-0.87,Credit Event,8.2,0.941,"a major rating agency downgrades NVIDIA to A- amid rising debt, triggering a sharp selloff. Investors reacted cautiously, citing uncertainty"
SN01140,N01140,news,2026-09-29 11:44:00,WMT,company,0.706,Product Launch,2.9,0.96,Walmart launches beverage line to strong reviews. Traders cited improving fundamentals and strong momentum.
ST02587,T02587,social,2026-09-29 12:04:00,KO,company,-0.569,Credit Event,5.1,0.984,"$KO debt worries growing, bonds selling off"
ST02588,T02588,social,2026-09-29 12:16:00,AMZN,company,0.668,Other,3.0,0.993,"$AMZN crushing it, bullish"
ST02589,T02589,social,2026-09-29 12:24:00,META,company,0.546,Earnings,5.3,0.986,$META earnings beat!! EPS way above estimates 🚀 💬
ST02590,T02590,social,2026-09-29 12:28:00,CVX,company,-0.77,Other,3.1,0.996,$CVX looks bad 😬 bearish 🔥
ST02591,T02591,social,2026-09-29 12:51:00,MSFT,company,-0.149,Other,3.1,0.995,$MSFT breakout incoming?? 🔥
ST02592,T02592,social,2026-09-29 12:53:00,AMZN,company,-0.574,Credit Event,5.4,0.982,"$AMZN debt worries growing, bonds selling off"
ST02593,T02593,social,2026-09-29 12:59:00,GOOGL,company,-0.344,Other,2.7,0.991,"RT @user_2937: sold my $GOOGL, not liking this #stocks"
ST02594,T02594,social,2026-09-29 13:18:00,PFE,company,-0.743,Other,3.1,0.996,$PFE looks bad 😬 bearish 💬
ST02595,T02595,social,2026-09-29 13:30:00,JPM,company,-0.518,Other,2.9,0.995,$JPM getting hammered rn 📉 🤔
ST02596,T02596,social,2026-09-29 14:09:00,JPM,company,-0.631,Earnings,5.0,0.985,"$JPM margins shrinking, earnings were weak #trading"
ST02597,T02597,social,2026-09-29 14:27:00,XOM,company,-0.633,Earnings,5.0,0.989,"$XOM margins shrinking, earnings were weak"
SN01141,N01141,news,2026-09-29 14:34:00,CVX,company,-0.815,Product Launch,6.2,0.968,"Chevron delays offshore field launch after quality issues, triggering a sharp selloff. Analysts flagged downside risks and trimmed their est"
ST02598,T02598,social,2026-09-29 14:43:00,MSFT,company,0.18,Other,2.0,0.996,"$MSFT flat, nothing happening 🔥"
ST02599,T02599,social,2026-09-29 15:25:00,PFE,company,0.725,Other,3.1,0.994,"$PFE CRUSHING IT, BULLISH"
ST02600,T02600,social,2026-09-29 15:31:00,CVX,company,-0.055,Merger/Acquisition,5.1,0.991,$CVX acquisition could be a game changer 👀🔥
ST02601,T02601,social,2026-09-29 15:42:00,AMZN,company,-0.001,Other,1.9,0.996,anyone have thoughts on $AMZN?
SN01142,N01142,news,2026-09-29 16:25:00,AMZN,company,-0.724,Earnings,7.1,0.962,"Amazon reports revenue decline of 6.0% year over year, triggering a sharp selloff. Investors reacted cautiously, citing uncertainty over nea"
ST02602,T02602,social,2026-09-29 16:46:00,XOM,company,-0.001,Other,2.0,0.996,"$XOM flat, nothing happening"
ST02603,T02603,social,2026-09-29 16:55:00,PFE,company,-0.621,Merger/Acquisition,5.0,0.982,$PFE overpaying for this acquisition imo 🔥
ST02604,T02604,social,2026-09-29 17:09:00,META,company,-0.771,Other,3.1,0.996,$META LOOKS BAD 😬 BEARISH
ST02605,T02605,social,2026-09-29 17:10:00,WMT,company,-0.001,Other,1.9,0.996,ANYONE HAVE THOUGHTS ON $WMT?
ST02606,T02606,social,2026-09-29 17:28:00,GOOGL,company,-0.653,Regulatory/Legal,4.4,0.984,"$GOOGL under investigation, this could get ugly"
SN01143,N01143,news,2026-09-29 17:31:00,NVDA,company,0.496,Regulatory/Legal,2.9,0.979,NVIDIA settles lawsuit on favourable terms. Traders cited improving fundamentals and strong momentum.
SN01144,N01144,news,2026-09-29 17:51:00,JPM,company,-0.683,Product Launch,4.4,0.983,JPMorgan Chase delays trading platform launch after quality issues. Analysts flagged downside risks and trimmed their estimates.
SN01145,N01145,news,2026-09-29 18:02:00,,market,0.7,Geopolitical,5.2,0.93,"Ceasefire in North Africa lifts global risk appetite. Investors responded positively, with analysts raising price targets."
ST02607,T02607,social,2026-09-29 18:05:00,GOOGL,company,-0.239,Other,1.9,0.996,anyone have thoughts on $GOOGL? 🔥
ST02608,T02608,social,2026-09-29 18:34:00,GOOGL,company,0.01,Other,2.3,0.991,watching $GOOGL today #markets
ST02609,T02609,social,2026-09-29 18:59:00,,market,0.491,Macroeconomic,6.0,0.979,"jobs data strong, soft landing vibes ✅ #macro"
ST02610,T02610,social,2026-09-29 19:07:00,GS,company,-0.635,Other,2.9,0.995,$GS getting hammered rn 📉 🔥
ST02611,T02611,social,2026-09-29 19:49:00,PFE,company,0.5,Merger/Acquisition,2.9,0.991,"bought more $PFE on the dip, feeling good 📈 #trading"
ST02612,T02612,social,2026-09-29 19:55:00,KO,company,0.0,Other,2.0,0.997,watching $KO today 🤔
SN01146,N01146,news,2026-09-29 20:20:00,GS,company,-0.726,Regulatory/Legal,6.1,0.969,"Goldman Sachs loses court ruling, appeal expected, sending shares lower. Analysts flagged downside risks and trimmed their estimates."
ST02613,T02613,social,2026-09-29 20:41:00,GOOGL,company,-0.574,Credit Event,5.4,0.982,"$GOOGL debt worries growing, bonds selling off"
ST02614,T02614,social,2026-09-30 06:23:00,GS,company,-0.656,Regulatory/Legal,4.4,0.978,"$GS under investigation, this could get ugly #trading"
ST02615,T02615,social,2026-09-30 06:57:00,META,company,0.833,Regulatory/Legal,4.9,0.991,$META WINS APPROVAL 🎉 BIG RELIEF
ST02616,T02616,social,2026-09-30 07:17:00,GOOGL,company,-0.518,Other,2.9,0.996,$GOOGL getting hammered rn 📉
SN01147,N01147,news,2026-09-30 07:31:00,AAPL,company,-0.004,Product Launch,2.3,0.953,Apple announces date for its next developer toolkit event. The development was largely expected by market participants.
ST02617,T02617,social,2026-09-30 07:34:00,CVX,company,0.807,Regulatory/Legal,4.9,0.994,$CVX wins approval 🎉 big relief 💬
SN01148,N01148,news,2026-09-30 07:59:00,META,company,0.777,Earnings,5.4,0.987,Meta Platforms beats quarterly earnings estimates as revenue climbs 4.7%. Traders cited improving fundamentals and strong momentum.
ST02618,T02618,social,2026-09-30 08:03:00,PFE,company,0.415,Other,2.7,0.993,$PFE looking strong today 🚀 #trading
ST02619,T02619,social,2026-09-30 08:04:00,META,company,0.548,Earnings,5.2,0.988,RT @user_2213: $META earnings beat!! EPS way above estimates 🚀
ST02620,T02620,social,2026-09-30 08:08:00,META,company,-0.79,Earnings,5.3,0.986,$META missed earnings and cut guide... brutal 📉
SN01149,N01149,news,2026-09-30 08:08:00,,market,-0.901,Macroeconomic,10.0,0.904,GDP contracts by 7.6% in surprise slowdown in what analysts call a major shock. Analysts flagged downside risks and trimmed their estimates.
ST02621,T02621,social,2026-09-30 08:19:00,BAC,company,-0.001,Other,1.9,0.996,anyone have thoughts on $BAC?
SN01150,N01150,news,2026-09-30 08:23:00,GS,company,0.8,Merger/Acquisition,7.7,0.953,"Goldman Sachs to acquire a rival in a $2bn deal expected to boost margins in a landmark result. Investors responded positively, with analyst"
SN01151,N01151,news,2026-09-30 08:30:00,,market,0.877,Macroeconomic,6.6,0.897,"Inflation cools to 6.2%, raising hopes of rate cuts, sparking a strong rally. Traders cited improving fundamentals and strong momentum."
ST02622,T02622,social,2026-09-30 08:33:00,AAPL,company,0.069,Product Launch,5.0,0.991,$AAPL new launch looks 🔥 early demand is huge
ST02623,T02623,social,2026-09-30 08:44:00,NVDA,company,-0.61,Product Launch,5.4,0.983,"$NVDA delaying the launch again, not good"
ST02624,T02624,social,2026-09-30 08:58:00,JNJ,company,-0.742,Other,3.1,0.996,$JNJ looks bad 😬 bearish 👀
SN01152,N01152,news,2026-09-30 09:16:00,AAPL,company,0.876,Regulatory/Legal,6.2,0.955,"Apple wins regulatory approval for its AI chip, sparking a strong rally. Traders cited improving fundamentals and strong momentum."
ST02625,T02625,social,2026-09-30 09:22:00,,market,0.491,Macroeconomic,6.0,0.979,"jobs data strong, soft landing vibes ✅ #macro 📊"
SN01153,N01153,news,2026-09-30 09:32:00,BAC,company,0.702,Product Launch,4.6,0.981,"Bank of America unveils new wealth platform, early orders exceed expectations. Investors responded positively, with analysts raising price t"
ST02626,T02626,social,2026-09-30 09:35:00,,market,0.666,Geopolitical,5.8,0.971,"trade deal signed, finally good news 🎉 👀"
ST02627,T02627,social,2026-09-30 09:42:00,NVDA,company,-0.525,Regulatory/Legal,5.3,0.965,"$NVDA fined again, regulators not messing around #markets"
SN01154,N01154,news,2026-09-30 09:51:00,CVX,company,-0.008,Product Launch,1.9,0.937,Chevron announces date for its next renewables unit event. The development was largely expected by market participants.
ST02628,T02628,social,2026-09-30 10:01:00,META,company,-0.193,Other,2.0,0.996,$META volume is low today
SN01155,N01155,news,2026-09-30 10:17:00,AAPL,company,0.809,Merger/Acquisition,5.2,0.957,"Apple completes acquisition ahead of schedule, synergies seen, lifting shares. Traders cited improving fundamentals and strong momentum."
ST02629,T02629,social,2026-09-30 10:21:00,NVDA,company,-0.728,Other,3.1,0.99,$NVDA looks bad 😬 bearish #trading
SN01156,N01156,news,2026-09-30 10:27:00,JNJ,company,-0.797,Regulatory/Legal,6.9,0.961,"Johnson & Johnson loses court ruling, appeal expected, triggering a sharp selloff. Investors reacted cautiously, citing uncertainty over nea"
ST02630,T02630,social,2026-09-30 10:34:00,MSFT,company,-0.003,Other,1.9,0.996,"$MSFT flat, nothing happening"
SN01157,N01157,news,2026-09-30 10:38:00,AMZN,company,-0.732,Regulatory/Legal,6.3,0.965,"Amazon loses court ruling, appeal expected, sending shares lower. Analysts flagged downside risks and trimmed their estimates."
SN01158,N01158,news,2026-09-30 11:22:00,CVX,company,-0.001,Product Launch,2.3,0.943,Chevron announces date for its next renewables unit event. Analysts said it was too early to assess any lasting impact.
ST02631,T02631,social,2026-09-30 12:24:00,GS,company,0.002,Other,1.8,0.99,"$GS flat, nothing happening #trading"
SN01159,N01159,news,2026-09-30 12:47:00,MSFT,company,0.839,Merger/Acquisition,6.0,0.963,"Microsoft to acquire a rival in a $32bn deal expected to boost margins, lifting shares. Traders cited improving fundamentals and strong mome"
SN01160,N01160,news,2026-09-30 13:01:00,GOOGL,company,-0.844,Credit Event,7.4,0.952,"Alphabet bond spreads widen on liquidity concerns, triggering a sharp selloff. Investors reacted cautiously, citing uncertainty over near-te"
ST02632,T02632,social,2026-09-30 13:27:00,META,company,0.436,Other,3.0,0.995,$META looking strong today 🚀
ST02633,T02633,social,2026-09-30 13:29:00,META,company,0.418,Other,2.8,0.992,$META looking strong today 🚀 #investing
SN01161,N01161,news,2026-09-30 13:58:00,JNJ,company,0.839,Earnings,5.5,0.974,"Johnson & Johnson raises full-year guidance after a strong quarter, lifting shares. Traders cited improving fundamentals and strong momentum"
ST02634,T02634,social,2026-09-30 14:06:00,WMT,company,-0.663,Regulatory/Legal,4.6,0.987,"$WMT under investigation, this could get ugly"
ST02635,T02635,social,2026-09-30 14:29:00,GOOGL,company,-0.652,Regulatory/Legal,4.5,0.973,"$GOOGL under investigation, this could get ugly #trading"
ST02636,T02636,social,2026-09-30 14:44:00,JPM,company,-0.616,Credit Event,4.9,0.985,"$JPM DOWNGRADED, SPREADS WIDENING ⚠️ #CREDIT"
SN01162,N01162,news,2026-09-30 15:07:00,META,company,0.809,Merger/Acquisition,5.2,0.957,"Meta Platforms completes acquisition ahead of schedule, synergies seen, lifting shares. Traders cited improving fundamentals and strong mome"
SN01163,N01163,news,2026-09-30 15:20:00,BAC,company,0.653,Product Launch,4.4,0.98,"Bank of America unveils new trading platform, early orders exceed expectations. Traders cited improving fundamentals and strong momentum."
ST02637,T02637,social,2026-09-30 15:27:00,AMZN,company,-0.637,Earnings,5.4,0.988,"$AMZN margins shrinking, earnings were weak"
ST02638,T02638,social,2026-09-30 15:36:00,GS,company,-0.152,Other,3.1,0.995,$GS breakout incoming?? 🔥
SN01164,N01164,news,2026-09-30 15:42:00,MSFT,company,-0.007,Regulatory/Legal,2.0,0.962,Regulators open consultation on rules affecting the Technology sector. The development was largely expected by market participants.
ST02639,T02639,social,2026-09-30 16:14:00,WMT,company,0.002,Other,1.8,0.99,"$WMT flat, nothing happening #trading"
ST02640,T02640,social,2026-09-30 16:39:00,GOOGL,company,-0.347,Other,2.8,0.995,"sold my $GOOGL, not liking this"
ST02641,T02641,social,2026-09-30 16:42:00,AMZN,company,-0.189,Other,2.1,0.994,$AMZN volume is low today #stocks
ST02642,T02642,social,2026-09-30 17:19:00,JPM,company,-0.347,Other,2.8,0.995,"sold my $JPM, not liking this"
SN01165,N01165,news,2026-09-30 17:35:00,JPM,company,0.879,Earnings,8.6,0.975,"JPMorgan Chase posts record profit, with earnings per share ahead of consensus in a landmark result. Investors responded positively, with an"
ST02643,T02643,social,2026-09-30 17:38:00,WMT,company,-0.572,Merger/Acquisition,5.3,0.974,"$WMT merger facing antitrust heat, deal at risk #stocks"
ST02644,T02644,social,2026-09-30 17:49:00,,market,0.516,Macroeconomic,5.7,0.984,"cpi cooled, rate cuts soon? 📈 #Fed"
ST02645,T02645,social,2026-09-30 17:55:00,KO,company,0.183,Earnings,5.5,0.982,"$KO smashing guidance, loading up 📈"
ST02646,T02646,social,2026-09-30 18:02:00,AMZN,company,-0.526,Regulatory/Legal,5.3,0.97,"$AMZN fined again, regulators not messing around #markets"
ST02647,T02647,social,2026-09-30 18:06:00,AMZN,company,-0.66,Regulatory/Legal,4.5,0.986,"$AMZN under investigation, this could get ugly 💬"
ST02648,T02648,social,2026-09-30 18:45:00,,market,0.521,Macroeconomic,6.0,0.978,"cpi cooled, rate cuts soon? 📈 #Fed"
ST02649,T02649,social,2026-09-30 19:18:00,META,company,-0.001,Other,1.9,0.996,anyone have thoughts on $META?
SN01166,N01166,news,2026-09-30 19:21:00,AMZN,company,-0.819,Product Launch,8.7,0.952,"Amazon recalls beverage line over safety defect in what analysts call a major shock. Investors reacted cautiously, citing uncertainty over n"
ST02650,T02650,social,2026-09-30 19:24:00,,market,0.667,Geopolitical,5.9,0.967,"trade deal signed, finally good news 🎉"
ST02651,T02651,social,2026-09-30 19:48:00,CVX,company,-0.001,Other,1.9,0.996,anyone have thoughts on $CVX?
SN01167,N01167,news,2026-09-30 20:00:00,AAPL,company,-0.774,Product Launch,6.1,0.966,"Apple delays developer toolkit launch after quality issues, triggering a sharp selloff. Investors reacted cautiously, citing uncertainty ove"
SN01168,N01168,news,2026-09-30 20:02:00,PFE,company,-0.573,Product Launch,3.9,0.968,"Pfizer delays oncology drug launch after quality issues. Investors reacted cautiously, citing uncertainty over near-term outlook."
SN01169,N01169,news,2026-09-30 20:06:00,KO,company,0.802,Credit Event,5.3,0.968,Moody's-style agency upgrades Coca-Cola to BB+ on improving leverage. Traders cited improving fundamentals and strong momentum.
ST02652,T02652,social,2026-09-30 20:08:00,,market,0.499,Macroeconomic,6.0,0.968,"cpi cooled, rate cuts soon? 📈 #Fed #investing"
ST02653,T02653,social,2026-09-30 20:13:00,XOM,company,-0.185,Other,2.1,0.993,$XOM volume is low today #markets
ST02654,T02654,social,2026-09-30 20:20:00,,market,0.534,Macroeconomic,6.1,0.96,"JOBS DATA STRONG, SOFT LANDING VIBES ✅ #MACRO #INVESTING"
ST02655,T02655,social,2026-09-30 20:26:00,AAPL,company,-0.074,Merger/Acquisition,5.1,0.979,$AAPL acquisition could be a game changer 👀🔥 #stocks
ST02656,T02656,social,2026-09-30 20:33:00,KO,company,0.696,Credit Event,5.2,0.99,"$KO credit upgrade, balance sheet looking healthier ✅"
ST02657,T02657,social,2026-10-01 06:18:00,PFE,company,-0.055,Merger/Acquisition,5.0,0.99,$PFE acquisition could be a game changer 👀🔥
ST02658,T02658,social,2026-10-01 06:22:00,GS,company,-0.507,Other,3.1,0.989,$GS getting hammered rn 📉 #trading
ST02659,T02659,social,2026-10-01 06:29:00,GS,company,-0.348,Other,2.8,0.995,"sold my $GS, not liking this 🤔"
SN01170,N01170,news,2026-10-01 06:52:00,XOM,company,-0.794,Merger/Acquisition,7.0,0.945,Exxon Mobil walks away from $7bn takeover talks in what analysts call a major shock. Analysts flagged downside risks and trimmed their estim
SN01171,N01171,news,2026-10-01 07:03:00,,market,0.839,Macroeconomic,6.5,0.921,"Central bank holds rates and signals easing ahead, sparking a strong rally. Investors responded positively, with analysts raising price targ"
ST02660,T02660,social,2026-10-01 07:10:00,GOOGL,company,-0.772,Other,3.1,0.996,$GOOGL LOOKS BAD 😬 BEARISH
ST02661,T02661,social,2026-10-01 07:12:00,JNJ,company,0.808,Regulatory/Legal,5.1,0.992,$JNJ wins approval 🎉 big relief
ST02662,T02662,social,2026-10-01 07:22:00,,market,0.511,Macroeconomic,5.9,0.968,"cpi cooled, rate cuts soon? 📈 #Fed #markets"
ST02663,T02663,social,2026-10-01 07:23:00,CVX,company,0.003,Other,1.8,0.988,anyone have thoughts on $CVX? #markets 💬
ST02664,T02664,social,2026-10-01 07:26:00,WMT,company,-0.147,Other,3.2,0.996,$WMT breakout incoming?? 🔥
ST02665,T02665,social,2026-10-01 07:30:00,PFE,company,-0.518,Other,2.9,0.996,$PFE getting hammered rn 📉
ST02666,T02666,social,2026-10-01 08:04:00,GS,company,-0.742,Other,3.1,0.996,$GS looks bad 😬 bearish
ST02667,T02667,social,2026-10-01 08:18:00,GOOGL,company,-0.571,Credit Event,5.3,0.986,"$GOOGL debt worries growing, bonds selling off"
ST02668,T02668,social,2026-10-01 08:41:00,,market,0.657,Geopolitical,5.5,0.961,"RT @user_7706: trade deal signed, finally good news 🎉 #investing"
ST02669,T02669,social,2026-10-01 08:48:00,GOOGL,company,-0.518,Other,2.9,0.995,$GOOGL getting hammered rn 📉 💬
ST02670,T02670,social,2026-10-01 09:08:00,PFE,company,-0.053,Merger/Acquisition,5.1,0.99,RT @user_6792: $PFE ACQUISITION COULD BE A GAME CHANGER 👀🔥 📊
SN01172,N01172,news,2026-10-01 09:17:00,META,company,0.523,Credit Event,4.6,0.965,Meta Platforms refinances debt at lower rates and extends maturities. Traders cited improving fundamentals and strong momentum.
ST02671,T02671,social,2026-10-01 09:27:00,GOOGL,company,-0.51,Other,3.1,0.987,RT @user_9631: $GOOGL getting hammered rn 📉 #markets
ST02672,T02672,social,2026-10-01 09:27:00,AAPL,company,0.553,Earnings,5.6,0.986,$AAPL earnings beat!! EPS way above estimates 🚀
SN01173,N01173,news,2026-10-01 09:40:00,AAPL,company,0.798,Regulatory/Legal,4.5,0.971,Apple wins regulatory approval for its software suite. Traders cited improving fundamentals and strong momentum.
ST02673,T02673,social,2026-10-01 09:49:00,GS,company,0.49,Merger/Acquisition,2.9,0.989,"bought more $GS on the dip, feeling good 📈 #markets"
SN01174,N01174,news,2026-10-01 09:59:00,GOOGL,company,-0.902,Earnings,9.0,0.964,Alphabet cuts full-year outlook citing weak demand in what analysts call a major shock. Analysts flagged downside risks and trimmed their es
ST02674,T02674,social,2026-10-01 10:03:00,XOM,company,-0.57,Merger/Acquisition,5.2,0.985,"$XOM merger facing antitrust heat, deal at risk"
ST02675,T02675,social,2026-10-01 10:04:00,GS,company,-0.001,Other,2.0,0.996,anyone have thoughts on $GS?
SN01175,N01175,news,2026-10-01 10:11:00,NVDA,company,0.731,Merger/Acquisition,4.7,0.978,"NVIDIA completes acquisition ahead of schedule, synergies seen. Traders cited improving fundamentals and strong momentum."
ST02676,T02676,social,2026-10-01 10:16:00,PFE,company,0.509,Merger/Acquisition,3.1,0.993,"bought more $PFE on the dip, feeling good 📈 📊"
ST02677,T02677,social,2026-10-01 10:25:00,AMZN,company,-0.008,Other,1.8,0.991,anyone have thoughts on $AMZN? #trading 💬
SN01176,N01176,news,2026-10-01 10:45:00,AMZN,company,0.005,Product Launch,2.0,0.964,Amazon announces date for its next delivery service event. The development was largely expected by market participants.
ST02678,T02678,social,2026-10-01 10:48:00,BAC,company,-0.691,Product Launch,5.1,0.965,"$BAC DELAYING THE LAUNCH AGAIN, NOT GOOD #MARKETS"
ST02679,T02679,social,2026-10-01 11:24:00,NVDA,company,-0.518,Other,2.9,0.996,$NVDA getting hammered rn 📉
ST02680,T02680,social,2026-10-01 12:07:00,,market,0.49,Macroeconomic,5.8,0.976,"jobs data strong, soft landing vibes ✅ #macro"
SN01177,N01177,news,2026-10-01 12:08:00,BAC,company,-0.649,Product Launch,6.5,0.965,"Bank of America recalls digital banking app over safety defect. Investors reacted cautiously, citing uncertainty over near-term outlook."
SN01178,N01178,news,2026-10-01 12:21:00,AMZN,company,-0.767,Product Launch,6.2,0.968,"Amazon delays beverage line launch after quality issues, triggering a sharp selloff. Investors reacted cautiously, citing uncertainty over n"
ST02681,T02681,social,2026-10-01 12:38:00,NVDA,company,-0.519,Other,3.0,0.995,$NVDA getting hammered rn 📉
ST02682,T02682,social,2026-10-01 12:42:00,,market,0.606,Geopolitical,6.1,0.976,ceasefire!! risk on 🟢 #markets 📊
ST02683,T02683,social,2026-10-01 12:45:00,MSFT,company,-0.003,Other,1.9,0.996,"$MSFT flat, nothing happening"
ST02684,T02684,social,2026-10-01 12:49:00,JPM,company,0.556,Earnings,5.5,0.987,$JPM earnings beat!! EPS way above estimates 🚀
ST02685,T02685,social,2026-10-01 12:56:00,BAC,company,-0.606,Product Launch,5.2,0.983,"$BAC delaying the launch again, not good"
ST02686,T02686,social,2026-10-01 13:09:00,BAC,company,-0.055,Merger/Acquisition,5.0,0.99,$BAC acquisition could be a game changer 👀🔥
ST02687,T02687,social,2026-10-01 13:25:00,JPM,company,0.685,Credit Event,5.4,0.982,"$JPM credit upgrade, balance sheet looking healthier ✅ #stocks"
SN01179,N01179,news,2026-10-01 13:25:00,MSFT,company,-0.853,Merger/Acquisition,6.6,0.951,"Microsoft overpays for acquisition, analysts warn of dilution, triggering a sharp selloff. Investors reacted cautiously, citing uncertainty "
SN01180,N01180,news,2026-10-01 13:27:00,JPM,company,-0.596,Product Launch,4.3,0.984,"JPMorgan Chase delays trading platform launch after quality issues. Investors reacted cautiously, citing uncertainty over near-term outlook."
ST02688,T02688,social,2026-10-01 13:28:00,,market,0.482,Macroeconomic,5.7,0.974,"jobs data strong, soft landing vibes ✅ #macro"
ST02689,T02689,social,2026-10-01 13:29:00,GS,company,-0.346,Other,2.7,0.994,"sold my $GS, not liking this"
ST02690,T02690,social,2026-10-01 13:48:00,JPM,company,-0.346,Other,2.7,0.994,"sold my $JPM, not liking this"
SN01181,N01181,news,2026-10-01 14:01:00,WMT,company,0.892,Earnings,7.6,0.974,"Walmart posts record profit, with earnings per share ahead of consensus, sparking a strong rally. Investors responded positively, with analy"
SN01182,N01182,news,2026-10-01 14:16:00,GOOGL,company,-0.915,Credit Event,9.5,0.932,"Alphabet warns of covenant breach as cash flow tightens, triggering a sharp selloff. Analysts flagged downside risks and trimmed their estim"
ST02691,T02691,social,2026-10-01 14:25:00,,market,0.67,Geopolitical,6.0,0.972,"trade deal signed, finally good news 🎉"
SN01183,N01183,news,2026-10-01 14:42:00,BAC,company,-0.576,Product Launch,4.3,0.967,"Bank of America delays digital banking app launch after quality issues. Investors reacted cautiously, citing uncertainty over near-term outl"
ST02692,T02692,social,2026-10-01 14:45:00,PFE,company,-0.16,Other,3.0,0.99,$PFE breakout incoming?? 🔥 #trading
ST02693,T02693,social,2026-10-01 15:08:00,WMT,company,0.762,Credit Event,5.3,0.99,"$WMT CREDIT UPGRADE, BALANCE SHEET LOOKING HEALTHIER ✅"
ST02694,T02694,social,2026-10-01 15:10:00,BAC,company,-0.302,Other,2.0,0.996,$BAC VOLUME IS LOW TODAY
SN01184,N01184,news,2026-10-01 15:25:00,JNJ,company,0.844,Earnings,7.6,0.977,"Johnson & Johnson raises full-year guidance after a strong quarter in a landmark result. Investors responded positively, with analysts raisi"
SN01185,N01185,news,2026-10-01 15:28:00,META,company,-0.003,Earnings,2.1,0.954,Meta Platforms to report quarterly results next week. The development was largely expected by market participants.
ST02695,T02695,social,2026-10-01 15:50:00,META,company,0.009,Other,2.5,0.991,watching $META today #markets
ST02696,T02696,social,2026-10-01 16:16:00,AAPL,company,-0.185,Other,2.1,0.993,$AAPL volume is low today #markets 📊
ST02697,T02697,social,2026-10-01 16:20:00,META,company,0.806,Regulatory/Legal,4.9,0.993,$META wins approval 🎉 big relief
ST02698,T02698,social,2026-10-01 16:44:00,JPM,company,-0.002,Other,2.0,0.996,"$JPM FLAT, NOTHING HAPPENING"
SN01186,N01186,news,2026-10-01 16:52:00,,market,0.854,Geopolitical,5.7,0.917,"Trade agreement signed with partners in Eastern Europe cheers markets, sparking a strong rally. Investors responded positively, with analyst"
ST02699,T02699,social,2026-10-01 17:12:00,,market,0.575,Geopolitical,6.3,0.959,ceasefire!! risk on 🟢 #markets #stocks
ST02700,T02700,social,2026-10-01 17:34:00,JNJ,company,-0.001,Other,1.9,0.996,anyone have thoughts on $JNJ?
SN01187,N01187,news,2026-10-01 17:38:00,GS,company,0.0,Merger/Acquisition,2.2,0.961,Goldman Sachs confirms it is in talks over a possible acquisition. Analysts said it was too early to assess any lasting impact.
SN01188,N01188,news,2026-10-01 17:46:00,JPM,company,-0.772,Earnings,6.0,0.976,"JPMorgan Chase cuts full-year outlook citing weak demand. Investors reacted cautiously, citing uncertainty over near-term outlook."
SN01190,N01190,news,2026-10-01 18:05:00,GS,company,-0.92,Credit Event,10.0,0.919,Goldman Sachs warns of covenant breach as cash flow tightens in what analysts call a major shock. Analysts flagged downside risks and trimme
SN01189,N01189,news,2026-10-01 18:05:00,GOOGL,company,-0.847,Earnings,7.1,0.963,"Alphabet misses earnings expectations as margins shrink, triggering a sharp selloff. Investors reacted cautiously, citing uncertainty over n"
ST02701,T02701,social,2026-10-01 18:21:00,BAC,company,0.0,Other,2.0,0.997,watching $BAC today
ST02702,T02702,social,2026-10-01 18:40:00,GS,company,-0.001,Other,1.9,0.996,anyone have thoughts on $GS?
SN01191,N01191,news,2026-10-01 18:59:00,AAPL,company,0.892,Earnings,7.6,0.974,"Apple posts record profit, with earnings per share ahead of consensus, sparking a strong rally. Investors responded positively, with analyst"
SN01192,N01192,news,2026-10-01 19:20:00,WMT,company,0.876,Earnings,7.0,0.971,"Walmart beats quarterly earnings estimates as revenue climbs 6.8%, sparking a strong rally. Traders cited improving fundamentals and strong "
ST02703,T02703,social,2026-10-01 19:35:00,,market,0.6,Geopolitical,6.1,0.979,ceasefire!! risk on 🟢 #markets
SN01193,N01193,news,2026-10-01 19:35:00,NVDA,company,0.787,Merger/Acquisition,7.2,0.96,"NVIDIA completes acquisition ahead of schedule, synergies seen in a landmark result. Investors responded positively, with analysts raising p"
SN01194,N01194,news,2026-10-01 20:12:00,,market,0.889,Macroeconomic,6.9,0.888,"Inflation cools to 12.6%, raising hopes of rate cuts, sparking a strong rally. Traders cited improving fundamentals and strong momentum."
ST02704,T02704,social,2026-10-01 20:21:00,CVX,company,-0.514,Other,3.1,0.988,$CVX getting hammered rn 📉 #markets
ST02705,T02705,social,2026-10-01 20:24:00,WMT,company,0.506,Merger/Acquisition,3.0,0.992,"bought more $WMT on the dip, feeling good 📈 #trading"
SN01195,N01195,news,2026-10-01 20:31:00,,market,0.816,Macroeconomic,5.7,0.921,"Central bank holds rates and signals easing ahead, lifting shares. Traders cited improving fundamentals and strong momentum."
ST02706,T02706,social,2026-10-02 06:02:00,GOOGL,company,-0.743,Other,3.1,0.996,RT @user_1239: $GOOGL looks bad 😬 bearish
ST02707,T02707,social,2026-10-02 06:15:00,,market,0.49,Macroeconomic,5.8,0.976,"jobs data strong, soft landing vibes ✅ #macro 🤔"
SN01196,N01196,news,2026-10-02 06:19:00,AMZN,company,0.857,Regulatory/Legal,7.0,0.954,"Amazon wins regulatory approval for its beverage line in a landmark result. Investors responded positively, with analysts raising price targ"
ST02708,T02708,social,2026-10-02 06:20:00,JPM,company,0.411,Other,2.8,0.992,$JPM looking strong today 🚀 #stocks 👀
ST02709,T02709,social,2026-10-02 06:52:00,MSFT,company,0.5,Merger/Acquisition,2.9,0.991,"bought more $MSFT on the dip, feeling good 📈 #trading"
ST02710,T02710,social,2026-10-02 06:52:00,GS,company,-0.743,Other,3.1,0.996,$GS looks bad 😬 bearish
ST02711,T02711,social,2026-10-02 07:05:00,MSFT,company,-0.742,Other,3.1,0.996,$MSFT looks bad 😬 bearish
ST02712,T02712,social,2026-10-02 07:30:00,,market,0.606,Geopolitical,6.1,0.976,ceasefire!! risk on 🟢 #markets
ST02713,T02713,social,2026-10-02 07:32:00,META,company,-0.001,Other,2.0,0.996,anyone have thoughts on $META?
SN01197,N01197,news,2026-10-02 07:33:00,AAPL,company,-0.011,Earnings,2.2,0.94,Apple to report quarterly results next week. Analysts said it was too early to assess any lasting impact.
ST02714,T02714,social,2026-10-02 07:38:00,GS,company,0.007,Other,2.3,0.991,watching $GS today #markets 👀
ST02715,T02715,social,2026-10-02 08:03:00,,market,0.517,Macroeconomic,5.7,0.98,"cpi cooled, rate cuts soon? 📈 #Fed"
ST02716,T02716,social,2026-10-02 08:34:00,JNJ,company,0.419,Other,2.8,0.993,$JNJ looking strong today 🚀 #trading
ST02717,T02717,social,2026-10-02 08:35:00,,market,0.562,Geopolitical,5.8,0.968,ceasefire!! risk on 🟢 #markets #markets
ST02718,T02718,social,2026-10-02 08:43:00,WMT,company,-0.518,Other,2.9,0.996,$WMT getting hammered rn 📉
SN01198,N01198,news,2026-10-02 09:08:00,GOOGL,company,0.826,Merger/Acquisition,7.3,0.968,"Alphabet completes acquisition ahead of schedule, synergies seen in a landmark result. Traders cited improving fundamentals and strong momen"
ST02719,T02719,social,2026-10-02 09:13:00,NVDA,company,-0.759,Product Launch,5.2,0.986,"$NVDA product recall, yikes 😬"
SN01199,N01199,news,2026-10-02 09:15:00,,market,0.856,Macroeconomic,6.5,0.92,"Central bank holds rates and signals easing ahead, sparking a strong rally. Traders cited improving fundamentals and strong momentum."
ST02720,T02720,social,2026-10-02 09:23:00,XOM,company,0.807,Regulatory/Legal,4.9,0.991,$XOM wins approval 🎉 big relief
ST02721,T02721,social,2026-10-02 09:27:00,CVX,company,0.183,Earnings,5.5,0.982,"$CVX smashing guidance, loading up 📈"
ST02722,T02722,social,2026-10-02 09:28:00,AMZN,company,-0.659,Other,3.0,0.995,ugh $AMZN again... down bad
ST02723,T02723,social,2026-10-02 09:31:00,,market,0.49,Macroeconomic,6.0,0.979,"jobs data strong, soft landing vibes ✅ #macro"
ST02724,T02724,social,2026-10-02 10:01:00,PFE,company,-0.194,Other,2.0,0.996,$PFE volume is low today
ST02725,T02725,social,2026-10-02 10:23:00,META,company,-0.147,Other,3.2,0.996,$META breakout incoming?? 🔥
ST02726,T02726,social,2026-10-02 10:46:00,WMT,company,-0.742,Other,3.1,0.996,$WMT looks bad 😬 bearish 🤔
ST02727,T02727,social,2026-10-02 11:05:00,PFE,company,-0.147,Other,3.2,0.996,$PFE breakout incoming?? 🔥 🤔
ST02728,T02728,social,2026-10-02 11:20:00,MSFT,company,0.643,Other,2.9,0.987,"$MSFT crushing it, bullish #trading"
ST02729,T02729,social,2026-10-02 11:43:00,NVDA,company,-0.348,Other,2.8,0.994,"sold my $NVDA, not liking this 🤔"
ST02730,T02730,social,2026-10-02 11:50:00,JNJ,company,-0.348,Other,2.8,0.995,"sold my $JNJ, not liking this"
SN01200,N01200,news,2026-10-02 11:58:00,XOM,company,0.695,Earnings,5.3,0.981,"Exxon Mobil beats quarterly earnings estimates as revenue climbs 11.6%. Investors responded positively, with analysts raising price targets."
ST02731,T02731,social,2026-10-02 12:27:00,WMT,company,-0.611,Credit Event,4.9,0.968,"$WMT DOWNGRADED, SPREADS WIDENING ⚠️ #CREDIT #INVESTING"
ST02732,T02732,social,2026-10-02 12:38:00,JPM,company,0.644,Other,3.0,0.987,"$JPM crushing it, bullish #investing"
SN01201,N01201,news,2026-10-02 13:18:00,JNJ,company,0.712,Credit Event,7.0,0.956,Johnson & Johnson refinances debt at lower rates and extends maturities in a landmark result. Traders cited improving fundamentals and stron
SN01202,N01202,news,2026-10-02 13:21:00,META,company,-0.792,Earnings,6.9,0.961,"Meta Platforms cuts full-year outlook citing weak demand, sending shares lower. Investors reacted cautiously, citing uncertainty over near-t"
ST02733,T02733,social,2026-10-02 13:46:00,GS,company,-0.192,Other,1.9,0.996,$GS volume is low today
SN01203,N01203,news,2026-10-02 13:47:00,GOOGL,company,-0.795,Merger/Acquisition,5.0,0.971,"Alphabet overpays for acquisition, analysts warn of dilution. Analysts flagged downside risks and trimmed their estimates."
ST02734,T02734,social,2026-10-02 14:00:00,,market,0.606,Geopolitical,6.1,0.976,ceasefire!! risk on 🟢 #markets
ST02735,T02735,social,2026-10-02 15:19:00,KO,company,-0.347,Other,2.9,0.992,"sold my $KO, not liking this #stocks"
ST02736,T02736,social,2026-10-02 15:37:00,AAPL,company,0.289,Merger/Acquisition,3.1,0.989,"bought more $AAPL on the dip, feeling good 📈 #markets 🔥"
ST02737,T02737,social,2026-10-02 15:54:00,,market,0.596,Geopolitical,6.0,0.98,CEASEFIRE!! RISK ON 🟢 #MARKETS
ST02738,T02738,social,2026-10-02 16:11:00,AAPL,company,0.071,Product Launch,5.4,0.982,$AAPL NEW LAUNCH LOOKS 🔥 EARLY DEMAND IS HUGE #MARKETS
ST02739,T02739,social,2026-10-02 16:16:00,MSFT,company,0.437,Other,3.0,0.994,$MSFT looking strong today 🚀 💬
ST02740,T02740,social,2026-10-02 16:31:00,JPM,company,-0.15,Other,3.1,0.996,$JPM breakout incoming?? 🔥
ST02741,T02741,social,2026-10-02 16:35:00,AAPL,company,-0.002,Other,1.9,0.996,watching $AAPL today
ST02742,T02742,social,2026-10-02 16:48:00,,market,0.669,Geopolitical,6.0,0.969,"trade deal signed, finally good news 🎉"
ST02743,T02743,social,2026-10-02 16:52:00,,market,0.488,Macroeconomic,6.0,0.98,"jobs data strong, soft landing vibes ✅ #macro 📊"
ST02744,T02744,social,2026-10-02 16:57:00,NVDA,company,-0.652,Other,3.0,0.992,ugh $NVDA again... down bad #trading
SN01204,N01204,news,2026-10-02 16:59:00,,market,0.853,Macroeconomic,5.6,0.838,"Strong jobs report boosts growth outlook, sparking a strong rally. Investors responded positively, with analysts raising price targets."
ST02745,T02745,social,2026-10-02 17:25:00,GS,company,-0.659,Other,3.0,0.995,ugh $GS again... down bad
ST02746,T02746,social,2026-10-02 17:36:00,META,company,-0.156,Other,3.3,0.991,$META breakout incoming?? 🔥 #stocks
ST02747,T02747,social,2026-10-02 17:39:00,,market,0.661,Geopolitical,5.8,0.981,"trade deal signed, finally good news 🎉 #markets"
SN01205,N01205,news,2026-10-02 17:40:00,BAC,company,0.685,Merger/Acquisition,5.6,0.966,"Bank of America to acquire a rival in a $26bn deal expected to boost margins. Investors responded positively, with analysts raising price ta"
ST02749,T02749,social,2026-10-02 17:59:00,PFE,company,-0.002,Other,2.0,0.996,"RT @user_4745: $PFE flat, nothing happening"
ST02748,T02748,social,2026-10-02 17:59:00,BAC,company,-0.001,Other,2.0,0.996,"$BAC flat, nothing happening"
SN01206,N01206,news,2026-10-02 18:00:00,,market,0.759,Geopolitical,4.5,0.957,"Trade agreement signed with partners in North Africa cheers markets. Investors responded positively, with analysts raising price targets."
SN01207,N01207,news,2026-10-02 18:08:00,AAPL,company,0.875,Earnings,6.8,0.972,"Apple raises full-year guidance after a strong quarter, sparking a strong rally. Traders cited improving fundamentals and strong momentum."
ST02750,T02750,social,2026-10-02 18:40:00,GOOGL,company,0.174,Earnings,5.3,0.971,"$GOOGL smashing guidance, loading up 📈 #stocks"
ST02751,T02751,social,2026-10-02 18:42:00,GS,company,-0.658,Regulatory/Legal,4.4,0.985,"$GS under investigation, this could get ugly"
ST02752,T02752,social,2026-10-02 18:43:00,AMZN,company,-0.003,Other,1.9,0.996,"$AMZN FLAT, NOTHING HAPPENING"
ST02753,T02753,social,2026-10-02 18:45:00,NVDA,company,-0.496,Other,2.6,0.988,$NVDA getting hammered rn 📉 #investing 📊
SN01208,N01208,news,2026-10-02 18:50:00,AAPL,company,-0.001,Earnings,2.1,0.961,Apple earnings come in line with analyst expectations. The development was largely expected by market participants.
ST02754,T02754,social,2026-10-02 18:54:00,CVX,company,-0.313,Other,3.2,0.991,$CVX breakout incoming?? 🔥 #trading 🔥
ST02755,T02755,social,2026-10-02 19:15:00,AMZN,company,0.001,Other,1.9,0.996,anyone have thoughts on $AMZN?
ST02756,T02756,social,2026-10-02 19:36:00,WMT,company,-0.658,Other,2.9,0.995,ugh $WMT again... down bad
SN01209,N01209,news,2026-10-02 19:50:00,NVDA,company,0.766,Product Launch,4.0,0.959,"NVIDIA launches developer toolkit to strong reviews, lifting shares. Investors responded positively, with analysts raising price targets."
SN01210,N01210,news,2026-10-02 19:56:00,CVX,company,0.812,Earnings,5.9,0.978,"Chevron beats quarterly earnings estimates as revenue climbs 5.6%, lifting shares. Investors responded positively, with analysts raising pri"
ST02757,T02757,social,2026-10-02 20:12:00,KO,company,-0.351,Other,3.1,0.993,"sold my $KO, not liking this #trading"
ST02758,T02758,social,2026-10-02 20:20:00,JPM,company,0.541,Earnings,5.5,0.977,$JPM earnings beat!! EPS way above estimates 🚀 #trading
ST02759,T02759,social,2026-10-02 20:24:00,NVDA,company,0.665,Other,2.9,0.994,"$NVDA crushing it, bullish 💬"
SN01211,N01211,news,2026-10-02 20:42:00,AAPL,company,0.863,Merger/Acquisition,7.2,0.947,"Apple to acquire a rival in a $10bn deal expected to boost margins, sparking a strong rally. Traders cited improving fundamentals and strong"
ST02760,T02760,social,2026-10-02 20:53:00,BAC,company,-0.425,Other,2.8,0.995,"SOLD MY $BAC, NOT LIKING THIS 👀"
ST02761,T02761,social,2026-10-02 20:55:00,CVX,company,-0.001,Other,2.0,0.996,"$CVX flat, nothing happening"
